기준일,광물종합지수,메이저금속지수,희유금속지수,에너지광물지수,Close,기준가격,시장전망지표,수급안정화지수,수출 중량,수출 금액,수입 중량,수입 금액,무역수지
2021-06-09,2407.51,2494.11,1682.47,2193.115993,1116.8900146484375,1445.0,49.37,47.48,0.3,15.0,7806.1,19856.0,-19841.0
2021-06-10,2436.46,2523.49,1682.47,2227.469874,1116.4100341796875,1445.0,49.37,47.48,0.3,15.0,7806.1,19856.0,-19841.0
2021-06-11,2452.92,2519.4,1682.47,2284.482995,1111.260009765625,1445.0,49.37,47.48,0.3,15.0,7806.1,19856.0,-19841.0
2021-06-14,2498.37,2567.59,1741.94,2315.536776,1115.550048828125,1445.0,49.37,47.48,0.3,15.0,7806.1,19856.0,-19841.0
2021-06-15,2496.55,2564.67,1741.94,2315.536776,1116.3199462890625,1445.0,49.37,47.48,0.3,15.0,7806.1,19856.0,-19841.0
2021-06-16,2466.15,2519.22,1741.94,2306.966766,1116.030029296875,1445.0,49.37,47.48,0.3,15.0,7806.1,19856.0,-19841.0
2021-06-17,2465.57,2507.49,1741.94,2327.100894,1131.949951171875,1445.0,49.37,47.48,0.3,15.0,7806.1,19856.0,-19841.0
2021-06-18,2460.79,2487.11,1741.94,2350.93189,1133.5400390625,1445.0,49.37,47.48,0.3,15.0,7806.1,19856.0,-19841.0
2021-06-21,2453.78,2458.01,1805.05,2365.439305,1134.25,1445.0,49.37,47.48,0.3,15.0,7806.1,19856.0,-19841.0
2021-06-22,2421.02,2414.76,1805.05,2346.259106,1130.3399658203125,1445.0,49.37,47.48,0.3,15.0,7806.1,19856.0,-19841.0
2021-06-23,2429.37,2417.76,1805.05,2366.351091,1132.510009765625,1445.0,49.37,47.48,0.3,15.0,7806.1,19856.0,-19841.0
2021-06-24,2459.44,2444.4,1805.05,2409.583868,1132.6099853515625,1445.0,49.37,47.48,0.3,15.0,7806.1,19856.0,-19841.0
2021-06-25,2489.13,2468.55,1805.05,2456.687567,1130.800048828125,1445.0,49.37,47.48,0.3,15.0,7806.1,19856.0,-19841.0
2021-06-28,2513.63,2491.65,1805.42,2487.719341,1125.3399658203125,1445.0,49.37,47.48,0.3,15.0,7806.1,19856.0,-19841.0
2021-06-29,2493.11,2492.77,1805.42,2418.852523,1129.0400390625,1445.0,49.37,47.48,0.3,15.0,7806.1,19856.0,-19841.0
2021-06-30,2502.32,2507.11,1805.42,2419.919773,1130.510009765625,1445.0,49.37,47.48,0.3,15.0,7806.1,19856.0,-19841.0
2021-07-01,2494.02,2514.1,1805.42,2375.352105,1129.5999755859375,1445.0,35.94,34.55,2.1,15.0,6668.8,17687.0,-17672.0
2021-07-02,2493.49,2498.48,1805.42,2407.809197,1132.4100341796875,1445.0,35.94,34.55,2.1,15.0,6668.8,17687.0,-17672.0
2021-07-05,2502.96,2503.77,1807.76,2428.008622,1129.77001953125,1445.0,35.94,34.55,2.1,15.0,6668.8,17687.0,-17672.0
2021-07-06,2544.85,2543.48,1807.76,2484.841746,1129.43994140625,1445.0,35.94,34.55,2.1,15.0,6668.8,17687.0,-17672.0
2021-07-07,2541.78,2565.22,1807.76,2424.752331,1135.47998046875,1445.0,35.94,34.55,2.1,15.0,6668.8,17687.0,-17672.0
2021-07-08,2520.21,2546.72,1807.76,2391.300283,1140.52001953125,1445.0,35.94,34.55,2.1,15.0,6668.8,17687.0,-17672.0
2021-07-09,2498.54,2499.94,1807.76,2419.27625,1146.280029296875,1445.0,35.94,34.55,2.1,15.0,6668.8,17687.0,-17672.0
2021-07-12,2483.04,2517.43,1831.07,2317.302269,1144.31005859375,1435.0,35.94,34.55,2.1,15.0,6668.8,17687.0,-17672.0
2021-07-13,2481.49,2507.13,1831.07,2334.107733,1141.0999755859375,1435.0,35.94,34.55,2.1,15.0,6668.8,17687.0,-17672.0
2021-07-14,2514.99,2525.44,1831.07,2407.953572,1148.699951171875,1435.0,35.94,34.55,2.1,15.0,6668.8,17687.0,-17672.0
2021-07-15,2538.23,2535.96,1831.07,2464.741093,1143.4100341796875,1435.0,35.94,34.55,2.1,15.0,6668.8,17687.0,-17672.0
2021-07-16,2547.13,2537.77,1831.07,2491.772046,1140.1199951171875,1435.0,35.94,34.55,2.1,15.0,6668.8,17687.0,-17672.0
2021-07-19,2578.96,2558.63,1830.13,2556.635952,1141.5,1455.0,35.94,34.55,2.1,15.0,6668.8,17687.0,-17672.0
2021-07-20,2558.31,2517.42,1830.13,2578.590969,1150.0699462890625,1455.0,35.94,34.55,2.1,15.0,6668.8,17687.0,-17672.0
2021-07-21,2547.51,2510.53,1830.13,2555.761489,1147.47998046875,1455.0,35.94,34.55,2.1,15.0,6668.8,17687.0,-17672.0
2021-07-22,2548.88,2507.02,1830.13,2569.022356,1148.68994140625,1455.0,35.94,34.55,2.1,15.0,6668.8,17687.0,-17672.0
2021-07-23,2533.77,2501.36,1830.13,2527.709059,1149.9100341796875,1455.0,35.94,34.55,2.1,15.0,6668.8,17687.0,-17672.0
2021-07-26,2545.53,2514.58,1838.86,2535.536265,1151.1199951171875,1475.0,35.94,34.55,2.1,15.0,6668.8,17687.0,-17672.0
2021-07-27,2572.04,2537.52,1838.86,2576.89248,1151.760009765625,1475.0,35.94,34.55,2.1,15.0,6668.8,17687.0,-17672.0
2021-07-28,2577.71,2538.39,1838.86,2595.252382,1153.56005859375,1475.0,35.94,34.55,2.1,15.0,6668.8,17687.0,-17672.0
2021-07-29,2587.24,2542.29,1838.86,2620.553292,1149.4100341796875,1475.0,35.94,34.55,2.1,15.0,6668.8,17687.0,-17672.0
2021-07-30,2604.02,2557.98,1838.86,2644.158435,1142.1199951171875,1475.0,35.94,34.55,2.1,15.0,6668.8,17687.0,-17672.0
2021-08-02,2610.78,2543.6,1914.58,2673.203031,1150.9300537109375,1495.0,32.99,31.72,3.3,56.0,8070.6,23478.0,-23422.0
2021-08-03,2609.22,2544.33,1914.58,2665.670605,1149.56005859375,1495.0,32.99,31.72,3.3,56.0,8070.6,23478.0,-23422.0
2021-08-04,2591.61,2525.44,1914.58,2646.86081,1148.5799560546875,1495.0,32.99,31.72,3.3,56.0,8070.6,23478.0,-23422.0
2021-08-05,2593.79,2516.58,1914.58,2676.439804,1144.06005859375,1495.0,32.99,31.72,3.3,56.0,8070.6,23478.0,-23422.0
2021-08-06,2579.17,2472.15,1914.58,2731.868014,1143.1199951171875,1495.0,32.99,31.72,3.3,56.0,8070.6,23478.0,-23422.0
2021-08-09,2608.6,2488.82,1962.7,2782.254827,1144.9200439453125,1515.0,32.99,31.72,3.3,56.0,8070.6,23478.0,-23422.0
2021-08-10,2600.33,2439.91,1962.7,2877.484354,1145.8900146484375,1515.0,32.99,31.72,3.3,56.0,8070.6,23478.0,-23422.0
2021-08-11,2583.19,2425.78,1962.7,2847.914872,1152.47998046875,1515.0,32.99,31.72,3.3,56.0,8070.6,23478.0,-23422.0
2021-08-12,2588.32,2443.22,1962.7,2820.69045,1152.8499755859375,1515.0,32.99,31.72,3.3,56.0,8070.6,23478.0,-23422.0
2021-08-13,2607.99,2455.74,1962.7,2864.277997,1162.06005859375,1515.0,32.99,31.72,3.3,56.0,8070.6,23478.0,-23422.0
2021-08-16,2611.0,2452.16,2041.3,2854.110341,1161.3800048828125,1535.0,32.99,31.72,3.3,56.0,8070.6,23478.0,-23422.0
2021-08-17,2623.61,2461.41,2041.3,2878.7109,1164.5,1535.0,32.99,31.72,3.3,56.0,8070.6,23478.0,-23422.0
2021-08-18,2601.48,2447.03,2041.3,2830.373006,1176.449951171875,1535.0,32.99,31.72,3.3,56.0,8070.6,23478.0,-23422.0
2021-08-19,2577.31,2398.32,2041.3,2866.540809,1169.6800537109375,1535.0,32.99,31.72,3.3,56.0,8070.6,23478.0,-23422.0
2021-08-20,2483.06,2275.37,2041.3,2830.481325,1175.3900146484375,1535.0,32.99,31.72,3.3,56.0,8070.6,23478.0,-23422.0
2021-08-23,2510.76,2322.36,2099.66,2785.941749,1174.239990234375,1575.0,32.99,31.72,3.3,56.0,8070.6,23478.0,-23422.0
2021-08-24,2538.97,2341.52,2099.66,2845.26604,1167.6099853515625,1575.0,32.99,31.72,3.3,56.0,8070.6,23478.0,-23422.0
2021-08-25,2596.59,2394.62,2099.66,2927.846294,1163.469970703125,1575.0,32.99,31.72,3.3,56.0,8070.6,23478.0,-23422.0
2021-08-26,2620.76,2416.42,2099.66,2964.029745,1163.3299560546875,1575.0,32.99,31.72,3.3,56.0,8070.6,23478.0,-23422.0
2021-08-27,2629.34,2416.7,2099.66,2998.172553,1170.0,1575.0,32.99,31.72,3.3,56.0,8070.6,23478.0,-23422.0
2021-08-30,2660.73,2447.51,2154.23,3016.603809,1161.3299560546875,1595.0,32.99,31.72,3.3,56.0,8070.6,23478.0,-23422.0
2021-08-31,2662.62,2444.34,2154.23,3033.416828,1165.510009765625,1595.0,32.99,31.72,3.3,56.0,8070.6,23478.0,-23422.0
2021-09-01,2676.1,2455.73,2154.23,3055.842997,1158.4100341796875,1595.0,19.87,19.11,10.3,59.0,6145.4,25034.0,-24975.0
2021-09-02,2641.07,2392.1,2154.23,3095.757664,1155.280029296875,1595.0,19.87,19.11,10.3,59.0,6145.4,25034.0,-24975.0
2021-09-03,2658.01,2394.15,2154.23,3161.084394,1157.1300048828125,1595.0,19.87,19.11,10.3,59.0,6145.4,25034.0,-24975.0
2021-09-06,2684.49,2405.72,2218.06,3212.962204,1154.75,1735.0,19.87,19.11,10.3,59.0,6145.4,25034.0,-24975.0
2021-09-07,2668.41,2375.19,2218.06,3238.357383,1155.5400390625,1735.0,19.87,19.11,10.3,59.0,6145.4,25034.0,-24975.0
2021-09-08,2680.22,2389.91,2218.06,3243.380062,1161.0,1735.0,19.87,19.11,10.3,59.0,6145.4,25034.0,-24975.0
2021-09-09,2672.46,2373.44,2218.06,3261.448,1166.489990234375,1735.0,19.87,19.11,10.3,59.0,6145.4,25034.0,-24975.0
2021-09-10,2687.38,2387.02,2218.06,3283.668301,1169.1300048828125,1735.0,19.87,19.11,10.3,59.0,6145.4,25034.0,-24975.0
2021-09-13,2733.66,2420.01,2316.03,3341.625419,1169.3800048828125,1765.0,19.87,19.11,10.3,59.0,6145.4,25034.0,-24975.0
2021-09-14,2727.33,2404.78,2316.03,3362.603487,1171.1099853515625,1765.0,19.87,19.11,10.3,59.0,6145.4,25034.0,-24975.0
2021-09-15,2678.34,2349.07,2316.03,3326.103242,1170.800048828125,1765.0,19.87,19.11,10.3,59.0,6145.4,25034.0,-24975.0
2021-09-16,2670.9,2337.81,2316.03,3329.842706,1165.219970703125,1765.0,19.87,19.11,10.3,59.0,6145.4,25034.0,-24975.0
2021-09-17,2627.35,2288.54,2316.03,3297.411589,1174.4200439453125,1765.0,19.87,19.11,10.3,59.0,6145.4,25034.0,-24975.0
2021-09-20,2638.48,2280.24,2411.36,3337.811379,1181.1099853515625,1765.0,19.87,19.11,10.3,59.0,6145.4,25034.0,-24975.0
2021-09-21,2572.47,2184.62,2411.36,3362.248059,1186.3199462890625,1765.0,19.87,19.11,10.3,59.0,6145.4,25034.0,-24975.0
2021-09-22,2568.79,2184.37,2411.36,3345.817516,1182.9200439453125,1765.0,19.87,19.11,10.3,59.0,6145.4,25034.0,-24975.0
2021-09-23,2665.2,2283.08,2411.36,3446.706322,1181.030029296875,1765.0,19.87,19.11,10.3,59.0,6145.4,25034.0,-24975.0
2021-09-24,2704.06,2297.02,2411.36,3578.743903,1174.699951171875,1765.0,19.87,19.11,10.3,59.0,6145.4,25034.0,-24975.0
2021-09-27,2718.9,2310.47,2490.5,3568.230226,1179.199951171875,2335.0,19.87,19.11,10.3,59.0,6145.4,25034.0,-24975.0
2021-09-28,2780.85,2347.11,2490.5,3729.441066,1176.9599609375,2335.0,19.87,19.11,10.3,59.0,6145.4,25034.0,-24975.0
2021-09-29,2766.0,2310.0,2490.5,3794.716359,1186.8900146484375,2335.0,19.87,19.11,10.3,59.0,6145.4,25034.0,-24975.0
2021-09-30,2785.21,2318.2,2490.5,3858.290069,1187.4300537109375,2335.0,19.87,19.11,10.3,59.0,6145.4,25034.0,-24975.0
2021-10-01,2773.67,2304.04,2490.5,3855.465447,1183.719970703125,2335.0,2.73,2.63,39.1,240.0,5394.7,24530.0,-24290.0
2021-10-04,2801.9,2297.9,2658.27,3948.531138,1180.0,2335.0,2.73,2.63,39.1,240.0,5394.7,24530.0,-24290.0
2021-10-05,2871.47,2323.32,2658.27,4199.992657,1183.780029296875,2335.0,2.73,2.63,39.1,240.0,5394.7,24530.0,-24290.0
2021-10-06,2903.94,2307.91,2658.27,4435.604466,1187.1700439453125,2335.0,2.73,2.63,39.1,240.0,5394.7,24530.0,-24290.0
2021-10-07,2823.03,2309.53,2658.27,3983.583046,1191.3800048828125,2335.0,2.73,2.63,39.1,240.0,5394.7,24530.0,-24290.0
2021-10-08,2823.66,2324.36,2658.27,3927.331424,1191.1500244140625,2335.0,2.73,2.63,39.1,240.0,5394.7,24530.0,-24290.0
2021-10-11,2860.25,2371.28,2668.33,3922.334533,1195.5799560546875,2505.0,2.73,2.63,39.1,240.0,5394.7,24530.0,-24290.0
2021-10-12,2994.41,2481.41,2668.33,4161.534911,1195.800048828125,2505.0,2.73,2.63,39.1,240.0,5394.7,24530.0,-24290.0
2021-10-13,3015.55,2470.63,2668.33,4309.249994,1196.8900146484375,2505.0,2.73,2.63,39.1,240.0,5394.7,24530.0,-24290.0
2021-10-14,3007.4,2472.11,2668.33,4261.347698,1186.7099609375,2505.0,2.73,2.63,39.1,240.0,5394.7,24530.0,-24290.0
2021-10-15,3044.02,2526.23,2668.33,4231.519888,1182.1300048828125,2505.0,2.73,2.63,39.1,240.0,5394.7,24530.0,-24290.0
2021-10-18,3086.64,2589.23,2729.37,4172.874086,1181.7900390625,2505.0,2.73,2.63,39.1,240.0,5394.7,24530.0,-24290.0
2021-10-19,3073.75,2592.1,2729.37,4099.376487,1185.6800537109375,2505.0,2.73,2.63,39.1,240.0,5394.7,24530.0,-24290.0
2021-10-20,3045.63,2595.01,2729.37,3953.733357,1175.6500244140625,2505.0,2.73,2.63,39.1,240.0,5394.7,24530.0,-24290.0
2021-10-21,2961.04,2525.35,2729.37,3804.887731,1174.5899658203125,2505.0,2.73,2.63,39.1,240.0,5394.7,24530.0,-24290.0
2021-10-22,2817.94,2480.0,2729.37,3301.688441,1176.550048828125,2505.0,2.73,2.63,39.1,240.0,5394.7,24530.0,-24290.0
2021-10-25,2837.52,2468.72,2804.61,3393.909454,1176.5400390625,2495.0,2.73,2.63,39.1,240.0,5394.7,24530.0,-24290.0
2021-10-26,2875.98,2466.62,2804.61,3566.216498,1167.06005859375,2495.0,2.73,2.63,39.1,240.0,5394.7,24530.0,-24290.0
2021-10-27,2869.24,2454.41,2804.61,3577.118776,1167.3299560546875,2495.0,2.73,2.63,39.1,240.0,5394.7,24530.0,-24290.0
2021-10-28,2774.2,2393.26,2804.61,3357.565324,1172.1700439453125,2495.0,2.73,2.63,39.1,240.0,5394.7,24530.0,-24290.0
2021-10-29,2696.18,2366.36,2804.61,3105.354499,1167.3699951171875,2495.0,2.73,2.63,39.1,240.0,5394.7,24530.0,-24290.0
2021-11-01,2614.23,2341.19,2820.84,2837.303345,1174.3800048828125,2365.0,1.75,1.68,0.4,19.0,9058.5,51159.0,-51140.0
2021-11-02,2555.86,2320.57,2820.84,2667.345258,1176.5699462890625,2365.0,1.75,1.68,0.4,19.0,9058.5,51159.0,-51140.0
2021-11-03,2513.57,2267.13,2820.84,2651.11042,1178.0400390625,2365.0,1.75,1.68,0.4,19.0,9058.5,51159.0,-51140.0
2021-11-04,2613.69,2296.32,2820.84,2951.937897,1179.3399658203125,2365.0,1.75,1.68,0.4,19.0,9058.5,51159.0,-51140.0
2021-11-05,2583.23,2275.17,2820.84,2891.25916,1185.8299560546875,2365.0,1.75,1.68,0.4,19.0,9058.5,51159.0,-51140.0
2021-11-08,2519.6,2189.79,2801.67,2892.293512,1180.5,2265.0,1.75,1.68,0.4,19.0,9058.5,51159.0,-51140.0
2021-11-09,2570.27,2216.63,2801.67,3019.328699,1199.8599853515625,2265.0,1.75,1.68,0.4,19.0,9058.5,51159.0,-51140.0
2021-11-10,2561.42,2232.35,2801.67,2932.185128,1177.5,2265.0,1.75,1.68,0.4,19.0,9058.5,51159.0,-51140.0
2021-11-11,2496.75,2188.83,2801.67,2798.482766,1184.1400146484375,2265.0,1.75,1.68,0.4,19.0,9058.5,51159.0,-51140.0
2021-11-12,2541.76,2239.73,2801.67,2828.943441,1183.1099853515625,2265.0,1.75,1.68,0.4,19.0,9058.5,51159.0,-51140.0
2021-11-15,2527.25,2229.94,2843.66,2787.756915,1179.1099853515625,2015.0,1.75,1.68,0.4,19.0,9058.5,51159.0,-51140.0
2021-11-16,2507.21,2225.56,2843.66,2720.899249,1183.510009765625,2015.0,1.75,1.68,0.4,19.0,9058.5,51159.0,-51140.0
2021-11-17,2495.1,2202.02,2843.66,2740.437351,1184.050048828125,2015.0,1.75,1.68,0.4,19.0,9058.5,51159.0,-51140.0
2021-11-18,2487.83,2193.87,2843.66,2735.252212,1181.22998046875,2015.0,1.75,1.68,0.4,19.0,9058.5,51159.0,-51140.0
2021-11-19,2473.06,2157.89,2843.66,2780.998975,1182.9000244140625,2015.0,1.75,1.68,0.4,19.0,9058.5,51159.0,-51140.0
2021-11-22,2519.13,2210.38,2848.79,2808.984332,1191.6300048828125,1935.0,1.75,1.68,0.4,19.0,9058.5,51159.0,-51140.0
2021-11-23,2569.47,2243.13,2848.79,2914.343809,1189.5,1935.0,1.75,1.68,0.4,19.0,9058.5,51159.0,-51140.0
2021-11-24,2639.72,2293.91,2848.79,3047.972348,1189.949951171875,1935.0,1.75,1.68,0.4,19.0,9058.5,51159.0,-51140.0
2021-11-25,2694.7,2320.62,2848.79,3194.04153,1187.8800048828125,1935.0,1.75,1.68,0.4,19.0,9058.5,51159.0,-51140.0
2021-11-26,2719.05,2334.34,2848.79,3254.07579,1190.219970703125,1935.0,1.75,1.68,0.4,19.0,9058.5,51159.0,-51140.0
2021-11-29,2623.53,2242.62,2865.76,3134.150094,1194.6099853515625,1715.0,1.75,1.68,0.4,19.0,9058.5,51159.0,-51140.0
2021-11-30,2614.14,2297.73,2865.76,2914.917707,1190.739990234375,1715.0,1.75,1.68,0.4,19.0,9058.5,51159.0,-51140.0
2021-12-01,2541.77,2279.83,2865.76,2677.183836,1182.8599853515625,1715.0,2.54,2.44,0.2,14.0,8701.1,57227.0,-57213.0
2021-12-02,2591.56,2293.91,2865.76,2827.557095,1177.1099853515625,1715.0,2.54,2.44,0.2,14.0,8701.1,57227.0,-57213.0
2021-12-03,2582.83,2269.65,2865.76,2862.69579,1176.77001953125,1715.0,2.54,2.44,0.2,14.0,8701.1,57227.0,-57213.0
2021-12-06,2567.71,2268.22,2877.61,2803.314534,1183.1400146484375,1665.0,2.54,2.44,0.2,14.0,8701.1,57227.0,-57213.0
2021-12-07,2540.28,2252.07,2877.61,2741.867109,1180.56005859375,1665.0,2.54,2.44,0.2,14.0,8701.1,57227.0,-57213.0
2021-12-08,2608.2,2313.87,2877.61,2831.012199,1176.8399658203125,1665.0,2.54,2.44,0.2,14.0,8701.1,57227.0,-57213.0
2021-12-09,2636.94,2313.89,2877.61,2943.253783,1172.56005859375,1665.0,2.54,2.44,0.2,14.0,8701.1,57227.0,-57213.0
2021-12-10,2632.72,2307.08,2877.61,2946.411721,1177.3299560546875,1665.0,2.54,2.44,0.2,14.0,8701.1,57227.0,-57213.0
2021-12-13,2636.0,2296.12,2919.76,2980.145357,1178.969970703125,1615.0,2.54,2.44,0.2,14.0,8701.1,57227.0,-57213.0
2021-12-14,2673.44,2341.96,2919.76,2994.35085,1185.0999755859375,1615.0,2.54,2.44,0.2,14.0,8701.1,57227.0,-57213.0
2021-12-15,2672.39,2316.17,2919.76,3066.693619,1184.22998046875,1615.0,2.54,2.44,0.2,14.0,8701.1,57227.0,-57213.0
2021-12-16,2646.85,2281.27,2919.76,3068.497682,1184.4000244140625,1615.0,2.54,2.44,0.2,14.0,8701.1,57227.0,-57213.0
2021-12-17,2722.59,2339.78,2919.76,3201.822483,1186.1500244140625,1615.0,2.54,2.44,0.2,14.0,8701.1,57227.0,-57213.0
2021-12-20,2760.43,2374.8,2967.51,3236.157931,1186.3900146484375,1615.0,2.54,2.44,0.2,14.0,8701.1,57227.0,-57213.0
2021-12-21,2769.44,2368.17,2967.51,3295.186062,1190.1199951171875,1615.0,2.54,2.44,0.2,14.0,8701.1,57227.0,-57213.0
2021-12-22,2796.79,2407.28,2967.51,3285.951927,1191.27001953125,1615.0,2.54,2.44,0.2,14.0,8701.1,57227.0,-57213.0
2021-12-23,2809.23,2436.45,2967.51,3246.082835,1187.77001953125,1615.0,2.54,2.44,0.2,14.0,8701.1,57227.0,-57213.0
2021-12-24,2801.47,2452.03,2967.51,3165.598215,1185.5,1615.0,2.54,2.44,0.2,14.0,8701.1,57227.0,-57213.0
2021-12-27,2818.83,2460.2,3050.71,3187.08821,1185.9200439453125,1615.0,2.54,2.44,0.2,14.0,8701.1,57227.0,-57213.0
2021-12-28,2803.46,2445.03,3050.71,3170.198335,1185.6500244140625,1615.0,2.54,2.44,0.2,14.0,8701.1,57227.0,-57213.0
2021-12-29,2771.69,2427.98,3050.71,3092.225321,1187.8499755859375,1615.0,2.54,2.44,0.2,14.0,8701.1,57227.0,-57213.0
2021-12-30,2734.57,2422.73,3050.71,2958.687539,1183.6700439453125,1615.0,2.54,2.44,0.2,14.0,8701.1,57227.0,-57213.0
2021-12-31,2732.84,2436.65,3050.71,2912.464687,1189.8900146484375,1615.0,2.54,2.44,0.2,14.0,8701.1,57227.0,-57213.0
2022-01-03,2743.5,2440.37,3160.46,2914.002453,1187.780029296875,1635.0,16.46,15.83,26719.4,1102.0,9504.4,61517.0,-60415.0
2022-01-04,2767.37,2447.37,3160.46,2985.805799,1194.6800537109375,1635.0,16.46,15.83,26719.4,1102.0,9504.4,61517.0,-60415.0
2022-01-05,2788.91,2448.23,3160.46,3067.071322,1196.5,1635.0,16.46,15.83,26719.4,1102.0,9504.4,61517.0,-60415.0
2022-01-06,2811.66,2474.14,3160.46,3081.732538,1199.25,1635.0,16.46,15.83,26719.4,1102.0,9504.4,61517.0,-60415.0
2022-01-07,2875.72,2480.65,3160.46,3315.621184,1205.780029296875,1635.0,16.46,15.83,26719.4,1102.0,9504.4,61517.0,-60415.0
2022-01-10,2875.85,2495.31,3210.78,3256.041025,1196.8800048828125,1635.0,16.46,15.83,26719.4,1102.0,9504.4,61517.0,-60415.0
2022-01-11,2858.53,2497.15,3210.78,3179.843181,1198.0899658203125,1635.0,16.46,15.83,26719.4,1102.0,9504.4,61517.0,-60415.0
2022-01-12,2861.43,2511.75,3210.78,3148.306054,1189.4300537109375,1635.0,16.46,15.83,26719.4,1102.0,9504.4,61517.0,-60415.0
2022-01-13,2928.59,2573.74,3210.78,3233.82395,1185.8800048828125,1635.0,16.46,15.83,26719.4,1102.0,9504.4,61517.0,-60415.0
2022-01-14,2977.1,2566.33,3210.78,3448.245438,1186.6099853515625,1635.0,16.46,15.83,26719.4,1102.0,9504.4,61517.0,-60415.0
2022-01-17,2995.19,2546.1,3327.35,3552.09181,1188.9599609375,1685.0,16.46,15.83,26719.4,1102.0,9504.4,61517.0,-60415.0
2022-01-18,3016.31,2522.15,3327.35,3719.840262,1190.06005859375,1685.0,16.46,15.83,26719.4,1102.0,9504.4,61517.0,-60415.0
2022-01-19,3023.56,2535.95,3327.35,3704.731919,1192.97998046875,1685.0,16.46,15.83,26719.4,1102.0,9504.4,61517.0,-60415.0
2022-01-20,3053.12,2569.34,3327.35,3721.867062,1188.1600341796875,1685.0,16.46,15.83,26719.4,1102.0,9504.4,61517.0,-60415.0
2022-01-21,3071.47,2625.37,3327.35,3613.917928,1192.4300537109375,1685.0,16.46,15.83,26719.4,1102.0,9504.4,61517.0,-60415.0
2022-01-24,3110.78,2636.43,3455.77,3706.373904,1191.5,1685.0,16.46,15.83,26719.4,1102.0,9504.4,61517.0,-60415.0
2022-01-25,3086.86,2591.11,3455.77,3751.709363,1195.6600341796875,1685.0,16.46,15.83,26719.4,1102.0,9504.4,61517.0,-60415.0
2022-01-26,3102.53,2602.95,3455.77,3780.428586,1196.0999755859375,1685.0,16.46,15.83,26719.4,1102.0,9504.4,61517.0,-60415.0
2022-01-27,3155.9,2635.32,3455.77,3905.348402,1200.6300048828125,1685.0,16.46,15.83,26719.4,1102.0,9504.4,61517.0,-60415.0
2022-01-28,3141.16,2630.4,3455.77,3856.622729,1203.4599609375,1685.0,16.46,15.83,26719.4,1102.0,9504.4,61517.0,-60415.0
2022-01-31,3155.46,2647.56,3544.16,3834.072139,1207.7099609375,1685.0,16.46,15.83,26719.4,1102.0,9504.4,61517.0,-60415.0
2022-02-01,3136.18,2633.95,3544.16,3795.501631,1205.1199951171875,1685.0,17.07,16.41,3.4,49.0,9969.1,64278.0,-64229.0
2022-02-02,3127.02,2637.42,3544.16,3743.976388,1202.5,1685.0,17.07,16.41,3.4,49.0,9969.1,64278.0,-64229.0
2022-02-03,3137.55,2644.42,3544.16,3766.303012,1199.9599609375,1685.0,17.07,16.41,3.4,49.0,9969.1,64278.0,-64229.0
2022-02-04,3133.95,2636.68,3544.16,3776.318067,1200.3299560546875,1685.0,17.07,16.41,3.4,49.0,9969.1,64278.0,-64229.0
2022-02-07,3162.29,2652.1,3574.39,3839.025489,1197.0899658203125,1685.0,17.07,16.41,3.4,49.0,9969.1,64278.0,-64229.0
2022-02-08,3200.53,2669.52,3574.39,3947.571341,1196.8499755859375,1685.0,17.07,16.41,3.4,49.0,9969.1,64278.0,-64229.0
2022-02-09,3238.88,2692.97,3574.39,4037.310147,1196.3599853515625,1685.0,17.07,16.41,3.4,49.0,9969.1,64278.0,-64229.0
2022-02-10,3236.27,2691.03,3574.39,4032.35646,1194.030029296875,1685.0,17.07,16.41,3.4,49.0,9969.1,64278.0,-64229.0
2022-02-11,3231.64,2773.34,3574.39,3725.19649,1199.3499755859375,1685.0,17.07,16.41,3.4,49.0,9969.1,64278.0,-64229.0
2022-02-14,3279.69,2712.1,3618.26,4102.895625,1199.239990234375,1715.0,17.07,16.41,3.4,49.0,9969.1,64278.0,-64229.0
2022-02-15,3212.8,2719.49,3618.26,3775.721304,1197.3599853515625,1715.0,17.07,16.41,3.4,49.0,9969.1,64278.0,-64229.0
2022-02-16,3162.3,2655.91,3618.26,3767.117551,1196.8299560546875,1715.0,17.07,16.41,3.4,49.0,9969.1,64278.0,-64229.0
2022-02-17,3233.98,2674.9,3618.26,4011.910609,1196.75,1715.0,17.07,16.41,3.4,49.0,9969.1,64278.0,-64229.0
2022-02-18,3244.16,2695.95,3618.26,3984.061816,1198.6600341796875,1715.0,17.07,16.41,3.4,49.0,9969.1,64278.0,-64229.0
2022-02-21,3162.38,2668.11,3742.95,3680.030712,1195.0699462890625,1715.0,17.07,16.41,3.4,49.0,9969.1,64278.0,-64229.0
2022-02-22,3190.13,2665.35,3742.95,3805.107485,1194.6800537109375,1715.0,17.07,16.41,3.4,49.0,9969.1,64278.0,-64229.0
2022-02-23,3279.61,2722.39,3742.95,4000.183847,1192.6800537109375,1715.0,17.07,16.41,3.4,49.0,9969.1,64278.0,-64229.0
2022-02-24,3293.74,2695.49,3742.95,4153.969282,1192.4000244140625,1715.0,17.07,16.41,3.4,49.0,9969.1,64278.0,-64229.0
2022-02-25,3426.54,2758.03,3742.95,4533.003479,1206.0,1715.0,17.07,16.41,3.4,49.0,9969.1,64278.0,-64229.0
2022-02-28,3344.26,2705.78,3844.38,4306.564749,1197.5899658203125,1715.0,17.07,16.41,3.4,49.0,9969.1,64278.0,-64229.0
2022-03-01,3431.76,2746.58,3844.38,4561.335379,1200.9300537109375,1715.0,13.46,12.94,5.8,58.0,5734.7,35762.0,-35703.0
2022-03-02,3539.91,2761.52,3844.38,5021.111305,1205.3699951171875,1715.0,13.46,12.94,5.8,58.0,5734.7,35762.0,-35703.0
2022-03-03,3900.41,2857.93,3844.38,6454.570525,1203.1500244140625,1715.0,13.46,12.94,5.8,58.0,5734.7,35762.0,-35703.0
2022-03-04,3856.39,2957.51,3844.38,5670.197523,1205.989990234375,1715.0,13.46,12.94,5.8,58.0,5734.7,35762.0,-35703.0
2022-03-07,4010.22,2995.36,3979.61,6260.485063,1216.7099609375,1715.0,13.46,12.94,5.8,58.0,5734.7,35762.0,-35703.0
2022-03-08,4212.58,3151.17,3979.61,6641.334525,1232.300048828125,1715.0,13.46,12.94,5.8,58.0,5734.7,35762.0,-35703.0
2022-03-09,4095.18,3033.31,3979.61,6552.009017,1233.1099853515625,1715.0,13.46,12.94,5.8,58.0,5734.7,35762.0,-35703.0
2022-03-10,4082.89,3012.38,3979.61,6586.169134,1223.22998046875,1715.0,13.46,12.94,5.8,58.0,5734.7,35762.0,-35703.0
2022-03-11,3966.66,3005.8,3979.61,5944.694772,1228.5999755859375,1715.0,13.46,12.94,5.8,58.0,5734.7,35762.0,-35703.0
2022-03-14,3966.84,2973.41,4273.45,5972.735807,1236.8900146484375,1735.0,13.46,12.94,5.8,58.0,5734.7,35762.0,-35703.0
2022-03-15,3851.17,2914.89,4273.45,5618.825637,1242.050048828125,1735.0,13.46,12.94,5.8,58.0,5734.7,35762.0,-35703.0
2022-03-16,3684.04,2812.45,4273.45,5199.715209,1241.6800537109375,1735.0,13.46,12.94,5.8,58.0,5734.7,35762.0,-35703.0
2022-03-17,3591.36,2825.23,4273.45,4674.010716,1223.0,1735.0,13.46,12.94,5.8,58.0,5734.7,35762.0,-35703.0
2022-03-18,3595.52,2865.86,4273.45,4537.432932,1210.3299560546875,1735.0,13.46,12.94,5.8,58.0,5734.7,35762.0,-35703.0
2022-03-21,3632.14,2899.05,4359.04,4556.522528,1210.3699951171875,1785.0,13.46,12.94,5.8,58.0,5734.7,35762.0,-35703.0
2022-03-22,3622.7,2950.13,4359.04,4327.468285,1219.780029296875,1785.0,13.46,12.94,5.8,58.0,5734.7,35762.0,-35703.0
2022-03-23,3682.95,2920.23,4359.04,4688.394043,1214.949951171875,1785.0,13.46,12.94,5.8,58.0,5734.7,35762.0,-35703.0
2022-03-24,3723.58,2911.47,4359.04,4907.179312,1218.010009765625,1785.0,13.46,12.94,5.8,58.0,5734.7,35762.0,-35703.0
2022-03-25,3811.47,2990.63,4359.04,5014.292907,1217.550048828125,1785.0,13.46,12.94,5.8,58.0,5734.7,35762.0,-35703.0
2022-03-28,3766.18,2949.64,4477.96,4921.483141,1224.3800048828125,1785.0,13.46,12.94,5.8,58.0,5734.7,35762.0,-35703.0
2022-03-29,3773.08,2968.58,4477.96,4880.548734,1223.6600341796875,1785.0,13.46,12.94,5.8,58.0,5734.7,35762.0,-35703.0
2022-03-30,3765.22,2973.04,4477.96,4826.951412,1209.1300048828125,1785.0,13.46,12.94,5.8,58.0,5734.7,35762.0,-35703.0
2022-03-31,3780.21,2968.49,4477.96,4913.245455,1210.43994140625,1785.0,13.46,12.94,5.8,58.0,5734.7,35762.0,-35703.0
2022-04-01,3807.02,3001.38,4477.96,4912.252206,1214.5,1785.0,11.3,10.87,0.5,29.0,2460.7,14323.0,-14294.0
2022-04-04,3802.78,2992.08,4496.2,4922.355803,1218.780029296875,1785.0,11.3,10.87,0.5,29.0,2460.7,14323.0,-14294.0
2022-04-05,3829.2,3007.3,4496.2,4987.304071,1213.9000244140625,1785.0,11.3,10.87,0.5,29.0,2460.7,14323.0,-14294.0
2022-04-06,3867.33,2999.49,4496.2,5196.150218,1218.75,1785.0,11.3,10.87,0.5,29.0,2460.7,14323.0,-14294.0
2022-04-07,3880.83,2999.87,4496.2,5259.898652,1217.5999755859375,1785.0,11.3,10.87,0.5,29.0,2460.7,14323.0,-14294.0
2022-04-08,3839.54,2963.05,4496.2,5208.383487,1222.6600341796875,1785.0,11.3,10.87,0.5,29.0,2460.7,14323.0,-14294.0
2022-04-11,3878.51,2977.27,4470.74,5348.774468,1228.239990234375,1785.0,11.3,10.87,0.5,29.0,2460.7,14323.0,-14294.0
2022-04-12,3815.21,2912.71,4470.74,5303.91559,1235.050048828125,1785.0,11.3,10.87,0.5,29.0,2460.7,14323.0,-14294.0
2022-04-13,3839.2,2887.12,4470.74,5532.166055,1228.5999755859375,1785.0,11.3,10.87,0.5,29.0,2460.7,14323.0,-14294.0
2022-04-14,3880.81,2924.66,4470.74,5580.968816,1223.1199951171875,1785.0,11.3,10.87,0.5,29.0,2460.7,14323.0,-14294.0
2022-04-15,3854.14,2915.0,4470.74,5485.702407,1230.0999755859375,1785.0,11.3,10.87,0.5,29.0,2460.7,14323.0,-14294.0
2022-04-18,3874.68,2922.11,4512.26,5545.744533,1228.0899658203125,1785.0,11.3,10.87,0.5,29.0,2460.7,14323.0,-14294.0
2022-04-19,3874.18,2922.11,4512.26,5543.145726,1235.3499755859375,1785.0,11.3,10.87,0.5,29.0,2460.7,14323.0,-14294.0
2022-04-20,3926.17,2953.48,4512.26,5672.697792,1239.5999755859375,1785.0,11.3,10.87,0.5,29.0,2460.7,14323.0,-14294.0
2022-04-21,3890.18,2907.51,4512.26,5690.577809,1234.0899658203125,1785.0,11.3,10.87,0.5,29.0,2460.7,14323.0,-14294.0
2022-04-22,3907.03,2916.51,4512.26,5738.402727,1242.489990234375,1785.0,11.3,10.87,0.5,29.0,2460.7,14323.0,-14294.0
2022-04-25,3890.24,2907.88,4552.85,5674.767291,1243.1600341796875,1785.0,11.3,10.87,0.5,29.0,2460.7,14323.0,-14294.0
2022-04-26,3830.49,2824.09,4552.85,5740.759487,1249.2099609375,1785.0,11.3,10.87,0.5,29.0,2460.7,14323.0,-14294.0
2022-04-27,3790.89,2829.49,4552.85,5501.6442,1260.7099609375,1785.0,11.3,10.87,0.5,29.0,2460.7,14323.0,-14294.0
2022-04-28,3739.78,2777.31,4552.85,5470.240854,1266.280029296875,1785.0,11.3,10.87,0.5,29.0,2460.7,14323.0,-14294.0
2022-04-29,3708.61,2753.04,4552.85,5417.17434,1272.2900390625,1785.0,11.3,10.87,0.5,29.0,2460.7,14323.0,-14294.0
2022-05-02,3665.01,2757.62,4514.43,5179.652317,1262.530029296875,1785.0,9.67,9.3,543.9,86.0,8276.7,27090.0,-27005.0
2022-05-03,3666.12,2757.62,4514.43,5185.279351,1266.75,1785.0,9.67,9.3,543.9,86.0,8276.7,27090.0,-27005.0
2022-05-04,3663.18,2685.16,4514.43,5486.712458,1261.06005859375,1785.0,9.67,9.3,543.9,86.0,8276.7,27090.0,-27005.0
2022-05-05,3732.41,2686.11,4514.43,5855.422888,1251.5,1785.0,9.67,9.3,543.9,86.0,8276.7,27090.0,-27005.0
2022-05-06,3766.16,2691.74,4514.43,6017.515032,1268.699951171875,1785.0,9.67,9.3,543.9,86.0,8276.7,27090.0,-27005.0
2022-05-09,3730.24,2649.34,4423.91,6064.488157,1270.1300048828125,1735.0,9.67,9.3,543.9,86.0,8276.7,27090.0,-27005.0
2022-05-10,3617.2,2542.06,4423.91,5973.240462,1274.8599853515625,1735.0,9.67,9.3,543.9,86.0,8276.7,27090.0,-27005.0
2022-05-11,3578.33,2504.73,4423.91,5945.903566,1276.550048828125,1735.0,9.67,9.3,543.9,86.0,8276.7,27090.0,-27005.0
2022-05-12,3599.79,2507.57,4423.91,6058.606374,1278.1500244140625,1735.0,9.67,9.3,543.9,86.0,8276.7,27090.0,-27005.0
2022-05-13,3586.0,2487.1,4423.91,6089.89314,1290.75,1735.0,9.67,9.3,543.9,86.0,8276.7,27090.0,-27005.0
2022-05-16,3561.06,2468.52,4425.01,6042.65362,1277.5699462890625,1735.0,9.67,9.3,543.9,86.0,8276.7,27090.0,-27005.0
2022-05-17,3621.59,2507.25,4425.01,6192.242274,1279.8499755859375,1735.0,9.67,9.3,543.9,86.0,8276.7,27090.0,-27005.0
2022-05-18,3674.09,2534.51,4425.01,6358.98911,1266.6600341796875,1735.0,9.67,9.3,543.9,86.0,8276.7,27090.0,-27005.0
2022-05-19,3657.24,2526.09,4425.01,6303.079224,1275.5799560546875,1735.0,9.67,9.3,543.9,86.0,8276.7,27090.0,-27005.0
2022-05-20,3633.02,2507.06,4425.01,6263.125212,1263.550048828125,1735.0,9.67,9.3,543.9,86.0,8276.7,27090.0,-27005.0
2022-05-23,3704.85,2578.85,4394.5,6304.324505,1273.2099609375,1635.0,9.67,9.3,543.9,86.0,8276.7,27090.0,-27005.0
2022-05-24,3732.73,2617.43,4394.5,6256.120108,1258.8199462890625,1635.0,9.67,9.3,543.9,86.0,8276.7,27090.0,-27005.0
2022-05-25,3647.86,2596.33,4394.5,5861.242555,1260.989990234375,1635.0,9.67,9.3,543.9,86.0,8276.7,27090.0,-27005.0
2022-05-26,3563.41,2547.13,4394.5,5630.709141,1266.5999755859375,1635.0,9.67,9.3,543.9,86.0,8276.7,27090.0,-27005.0
2022-05-27,3571.65,2560.89,4394.5,5606.971945,1258.8900146484375,1635.0,9.67,9.3,543.9,86.0,8276.7,27090.0,-27005.0
2022-05-30,3599.06,2560.93,4361.38,5773.322885,1251.5899658203125,1635.0,9.67,9.3,543.9,86.0,8276.7,27090.0,-27005.0
2022-05-31,3719.8,2626.08,4361.38,6129.413739,1236.1700439453125,1635.0,9.67,9.3,543.9,86.0,8276.7,27090.0,-27005.0
2022-06-01,3763.59,2619.18,4361.38,6426.559059,1241.739990234375,1635.0,14.95,14.37,4.2,60.0,5818.4,18755.0,-18694.0
2022-06-02,3706.49,2577.18,4361.38,6314.884674,1246.949951171875,1635.0,14.95,14.37,4.2,60.0,5818.4,18755.0,-18694.0
2022-06-03,3720.59,2588.67,4361.38,6336.011451,1240.8399658203125,1635.0,14.95,14.37,4.2,60.0,5818.4,18755.0,-18694.0
2022-06-06,3725.59,2588.67,4375.44,6360.965795,1250.530029296875,1615.0,14.95,14.37,4.2,60.0,5818.4,18755.0,-18694.0
2022-06-07,3756.87,2642.58,4375.44,6245.557254,1254.47998046875,1615.0,14.95,14.37,4.2,60.0,5818.4,18755.0,-18694.0
2022-06-08,3687.23,2614.28,4375.44,5984.178885,1254.5799560546875,1615.0,14.95,14.37,4.2,60.0,5818.4,18755.0,-18694.0
2022-06-09,3707.84,2640.23,4375.44,5966.649337,1256.739990234375,1615.0,14.95,14.37,4.2,60.0,5818.4,18755.0,-18694.0
2022-06-10,3686.86,2625.54,4375.44,5922.223727,1264.02001953125,1615.0,14.95,14.37,4.2,60.0,5818.4,18755.0,-18694.0
2022-06-13,3624.17,2587.36,4375.49,5759.733336,1278.280029296875,1615.0,14.95,14.37,4.2,60.0,5818.4,18755.0,-18694.0
2022-06-14,3533.56,2508.57,4375.49,5648.669381,1291.800048828125,1615.0,14.95,14.37,4.2,60.0,5818.4,18755.0,-18694.0
2022-06-15,3508.66,2493.84,4375.49,5582.419535,1289.47998046875,1615.0,14.95,14.37,4.2,60.0,5818.4,18755.0,-18694.0
2022-06-16,3529.77,2493.02,4375.49,5707.610868,1278.1600341796875,1615.0,14.95,14.37,4.2,60.0,5818.4,18755.0,-18694.0
2022-06-17,3475.56,2443.83,4375.49,5653.622618,1288.1800537109375,1615.0,14.95,14.37,4.2,60.0,5818.4,18755.0,-18694.0
2022-06-20,3462.04,2411.54,4432.14,5727.577488,1290.5,1595.0,14.95,14.37,4.2,60.0,5818.4,18755.0,-18694.0
2022-06-21,3422.69,2344.51,4432.14,5862.952726,1292.3800048828125,1595.0,14.95,14.37,4.2,60.0,5818.4,18755.0,-18694.0
2022-06-22,3454.97,2368.69,4432.14,5921.58653,1291.5999755859375,1595.0,14.95,14.37,4.2,60.0,5818.4,18755.0,-18694.0
2022-06-23,3395.54,2307.22,4432.14,5911.741142,1297.6800537109375,1595.0,14.95,14.37,4.2,60.0,5818.4,18755.0,-18694.0
2022-06-24,3381.91,2287.92,4432.14,5941.182128,1299.81005859375,1595.0,14.95,14.37,4.2,60.0,5818.4,18755.0,-18694.0
2022-06-27,3321.18,2243.96,4349.14,5853.119649,1288.2900390625,1590.0,14.95,14.37,4.2,60.0,5818.4,18755.0,-18694.0
2022-06-28,3355.68,2271.8,4349.14,5903.356363,1286.199951171875,1590.0,14.95,14.37,4.2,60.0,5818.4,18755.0,-18694.0
2022-06-29,3408.19,2316.85,4349.14,5963.982791,1292.030029296875,1590.0,14.95,14.37,4.2,60.0,5818.4,18755.0,-18694.0
2022-06-30,3395.3,2315.89,4349.14,5888.563818,1301.72998046875,1590.0,14.95,14.37,4.2,60.0,5818.4,18755.0,-18694.0
2022-07-01,3343.46,2261.7,4349.14,5906.288174,1287.7099609375,1590.0,24.14,23.21,0.3,31.0,4616.3,12019.0,-11987.0
2022-07-04,3253.57,2196.77,4312.39,5741.029386,1297.8900146484375,1585.0,24.14,23.21,0.3,31.0,4616.3,12019.0,-11987.0
2022-07-05,3272.97,2199.75,4312.39,5857.915735,1295.6800537109375,1585.0,24.14,23.21,0.3,31.0,4616.3,12019.0,-11987.0
2022-07-06,3232.63,2157.55,4312.39,5878.48793,1308.6600341796875,1585.0,24.14,23.21,0.3,31.0,4616.3,12019.0,-11987.0
2022-07-07,3212.94,2135.85,4312.39,5897.222309,1304.8499755859375,1585.0,24.14,23.21,0.3,31.0,4616.3,12019.0,-11987.0
2022-07-08,3302.36,2196.67,4312.39,6099.488428,1297.6500244140625,1585.0,24.14,23.21,0.3,31.0,4616.3,12019.0,-11987.0
2022-07-11,3294.66,2190.43,4279.98,6103.835681,1293.7900390625,1505.0,24.14,23.21,0.3,31.0,4616.3,12019.0,-11987.0
2022-07-12,3275.79,2165.21,4279.98,6156.420952,1310.8599853515625,1505.0,24.14,23.21,0.3,31.0,4616.3,12019.0,-11987.0
2022-07-13,3235.14,2115.98,4279.98,6236.149244,1305.8299560546875,1505.0,24.14,23.21,0.3,31.0,4616.3,12019.0,-11987.0
2022-07-14,3200.56,2099.66,4279.98,6096.401659,1304.8499755859375,1505.0,24.14,23.21,0.3,31.0,4616.3,12019.0,-11987.0
2022-07-15,3153.78,2075.94,4279.98,5924.755921,1316.1800537109375,1505.0,24.14,23.21,0.3,31.0,4616.3,12019.0,-11987.0
2022-07-18,3034.99,2008.2,4225.2,5576.131771,1318.1199951171875,1505.0,24.14,23.21,0.3,31.0,4616.3,12019.0,-11987.0
2022-07-19,3052.45,2061.88,4225.2,5288.167654,1318.9100341796875,1505.0,24.14,23.21,0.3,31.0,4616.3,12019.0,-11987.0
2022-07-20,3100.96,2078.01,4225.2,5517.159469,1305.5,1505.0,24.14,23.21,0.3,31.0,4616.3,12019.0,-11987.0
2022-07-21,3121.81,2093.77,4225.2,5548.918688,1312.8699951171875,1505.0,24.14,23.21,0.3,31.0,4616.3,12019.0,-11987.0
2022-07-22,3079.42,2067.69,4225.2,5432.824272,1306.8499755859375,1505.0,24.14,23.21,0.3,31.0,4616.3,12019.0,-11987.0
2022-07-25,3134.33,2095.8,4133.26,5656.83987,1309.3199462890625,1505.0,24.14,23.21,0.3,31.0,4616.3,12019.0,-11987.0
2022-07-26,3202.33,2141.05,4133.26,5818.093873,1310.4000244140625,1505.0,24.14,23.21,0.3,31.0,4616.3,12019.0,-11987.0
2022-07-27,3264.81,2169.01,4133.26,6069.365415,1310.9000244140625,1505.0,24.14,23.21,0.3,31.0,4616.3,12019.0,-11987.0
2022-07-28,3237.46,2158.62,4133.26,5943.170745,1305.949951171875,1505.0,24.14,23.21,0.3,31.0,4616.3,12019.0,-11987.0
2022-07-29,3299.49,2214.56,4133.26,5979.553338,1295.1500244140625,1505.0,24.14,23.21,0.3,31.0,4616.3,12019.0,-11987.0
2022-08-01,3313.46,2238.7,4028.35,5943.832176,1302.280029296875,1505.0,34.93,33.59,216.1,27.0,7590.4,18454.0,-18427.0
2022-08-02,3360.23,2283.36,4028.35,5954.655863,1306.75,1505.0,34.93,33.59,216.1,27.0,7590.4,18454.0,-18427.0
2022-08-03,3336.78,2260.3,4028.35,5953.93997,1314.6300048828125,1505.0,34.93,33.59,216.1,27.0,7590.4,18454.0,-18427.0
2022-08-04,3303.19,2235.99,4028.35,5889.383629,1307.3800048828125,1505.0,34.93,33.59,216.1,27.0,7590.4,18454.0,-18427.0
2022-08-05,3254.59,2205.08,4028.35,5761.667834,1302.0799560546875,1505.0,34.93,33.59,216.1,27.0,7590.4,18454.0,-18427.0
2022-08-08,3260.63,2247.45,3976.39,5513.21732,1302.739990234375,1435.0,34.93,33.59,216.1,27.0,7590.4,18454.0,-18427.0
2022-08-09,3243.19,2215.02,3976.39,5616.344014,1299.030029296875,1435.0,34.93,33.59,216.1,27.0,7590.4,18454.0,-18427.0
2022-08-10,3297.15,2246.05,3976.39,5779.17572,1307.56005859375,1435.0,34.93,33.59,216.1,27.0,7590.4,18454.0,-18427.0
2022-08-11,3296.86,2231.22,3976.39,5883.373425,1296.699951171875,1435.0,34.93,33.59,216.1,27.0,7590.4,18454.0,-18427.0
2022-08-12,3345.62,2277.18,3976.39,5898.900718,1306.8299560546875,1435.0,34.93,33.59,216.1,27.0,7590.4,18454.0,-18427.0
2022-08-15,3339.46,2257.74,4003.34,5986.195214,1301.3800048828125,1405.0,34.93,33.59,216.1,27.0,7590.4,18454.0,-18427.0
2022-08-16,3289.25,2208.37,4003.34,5985.505629,1313.1800537109375,1405.0,34.93,33.59,216.1,27.0,7590.4,18454.0,-18427.0
2022-08-17,3319.25,2240.7,4003.34,5962.73954,1311.0,1405.0,34.93,33.59,216.1,27.0,7590.4,18454.0,-18427.0
2022-08-18,3298.6,2208.02,4003.34,6055.710956,1314.8299560546875,1405.0,34.93,33.59,216.1,27.0,7590.4,18454.0,-18427.0
2022-08-19,3277.1,2190.83,4003.34,6025.458093,1326.9100341796875,1405.0,34.93,33.59,216.1,27.0,7590.4,18454.0,-18427.0
2022-08-22,3232.95,2171.69,3954.6,5855.189586,1334.8599853515625,1385.0,34.93,33.59,216.1,27.0,7590.4,18454.0,-18427.0
2022-08-23,3246.29,2178.75,3954.6,5901.549253,1343.3599853515625,1385.0,34.93,33.59,216.1,27.0,7590.4,18454.0,-18427.0
2022-08-24,3271.03,2199.97,3954.6,5925.295272,1339.0799560546875,1385.0,34.93,33.59,216.1,27.0,7590.4,18454.0,-18427.0
2022-08-25,3258.06,2193.45,3954.6,5878.344436,1340.0,1385.0,34.93,33.59,216.1,27.0,7590.4,18454.0,-18427.0
2022-08-26,3290.98,2217.75,3954.6,5939.119211,1334.43994140625,1385.0,34.93,33.59,216.1,27.0,7590.4,18454.0,-18427.0
2022-08-29,3332.82,2253.8,3974.6,5968.939677,1341.1800537109375,1385.0,34.93,33.59,216.1,27.0,7590.4,18454.0,-18427.0
2022-08-30,3333.42,2248.85,3974.6,6009.886802,1345.72998046875,1385.0,34.93,33.59,216.1,27.0,7590.4,18454.0,-18427.0
2022-08-31,3240.24,2175.83,3974.6,5868.030583,1350.18994140625,1385.0,34.93,33.59,216.1,27.0,7590.4,18454.0,-18427.0
2022-09-01,3208.82,2136.72,3974.6,5930.400683,1342.260009765625,1385.0,50.28,48.34,195.9,216.0,4443.4,10275.0,-10059.0
2022-09-02,3176.11,2104.37,3974.6,5934.685492,1355.0999755859375,1385.0,50.28,48.34,195.9,216.0,4443.4,10275.0,-10059.0
2022-09-05,3151.88,2068.68,4042.38,5998.965536,1361.510009765625,1385.0,50.28,48.34,195.9,216.0,4443.4,10275.0,-10059.0
2022-09-06,3204.6,2090.36,4042.38,6234.558582,1361.81005859375,1385.0,50.28,48.34,195.9,216.0,4443.4,10275.0,-10059.0
2022-09-07,3205.98,2098.65,4042.38,6176.306955,1378.1099853515625,1385.0,50.28,48.34,195.9,216.0,4443.4,10275.0,-10059.0
2022-09-08,3175.73,2084.41,4042.38,6054.506684,1374.31005859375,1385.0,50.28,48.34,195.9,216.0,4443.4,10275.0,-10059.0
2022-09-09,3208.6,2112.36,4042.38,6083.473854,1383.0,1385.0,50.28,48.34,195.9,216.0,4443.4,10275.0,-10059.0
2022-09-12,3244.45,2148.17,4081.04,6055.869934,1379.06005859375,1385.0,50.28,48.34,195.9,216.0,4443.4,10275.0,-10059.0
2022-09-13,3260.02,2162.34,4081.04,6062.655946,1375.81005859375,1385.0,50.28,48.34,195.9,216.0,4443.4,10275.0,-10059.0
2022-09-14,3315.38,2204.65,4081.04,6152.982392,1393.469970703125,1385.0,50.28,48.34,195.9,216.0,4443.4,10275.0,-10059.0
2022-09-15,3253.95,2139.66,4081.04,6195.875374,1391.1800537109375,1385.0,50.28,48.34,195.9,216.0,4443.4,10275.0,-10059.0
2022-09-16,3271.93,2149.49,4081.04,6257.87686,1398.6300048828125,1385.0,50.28,48.34,195.9,216.0,4443.4,10275.0,-10059.0
2022-09-19,3243.75,2130.99,4086.35,6187.199782,1385.22998046875,1385.0,50.28,48.34,195.9,216.0,4443.4,10275.0,-10059.0
2022-09-20,3248.3,2131.44,4086.35,6220.147844,1390.1099853515625,1385.0,50.28,48.34,195.9,216.0,4443.4,10275.0,-10059.0
2022-09-21,3253.95,2133.74,4086.35,6245.806042,1392.510009765625,1385.0,50.28,48.34,195.9,216.0,4443.4,10275.0,-10059.0
2022-09-22,3248.24,2126.5,4086.35,6260.043111,1397.56005859375,1385.0,50.28,48.34,195.9,216.0,4443.4,10275.0,-10059.0
2022-09-23,3234.91,2119.82,4086.35,6211.017284,1403.6600341796875,1385.0,50.28,48.34,195.9,216.0,4443.4,10275.0,-10059.0
2022-09-26,3190.14,2073.52,4139.2,6220.480903,1421.81005859375,1375.0,50.28,48.34,195.9,216.0,4443.4,10275.0,-10059.0
2022-09-27,3161.43,2045.98,4139.2,6222.605936,1429.77001953125,1375.0,50.28,48.34,195.9,216.0,4443.4,10275.0,-10059.0
2022-09-28,3162.64,2043.07,4139.2,6258.585378,1426.260009765625,1375.0,50.28,48.34,195.9,216.0,4443.4,10275.0,-10059.0
2022-09-29,3137.44,2021.45,4139.2,6240.459962,1421.949951171875,1375.0,50.28,48.34,195.9,216.0,4443.4,10275.0,-10059.0
2022-09-30,3239.85,2118.16,4139.2,6235.355434,1430.1700439453125,1375.0,50.28,48.34,195.9,216.0,4443.4,10275.0,-10059.0
2022-10-03,3215.84,2097.78,4154.25,6208.381103,1439.22998046875,1375.0,55.54,53.41,0.1,6.0,4598.7,10389.0,-10383.0
2022-10-04,3156.03,2076.91,4154.25,5908.63024,1433.3399658203125,1375.0,55.54,53.41,0.1,6.0,4598.7,10389.0,-10383.0
2022-10-05,3190.39,2106.86,4154.25,5932.555512,1416.530029296875,1375.0,55.54,53.41,0.1,6.0,4598.7,10389.0,-10383.0
2022-10-06,3208.59,2133.71,4154.25,5858.547665,1416.760009765625,1375.0,55.54,53.41,0.1,6.0,4598.7,10389.0,-10383.0
2022-10-07,3246.78,2166.06,4154.25,5894.602838,1408.449951171875,1375.0,55.54,53.41,0.1,6.0,4598.7,10389.0,-10383.0
2022-10-10,3209.23,2151.19,4084.81,5757.16972,1415.97998046875,1375.0,55.54,53.41,0.1,6.0,4598.7,10389.0,-10383.0
2022-10-11,3218.12,2151.28,4084.81,5823.929289,1428.3499755859375,1375.0,55.54,53.41,0.1,6.0,4598.7,10389.0,-10383.0
2022-10-12,3193.01,2120.2,4084.81,5874.510799,1430.800048828125,1375.0,55.54,53.41,0.1,6.0,4598.7,10389.0,-10383.0
2022-10-13,3195.52,2112.44,4084.81,5952.778892,1423.9000244140625,1375.0,55.54,53.41,0.1,6.0,4598.7,10389.0,-10383.0
2022-10-14,3218.28,2145.77,4084.81,5862.272291,1430.300048828125,1375.0,55.54,53.41,0.1,6.0,4598.7,10389.0,-10383.0
2022-10-17,3201.37,2126.18,4165.12,5852.604018,1440.760009765625,1395.0,55.54,53.41,0.1,6.0,4598.7,10389.0,-10383.0
2022-10-18,3169.26,2098.54,4165.12,5825.225292,1430.1500244140625,1395.0,55.54,53.41,0.1,6.0,4598.7,10389.0,-10383.0
2022-10-19,3127.66,2068.71,4165.12,5743.408743,1425.02001953125,1395.0,55.54,53.41,0.1,6.0,4598.7,10389.0,-10383.0
2022-10-20,3116.09,2053.72,4165.12,5773.365505,1435.010009765625,1395.0,55.54,53.41,0.1,6.0,4598.7,10389.0,-10383.0
2022-10-21,3130.72,2069.03,4165.12,5762.755152,1430.31005859375,1395.0,55.54,53.41,0.1,6.0,4598.7,10389.0,-10383.0
2022-10-24,3113.49,2049.26,4182.46,5778.511882,1428.1099853515625,1375.0,55.54,53.41,0.1,6.0,4598.7,10389.0,-10383.0
2022-10-25,3132.77,2066.87,4182.46,5785.763636,1443.9599609375,1375.0,55.54,53.41,0.1,6.0,4598.7,10389.0,-10383.0
2022-10-26,3093.41,2042.72,4182.46,5676.566564,1426.9300537109375,1375.0,55.54,53.41,0.1,6.0,4598.7,10389.0,-10383.0
2022-10-27,3126.28,2086.75,4182.46,5579.006299,1412.68994140625,1375.0,55.54,53.41,0.1,6.0,4598.7,10389.0,-10383.0
2022-10-28,3118.26,2082.53,4182.46,5551.807949,1420.6500244140625,1375.0,55.54,53.41,0.1,6.0,4598.7,10389.0,-10383.0
2022-10-31,3075.86,2038.84,4213.22,5556.418316,1421.6500244140625,1375.0,55.54,53.41,0.1,6.0,4598.7,10389.0,-10383.0
2022-11-01,3005.04,1996.54,4213.22,5355.269447,1424.6700439453125,1375.0,55.77,53.62,2.4,59.0,5279.7,12311.0,-12253.0
2022-11-02,3049.66,2035.75,4213.22,5385.460923,1416.5999755859375,1375.0,55.77,53.62,2.4,59.0,5279.7,12311.0,-12253.0
2022-11-03,3060.93,2039.78,4213.22,5438.140577,1423.0999755859375,1375.0,55.77,53.62,2.4,59.0,5279.7,12311.0,-12253.0
2022-11-04,3030.91,2022.13,4213.22,5352.222104,1423.6500244140625,1375.0,55.77,53.62,2.4,59.0,5279.7,12311.0,-12253.0
2022-11-07,3114.09,2100.23,4249.52,5362.18965,1402.1099853515625,1375.0,55.77,53.62,2.4,59.0,5279.7,12311.0,-12253.0
2022-11-08,3108.25,2110.27,4249.52,5250.017981,1392.699951171875,1375.0,55.77,53.62,2.4,59.0,5279.7,12311.0,-12253.0
2022-11-09,3107.19,2130.61,4249.52,5100.163178,1374.1500244140625,1375.0,55.77,53.62,2.4,59.0,5279.7,12311.0,-12253.0
2022-11-10,3106.52,2157.51,4249.52,4915.094828,1370.550048828125,1375.0,55.77,53.62,2.4,59.0,5279.7,12311.0,-12253.0
2022-11-11,3062.25,2134.29,4249.52,4775.931954,1349.3699951171875,1375.0,55.77,53.62,2.4,59.0,5279.7,12311.0,-12253.0
2022-11-14,3189.2,2239.09,4332.17,4903.388014,1313.030029296875,1405.0,55.77,53.62,2.4,59.0,5279.7,12311.0,-12253.0
2022-11-15,3228.59,2257.29,4332.17,5040.619489,1324.0799560546875,1405.0,55.77,53.62,2.4,59.0,5279.7,12311.0,-12253.0
2022-11-16,3288.9,2284.21,4332.17,5257.807208,1316.260009765625,1405.0,55.77,53.62,2.4,59.0,5279.7,12311.0,-12253.0
2022-11-17,3262.56,2278.7,4332.17,5121.034858,1336.4300537109375,1405.0,55.77,53.62,2.4,59.0,5279.7,12311.0,-12253.0
2022-11-18,3223.23,2233.25,4332.17,5155.100098,1342.75,1405.0,55.77,53.62,2.4,59.0,5279.7,12311.0,-12253.0
2022-11-21,3258.6,2239.17,4334.11,5348.247461,1339.030029296875,1405.0,55.77,53.62,2.4,59.0,5279.7,12311.0,-12253.0
2022-11-22,3242.51,2206.68,4334.11,5457.781347,1359.75,1405.0,55.77,53.62,2.4,59.0,5279.7,12311.0,-12253.0
2022-11-23,3268.47,2226.46,4334.11,5498.719295,1352.68994140625,1405.0,55.77,53.62,2.4,59.0,5279.7,12311.0,-12253.0
2022-11-24,3249.39,2206.61,4334.11,5504.906768,1336.81005859375,1405.0,55.77,53.62,2.4,59.0,5279.7,12311.0,-12253.0
2022-11-25,3268.84,2220.52,4334.11,5543.432061,1317.8900146484375,1405.0,55.77,53.62,2.4,59.0,5279.7,12311.0,-12253.0
2022-11-28,3280.56,2227.52,4287.98,5593.285606,1334.56005859375,1405.0,55.77,53.62,2.4,59.0,5279.7,12311.0,-12253.0
2022-11-29,3300.86,2220.18,4287.98,5787.505961,1340.1199951171875,1405.0,55.77,53.62,2.4,59.0,5279.7,12311.0,-12253.0
2022-11-30,3356.37,2254.87,4287.98,5933.405705,1325.3699951171875,1405.0,55.77,53.62,2.4,59.0,5279.7,12311.0,-12253.0
2022-12-01,3394.59,2280.6,4287.98,6019.997315,1279.800048828125,1405.0,53.65,51.59,1110.9,28.0,4692.2,10300.0,-10272.0
2022-12-02,3382.56,2301.48,4287.98,5776.565833,1303.25,1405.0,53.65,51.59,1110.9,28.0,4692.2,10300.0,-10272.0
2022-12-05,3413.85,2323.07,4283.38,5844.922969,1299.1700439453125,1445.0,53.65,51.59,1110.9,28.0,4692.2,10300.0,-10272.0
2022-12-06,3470.51,2366.1,4283.38,5938.793955,1304.3699951171875,1445.0,53.65,51.59,1110.9,28.0,4692.2,10300.0,-10272.0
2022-12-07,3423.95,2346.46,4283.38,5741.050713,1319.7099609375,1445.0,53.65,51.59,1110.9,28.0,4692.2,10300.0,-10272.0
2022-12-08,3404.24,2341.22,4283.38,5641.874754,1314.0999755859375,1445.0,53.65,51.59,1110.9,28.0,4692.2,10300.0,-10272.0
2022-12-09,3422.6,2376.22,4283.38,5528.709775,1316.6300048828125,1445.0,53.65,51.59,1110.9,28.0,4692.2,10300.0,-10272.0
2022-12-12,3432.65,2389.54,4341.21,5489.811293,1303.1700439453125,1445.0,53.65,51.59,1110.9,28.0,4692.2,10300.0,-10272.0
2022-12-13,3412.67,2362.53,4341.21,5535.200599,1305.9200439453125,1445.0,53.65,51.59,1110.9,28.0,4692.2,10300.0,-10272.0
2022-12-14,3410.54,2352.48,4341.21,5587.45946,1288.97998046875,1445.0,53.65,51.59,1110.9,28.0,4692.2,10300.0,-10272.0
2022-12-15,3412.33,2347.58,4341.21,5633.076472,1295.6800537109375,1445.0,53.65,51.59,1110.9,28.0,4692.2,10300.0,-10272.0
2022-12-16,3423.55,2359.7,4341.21,5627.789738,1317.0999755859375,1445.0,53.65,51.59,1110.9,28.0,4692.2,10300.0,-10272.0
2022-12-19,3399.27,2341.27,4358.35,5581.478086,1308.8599853515625,1445.0,53.65,51.59,1110.9,28.0,4692.2,10300.0,-10272.0
2022-12-20,3365.5,2317.18,4358.35,5513.936592,1301.3299560546875,1445.0,53.65,51.59,1110.9,28.0,4692.2,10300.0,-10272.0
2022-12-21,3369.1,2318.98,4358.35,5524.540492,1283.6400146484375,1445.0,53.65,51.59,1110.9,28.0,4692.2,10300.0,-10272.0
2022-12-22,3388.28,2339.01,4358.35,5519.92934,1280.77001953125,1445.0,53.65,51.59,1110.9,28.0,4692.2,10300.0,-10272.0
2022-12-23,3402.5,2357.12,4358.35,5494.704366,1290.199951171875,1445.0,53.65,51.59,1110.9,28.0,4692.2,10300.0,-10272.0
2022-12-26,3392.83,2346.09,4460.57,5465.528938,1279.239990234375,1445.0,53.65,51.59,1110.9,28.0,4692.2,10300.0,-10272.0
2022-12-27,3398.41,2349.13,4460.57,5483.084422,1275.1300048828125,1445.0,53.65,51.59,1110.9,28.0,4692.2,10300.0,-10272.0
2022-12-28,3409.25,2355.56,4460.57,5513.709947,1272.280029296875,1445.0,53.65,51.59,1110.9,28.0,4692.2,10300.0,-10272.0
2022-12-29,3438.14,2379.44,4460.57,5547.538654,1274.3199462890625,1445.0,53.65,51.59,1110.9,28.0,4692.2,10300.0,-10272.0
2022-12-30,3447.04,2384.69,4460.57,5571.334707,1260.260009765625,1445.0,53.65,51.59,1110.9,28.0,4692.2,10300.0,-10272.0
2023-01-02,3469.82,2397.1,4362.7,5674.99347,1260.9100341796875,1445.0,46.56,44.77,3.2,47.0,3313.6,7633.0,-7586.0
2023-01-03,3469.82,2397.1,4362.7,5674.99347,1270.0999755859375,1445.0,46.56,44.77,3.2,47.0,3313.6,7633.0,-7586.0
2023-01-04,3459.62,2389.24,4362.7,5657.218511,1279.0799560546875,1445.0,46.56,44.77,3.2,47.0,3313.6,7633.0,-7586.0
2023-01-05,3415.86,2346.1,4362.7,5650.620894,1271.0799560546875,1445.0,46.56,44.77,3.2,47.0,3313.6,7633.0,-7586.0
2023-01-06,3428.8,2354.94,4362.7,5678.520823,1274.1800537109375,1445.0,46.56,44.77,3.2,47.0,3313.6,7633.0,-7586.0
2023-01-09,3407.73,2332.81,4389.09,5676.193366,1252.8800048828125,1475.0,46.56,44.77,3.2,47.0,3313.6,7633.0,-7586.0
2023-01-10,3425.57,2388.89,4389.09,5415.265215,1239.280029296875,1475.0,46.56,44.77,3.2,47.0,3313.6,7633.0,-7586.0
2023-01-11,3437.03,2405.87,4389.09,5381.02427,1240.1600341796875,1475.0,46.56,44.77,3.2,47.0,3313.6,7633.0,-7586.0
2023-01-12,3435.97,2442.19,4389.09,5145.982769,1241.5999755859375,1475.0,46.56,44.77,3.2,47.0,3313.6,7633.0,-7586.0
2023-01-13,3451.61,2446.13,4389.09,5218.618355,1239.1300048828125,1475.0,46.56,44.77,3.2,47.0,3313.6,7633.0,-7586.0
2023-01-16,3480.24,2493.53,4248.91,5158.128731,1236.5899658203125,1475.0,46.56,44.77,3.2,47.0,3313.6,7633.0,-7586.0
2023-01-17,3482.15,2509.52,4248.91,5076.566904,1240.7099609375,1475.0,46.56,44.77,3.2,47.0,3313.6,7633.0,-7586.0
2023-01-18,3457.32,2478.49,4248.91,5104.364245,1237.0,1475.0,46.56,44.77,3.2,47.0,3313.6,7633.0,-7586.0
2023-01-19,3507.56,2533.46,4248.91,5090.636821,1237.8800048828125,1475.0,46.56,44.77,3.2,47.0,3313.6,7633.0,-7586.0
2023-01-20,3462.76,2498.14,4248.91,5024.047106,1232.1800537109375,1475.0,46.56,44.77,3.2,47.0,3313.6,7633.0,-7586.0
2023-01-23,3460.29,2522.48,4306.49,4853.21662,1230.030029296875,1475.0,46.56,44.77,3.2,47.0,3313.6,7633.0,-7586.0
2023-01-24,3436.84,2523.4,4306.49,4713.328626,1229.280029296875,1475.0,46.56,44.77,3.2,47.0,3313.6,7633.0,-7586.0
2023-01-25,3423.38,2519.55,4306.49,4657.839913,1232.6600341796875,1475.0,46.56,44.77,3.2,47.0,3313.6,7633.0,-7586.0
2023-01-26,3374.77,2531.81,4306.49,4322.761072,1232.5899658203125,1475.0,46.56,44.77,3.2,47.0,3313.6,7633.0,-7586.0
2023-01-27,3378.27,2540.03,4306.49,4301.670857,1231.8499755859375,1475.0,46.56,44.77,3.2,47.0,3313.6,7633.0,-7586.0
2023-01-30,3404.28,2547.89,4397.07,4373.720915,1228.949951171875,1495.0,46.56,44.77,3.2,47.0,3313.6,7633.0,-7586.0
2023-01-31,3402.38,2545.16,4397.07,4377.210507,1231.5,1495.0,46.56,44.77,3.2,47.0,3313.6,7633.0,-7586.0
2023-02-01,3341.68,2514.13,4397.07,4206.179779,1232.1500244140625,1495.0,45.61,43.85,0.5,35.0,7541.3,17089.0,-17053.0
2023-02-02,3356.21,2544.82,4397.07,4135.56007,1221.949951171875,1495.0,45.61,43.85,0.5,35.0,7541.3,17089.0,-17053.0
2023-02-03,3309.67,2506.86,4397.07,4074.006867,1224.9000244140625,1495.0,45.61,43.85,0.5,35.0,7541.3,17089.0,-17053.0
2023-02-06,3279.13,2492.17,4583.82,3936.331775,1246.75,1495.0,45.61,43.85,0.5,35.0,7541.3,17089.0,-17053.0
2023-02-07,3282.26,2441.83,4583.82,4175.705917,1261.22998046875,1495.0,45.61,43.85,0.5,35.0,7541.3,17089.0,-17053.0
2023-02-08,3285.18,2423.86,4583.82,4277.715814,1255.3499755859375,1495.0,45.61,43.85,0.5,35.0,7541.3,17089.0,-17053.0
2023-02-09,3258.98,2444.93,4583.82,4033.200559,1260.469970703125,1495.0,45.61,43.85,0.5,35.0,7541.3,17089.0,-17053.0
2023-02-10,3171.42,2439.3,4583.82,3615.288834,1264.550048828125,1495.0,45.61,43.85,0.5,35.0,7541.3,17089.0,-17053.0
2023-02-13,3201.42,2438.71,4448.55,3788.739395,1266.8699951171875,1495.0,45.61,43.85,0.5,35.0,7541.3,17089.0,-17053.0
2023-02-14,3154.43,2410.11,4448.55,3685.146397,1272.93994140625,1495.0,45.61,43.85,0.5,35.0,7541.3,17089.0,-17053.0
2023-02-15,3146.94,2415.16,4448.55,3627.332627,1272.25,1495.0,45.61,43.85,0.5,35.0,7541.3,17089.0,-17053.0
2023-02-16,3141.21,2401.22,4448.55,3659.626663,1283.719970703125,1495.0,45.61,43.85,0.5,35.0,7541.3,17089.0,-17053.0
2023-02-17,3119.11,2401.27,4448.55,3554.254553,1288.9599609375,1495.0,45.61,43.85,0.5,35.0,7541.3,17089.0,-17053.0
2023-02-20,3116.47,2407.22,4368.38,3535.500397,1293.9200439453125,1475.0,45.61,43.85,0.5,35.0,7541.3,17089.0,-17053.0
2023-02-21,3141.62,2444.03,4368.38,3500.619331,1296.1099853515625,1475.0,45.61,43.85,0.5,35.0,7541.3,17089.0,-17053.0
2023-02-22,3238.55,2492.21,4368.38,3750.299664,1305.8299560546875,1475.0,45.61,43.85,0.5,35.0,7541.3,17089.0,-17053.0
2023-02-23,3231.17,2474.89,4368.38,3788.777101,1302.8299560546875,1475.0,45.61,43.85,0.5,35.0,7541.3,17089.0,-17053.0
2023-02-24,3226.9,2455.12,4368.38,3854.770248,1298.0799560546875,1475.0,45.61,43.85,0.5,35.0,7541.3,17089.0,-17053.0
2023-02-27,3182.5,2407.98,4208.33,3885.525296,1313.699951171875,1475.0,45.61,43.85,0.5,35.0,7541.3,17089.0,-17053.0
2023-02-28,3157.81,2398.86,4208.33,3803.744788,1318.3499755859375,1475.0,45.61,43.85,0.5,35.0,7541.3,17089.0,-17053.0
2023-03-01,3141.97,2395.27,4208.33,3740.965576,1321.5999755859375,1475.0,44.63,42.91,7.1,25.0,5652.1,13199.0,-13174.0
2023-03-02,3196.63,2445.56,4208.33,3786.697991,1305.72998046875,1475.0,44.63,42.91,7.1,25.0,5652.1,13199.0,-13174.0
2023-03-03,3187.85,2432.46,4208.33,3801.08581,1311.06005859375,1475.0,44.63,42.91,7.1,25.0,5652.1,13199.0,-13174.0
2023-03-06,3179.37,2443.74,4047.55,3751.765385,1294.780029296875,1475.0,44.63,42.91,7.1,25.0,5652.1,13199.0,-13174.0
2023-03-07,3127.15,2406.28,4047.55,3660.664493,1299.0,1475.0,44.63,42.91,7.1,25.0,5652.1,13199.0,-13174.0
2023-03-08,3109.0,2402.69,4047.55,3588.817807,1317.9000244140625,1475.0,44.63,42.91,7.1,25.0,5652.1,13199.0,-13174.0
2023-03-09,3098.91,2394.7,4047.55,3574.619654,1316.449951171875,1475.0,44.63,42.91,7.1,25.0,5652.1,13199.0,-13174.0
2023-03-10,3096.55,2389.3,4047.55,3585.756117,1325.550048828125,1475.0,44.63,42.91,7.1,25.0,5652.1,13199.0,-13174.0
2023-03-13,3105.37,2379.57,3861.72,3716.232458,1319.5400390625,1435.0,44.63,42.91,7.1,25.0,5652.1,13199.0,-13174.0
2023-03-14,3088.14,2364.1,3861.72,3699.714692,1296.3800048828125,1435.0,44.63,42.91,7.1,25.0,5652.1,13199.0,-13174.0
2023-03-15,3112.67,2404.41,3861.72,3642.678468,1304.5799560546875,1435.0,44.63,42.91,7.1,25.0,5652.1,13199.0,-13174.0
2023-03-16,3051.51,2361.9,3861.72,3529.629533,1311.739990234375,1435.0,44.63,42.91,7.1,25.0,5652.1,13199.0,-13174.0
2023-03-17,3030.1,2345.55,3861.72,3495.807207,1301.6199951171875,1435.0,44.63,42.91,7.1,25.0,5652.1,13199.0,-13174.0
2023-03-20,3016.24,2355.28,3706.92,3429.804188,1307.6500244140625,1435.0,44.63,42.91,7.1,25.0,5652.1,13199.0,-13174.0
2023-03-21,3013.67,2356.05,3706.92,3414.599585,1304.93994140625,1435.0,44.63,42.91,7.1,25.0,5652.1,13199.0,-13174.0
2023-03-22,3024.77,2356.01,3706.92,3465.949856,1303.43994140625,1435.0,44.63,42.91,7.1,25.0,5652.1,13199.0,-13174.0
2023-03-23,3027.3,2349.69,3706.92,3503.685908,1298.25,1435.0,44.63,42.91,7.1,25.0,5652.1,13199.0,-13174.0
2023-03-24,3032.51,2353.77,3706.92,3511.407123,1286.2900390625,1435.0,44.63,42.91,7.1,25.0,5652.1,13199.0,-13174.0
2023-03-27,3047.77,2354.04,3538.29,3628.368523,1294.8299560546875,1415.0,44.63,42.91,7.1,25.0,5652.1,13199.0,-13174.0
2023-03-28,3074.6,2376.1,3538.29,3663.802919,1297.800048828125,1415.0,44.63,42.91,7.1,25.0,5652.1,13199.0,-13174.0
2023-03-29,3082.02,2394.91,3538.29,3618.039334,1296.97998046875,1415.0,44.63,42.91,7.1,25.0,5652.1,13199.0,-13174.0
2023-03-30,3121.33,2436.48,3538.29,3630.70126,1307.1300048828125,1415.0,44.63,42.91,7.1,25.0,5652.1,13199.0,-13174.0
2023-03-31,3097.67,2425.2,3538.29,3565.057366,1296.5,1415.0,44.63,42.91,7.1,25.0,5652.1,13199.0,-13174.0
2023-04-03,3131.59,2418.07,3268.6,3832.591023,1305.47998046875,1385.0,50.61,48.66,16.6,27.0,5342.0,12875.0,-12848.0
2023-04-04,3201.03,2429.47,3268.6,4129.76472,1308.050048828125,1385.0,50.61,48.66,16.6,27.0,5342.0,12875.0,-12848.0
2023-04-05,3142.26,2397.58,3268.6,3970.173589,1312.4100341796875,1385.0,50.61,48.66,16.6,27.0,5342.0,12875.0,-12848.0
2023-04-06,3105.86,2372.48,3268.6,3898.568789,1316.2099609375,1385.0,50.61,48.66,16.6,27.0,5342.0,12875.0,-12848.0
2023-04-07,3033.21,2308.62,3268.6,3819.682567,1317.93994140625,1385.0,50.61,48.66,16.6,27.0,5342.0,12875.0,-12848.0
2023-04-10,3023.31,2306.31,3127.11,3826.736312,1315.449951171875,1365.0,50.61,48.66,16.6,27.0,5342.0,12875.0,-12848.0
2023-04-11,3015.16,2302.46,3127.11,3801.586271,1320.8800048828125,1365.0,50.61,48.66,16.6,27.0,5342.0,12875.0,-12848.0
2023-04-12,2998.87,2293.07,3127.11,3760.822315,1322.0899658203125,1365.0,50.61,48.66,16.6,27.0,5342.0,12875.0,-12848.0
2023-04-13,2996.16,2294.1,3127.11,3742.365547,1322.8299560546875,1365.0,50.61,48.66,16.6,27.0,5342.0,12875.0,-12848.0
2023-04-14,2995.6,2321.1,3127.11,3615.416272,1301.4300537109375,1365.0,50.61,48.66,16.6,27.0,5342.0,12875.0,-12848.0
2023-04-17,2982.28,2345.83,2972.26,3489.284904,1303.3800048828125,1305.0,50.61,48.66,16.6,27.0,5342.0,12875.0,-12848.0
2023-04-18,2962.81,2332.16,2972.26,3452.843838,1316.0699462890625,1305.0,50.61,48.66,16.6,27.0,5342.0,12875.0,-12848.0
2023-04-19,2995.17,2360.0,2972.26,3492.200624,1315.9000244140625,1305.0,50.61,48.66,16.6,27.0,5342.0,12875.0,-12848.0
2023-04-20,3006.39,2337.58,2972.26,3639.432178,1326.760009765625,1305.0,50.61,48.66,16.6,27.0,5342.0,12875.0,-12848.0
2023-04-21,2994.94,2341.82,2972.26,3562.876601,1323.5999755859375,1305.0,50.61,48.66,16.6,27.0,5342.0,12875.0,-12848.0
2023-04-24,2943.65,2307.31,2788.89,3522.469715,1329.3800048828125,1295.0,50.61,48.66,16.6,27.0,5342.0,12875.0,-12848.0
2023-04-25,2901.08,2270.45,2788.89,3471.631988,1332.800048828125,1295.0,50.61,48.66,16.6,27.0,5342.0,12875.0,-12848.0
2023-04-26,2871.24,2233.95,2788.89,3501.232498,1341.0,1295.0,50.61,48.66,16.6,27.0,5342.0,12875.0,-12848.0
2023-04-27,2866.28,2231.46,2788.89,3487.425618,1337.8299560546875,1295.0,50.61,48.66,16.6,27.0,5342.0,12875.0,-12848.0
2023-04-28,2849.92,2224.21,2788.89,3437.714439,1339.3900146484375,1295.0,50.61,48.66,16.6,27.0,5342.0,12875.0,-12848.0
2023-05-01,2862.26,2244.74,2774.83,3414.393141,1337.1700439453125,1295.0,66.1,63.56,0.2,13.0,11552.3,25061.0,-25047.0
2023-05-02,2862.26,2244.74,2774.83,3414.393141,1342.7900390625,1295.0,66.1,63.56,0.2,13.0,11552.3,25061.0,-25047.0
2023-05-03,2870.91,2248.14,2774.83,3442.180947,1342.300048828125,1295.0,66.1,63.56,0.2,13.0,11552.3,25061.0,-25047.0
2023-05-04,2846.23,2239.25,2774.83,3359.178775,1335.22998046875,1295.0,66.1,63.56,0.2,13.0,11552.3,25061.0,-25047.0
2023-05-05,2794.25,2224.52,2774.83,3169.908696,1320.1500244140625,1295.0,66.1,63.56,0.2,13.0,11552.3,25061.0,-25047.0
2023-05-08,2772.11,2192.98,2822.89,3177.724333,1316.9599609375,1275.0,66.1,63.56,0.2,13.0,11552.3,25061.0,-25047.0
2023-05-09,2788.36,2208.19,2822.89,3192.086942,1322.4100341796875,1275.0,66.1,63.56,0.2,13.0,11552.3,25061.0,-25047.0
2023-05-10,2818.59,2243.03,2822.89,3192.263066,1326.050048828125,1275.0,66.1,63.56,0.2,13.0,11552.3,25061.0,-25047.0
2023-05-11,2778.14,2217.49,2822.89,3106.731538,1318.050048828125,1275.0,66.1,63.56,0.2,13.0,11552.3,25061.0,-25047.0
2023-05-12,2728.28,2174.83,2822.89,3046.353614,1329.8800048828125,1275.0,66.1,63.56,0.2,13.0,11552.3,25061.0,-25047.0
2023-05-15,2727.41,2155.01,2981.33,3071.660472,1341.52001953125,1265.0,66.1,63.56,0.2,13.0,11552.3,25061.0,-25047.0
2023-05-16,2753.67,2181.93,2981.33,3084.937737,1335.4000244140625,1265.0,66.1,63.56,0.2,13.0,11552.3,25061.0,-25047.0
2023-05-17,2727.59,2158.77,2981.33,3057.287614,1342.4300537109375,1265.0,66.1,63.56,0.2,13.0,11552.3,25061.0,-25047.0
2023-05-18,2758.08,2180.89,2981.33,3109.285345,1334.1500244140625,1265.0,66.1,63.56,0.2,13.0,11552.3,25061.0,-25047.0
2023-05-19,2748.38,2199.85,2981.33,2988.426836,1334.739990234375,1265.0,66.1,63.56,0.2,13.0,11552.3,25061.0,-25047.0
2023-05-22,2763.48,2197.61,3164.93,3011.729296,1324.2099609375,1235.0,66.1,63.56,0.2,13.0,11552.3,25061.0,-25047.0
2023-05-23,2739.61,2168.7,3164.93,3016.54481,1313.8299560546875,1235.0,66.1,63.56,0.2,13.0,11552.3,25061.0,-25047.0
2023-05-24,2695.05,2124.2,3164.93,2989.566411,1319.8399658203125,1235.0,66.1,63.56,0.2,13.0,11552.3,25061.0,-25047.0
2023-05-25,2646.0,2110.22,3164.93,2821.938354,1318.52001953125,1235.0,66.1,63.56,0.2,13.0,11552.3,25061.0,-25047.0
2023-05-26,2611.3,2094.96,3164.93,2727.719343,1330.8900146484375,1235.0,66.1,63.56,0.2,13.0,11552.3,25061.0,-25047.0
2023-05-29,2635.67,2120.32,3405.62,2679.935652,1322.4300537109375,1225.0,66.1,63.56,0.2,13.0,11552.3,25061.0,-25047.0
2023-05-30,2653.85,2139.97,3405.62,2685.83075,1324.5899658203125,1225.0,66.1,63.56,0.2,13.0,11552.3,25061.0,-25047.0
2023-05-31,2641.76,2144.46,3405.62,2619.848356,1319.7900390625,1225.0,66.1,63.56,0.2,13.0,11552.3,25061.0,-25047.0
2023-06-01,2626.26,2119.67,3405.62,2642.027515,1321.739990234375,1225.0,76.4,73.46,3.2,45.0,4244.4,9287.0,-9242.0
2023-06-02,2648.7,2158.68,3405.62,2597.768074,1312.8499755859375,1225.0,76.4,73.46,3.2,45.0,4244.4,9287.0,-9242.0
2023-06-05,2685.71,2186.29,3392.88,2655.878807,1305.1400146484375,1205.0,76.4,73.46,3.2,45.0,4244.4,9287.0,-9242.0
2023-06-06,2709.52,2174.69,3392.88,2791.987912,1299.7900390625,1205.0,76.4,73.46,3.2,45.0,4244.4,9287.0,-9242.0
2023-06-07,2700.24,2180.64,3392.88,2731.325519,1299.199951171875,1205.0,76.4,73.46,3.2,45.0,4244.4,9287.0,-9242.0
2023-06-08,2717.73,2190.62,3392.88,2768.632529,1308.3399658203125,1205.0,76.4,73.46,3.2,45.0,4244.4,9287.0,-9242.0
2023-06-09,2729.69,2196.56,3392.88,2797.463401,1296.3299560546875,1205.0,76.4,73.46,3.2,45.0,4244.4,9287.0,-9242.0
2023-06-12,2759.16,2232.07,3381.6,2796.706802,1286.68994140625,1195.0,76.4,73.46,3.2,45.0,4244.4,9287.0,-9242.0
2023-06-13,2729.98,2212.32,3381.6,2745.092278,1284.5799560546875,1195.0,76.4,73.46,3.2,45.0,4244.4,9287.0,-9242.0
2023-06-14,2735.97,2224.68,3381.6,2726.616677,1267.6199951171875,1195.0,76.4,73.46,3.2,45.0,4244.4,9287.0,-9242.0
2023-06-15,2758.63,2251.38,3381.6,2727.130196,1273.989990234375,1195.0,76.4,73.46,3.2,45.0,4244.4,9287.0,-9242.0
2023-06-16,2787.96,2267.06,3381.6,2792.55042,1270.050048828125,1195.0,76.4,73.46,3.2,45.0,4244.4,9287.0,-9242.0
2023-06-19,2787.03,2281.75,3437.73,2724.583229,1276.31005859375,1185.0,76.4,73.46,3.2,45.0,4244.4,9287.0,-9242.0
2023-06-20,2777.01,2269.88,3437.73,2724.31575,1283.239990234375,1185.0,76.4,73.46,3.2,45.0,4244.4,9287.0,-9242.0
2023-06-21,2765.35,2254.05,3437.73,2730.891722,1287.5400390625,1185.0,76.4,73.46,3.2,45.0,4244.4,9287.0,-9242.0
2023-06-22,2747.14,2236.75,3437.73,2716.157405,1288.3800048828125,1185.0,76.4,73.46,3.2,45.0,4244.4,9287.0,-9242.0
2023-06-23,2792.69,2262.36,3437.73,2813.208021,1298.2099609375,1185.0,76.4,73.46,3.2,45.0,4244.4,9287.0,-9242.0
2023-06-26,2755.28,2224.72,3450.69,2787.397887,1307.6700439453125,1175.0,76.4,73.46,3.2,45.0,4244.4,9287.0,-9242.0
2023-06-27,2730.1,2202.06,3450.69,2762.848294,1302.6600341796875,1175.0,76.4,73.46,3.2,45.0,4244.4,9287.0,-9242.0
2023-06-28,2757.18,2222.9,3450.69,2801.635794,1296.5999755859375,1175.0,76.4,73.46,3.2,45.0,4244.4,9287.0,-9242.0
2023-06-29,2759.3,2215.49,3450.69,2836.730498,1309.010009765625,1175.0,76.4,73.46,3.2,45.0,4244.4,9287.0,-9242.0
2023-06-30,2749.5,2197.34,3450.69,2860.806659,1323.0699462890625,1175.0,76.4,73.46,3.2,45.0,4244.4,9287.0,-9242.0
2023-07-03,2770.93,2207.25,3437.29,2917.921416,1315.300048828125,1175.0,82.84,79.66,0.1,4.0,8725.6,17805.0,-17800.0
2023-07-04,2793.33,2214.48,3437.29,2984.084467,1306.0999755859375,1175.0,82.84,79.66,0.1,4.0,8725.6,17805.0,-17800.0
2023-07-05,2779.73,2214.93,3437.29,2927.532739,1295.5,1175.0,82.84,79.66,0.1,4.0,8725.6,17805.0,-17800.0
2023-07-06,2766.04,2201.27,3437.29,2916.792337,1302.969970703125,1175.0,82.84,79.66,0.1,4.0,8725.6,17805.0,-17800.0
2023-07-07,2756.82,2216.38,3437.29,2831.281083,1309.219970703125,1175.0,82.84,79.66,0.1,4.0,8725.6,17805.0,-17800.0
2023-07-10,2740.47,2201.8,3449.55,2809.299315,1297.3699951171875,1175.0,82.84,79.66,0.1,4.0,8725.6,17805.0,-17800.0
2023-07-11,2718.04,2196.43,3449.55,2738.821595,1299.5400390625,1175.0,82.84,79.66,0.1,4.0,8725.6,17805.0,-17800.0
2023-07-12,2722.42,2210.04,3449.55,2714.266158,1291.510009765625,1175.0,82.84,79.66,0.1,4.0,8725.6,17805.0,-17800.0
2023-07-13,2718.31,2226.43,3449.55,2649.787312,1274.699951171875,1175.0,82.84,79.66,0.1,4.0,8725.6,17805.0,-17800.0
2023-07-14,2762.43,2286.04,3449.55,2640.247865,1266.8299560546875,1175.0,82.84,79.66,0.1,4.0,8725.6,17805.0,-17800.0
2023-07-17,2793.67,2293.79,3444.73,2732.982132,1268.3399658203125,1175.0,82.84,79.66,0.1,4.0,8725.6,17805.0,-17800.0
2023-07-18,2771.41,2260.74,3444.73,2746.195396,1265.449951171875,1175.0,82.84,79.66,0.1,4.0,8725.6,17805.0,-17800.0
2023-07-19,2782.4,2249.87,3444.73,2819.597655,1264.93994140625,1175.0,82.84,79.66,0.1,4.0,8725.6,17805.0,-17800.0
2023-07-20,2776.26,2234.97,3444.73,2841.407939,1265.0899658203125,1175.0,82.84,79.66,0.1,4.0,8725.6,17805.0,-17800.0
2023-07-21,2840.94,2272.72,3444.73,2975.601883,1278.4000244140625,1175.0,82.84,79.66,0.1,4.0,8725.6,17805.0,-17800.0
2023-07-24,2801.44,2253.77,3359.08,2905.674682,1285.6500244140625,1175.0,82.84,79.66,0.1,4.0,8725.6,17805.0,-17800.0
2023-07-25,2804.18,2255.34,3359.08,2911.511131,1280.530029296875,1175.0,82.84,79.66,0.1,4.0,8725.6,17805.0,-17800.0
2023-07-26,2896.33,2292.11,3359.08,3158.721043,1274.1199951171875,1175.0,82.84,79.66,0.1,4.0,8725.6,17805.0,-17800.0
2023-07-27,2899.2,2293.79,3359.08,3164.976716,1275.1700439453125,1175.0,82.84,79.66,0.1,4.0,8725.6,17805.0,-17800.0
2023-07-28,2851.62,2297.26,3359.08,2956.456367,1283.8800048828125,1175.0,82.84,79.66,0.1,4.0,8725.6,17805.0,-17800.0
2023-07-31,2807.7,2280.77,3230.12,2876.141234,1272.3900146484375,1175.0,82.84,79.66,0.1,4.0,8725.6,17805.0,-17800.0
2023-08-01,2804.31,2292.26,3230.12,2827.752685,1277.9300537109375,1175.0,83.43,80.22,0.3,16.0,9550.0,18879.0,-18863.0
2023-08-02,2814.61,2314.91,3230.12,2799.156284,1289.050048828125,1175.0,83.43,80.22,0.3,16.0,9550.0,18879.0,-18863.0
2023-08-03,2824.78,2280.98,3230.12,2937.258495,1295.3699951171875,1175.0,83.43,80.22,0.3,16.0,9550.0,18879.0,-18863.0
2023-08-04,2790.99,2250.5,3230.12,2899.566925,1296.4000244140625,1175.0,83.43,80.22,0.3,16.0,9550.0,18879.0,-18863.0
2023-08-07,2777.1,2253.26,3091.46,2880.787138,1303.050048828125,1175.0,83.43,80.22,0.3,16.0,9550.0,18879.0,-18863.0
2023-08-08,2745.52,2193.84,3091.46,2941.393249,1307.75,1175.0,83.43,80.22,0.3,16.0,9550.0,18879.0,-18863.0
2023-08-09,2721.91,2162.66,3091.46,2947.177943,1316.6700439453125,1175.0,83.43,80.22,0.3,16.0,9550.0,18879.0,-18863.0
2023-08-10,2740.73,2172.4,3091.46,2992.122459,1313.6400146484375,1175.0,83.43,80.22,0.3,16.0,9550.0,18879.0,-18863.0
2023-08-11,2749.27,2178.22,3091.46,3007.993458,1318.3299560546875,1175.0,83.43,80.22,0.3,16.0,9550.0,18879.0,-18863.0
2023-08-14,2736.67,2152.73,3107.99,3035.602311,1329.6099853515625,1185.0,83.43,80.22,0.3,16.0,9550.0,18879.0,-18863.0
2023-08-15,2718.63,2137.24,3107.99,3012.857191,1334.739990234375,1185.0,83.43,80.22,0.3,16.0,9550.0,18879.0,-18863.0
2023-08-16,2712.11,2125.89,3107.99,3024.366514,1338.739990234375,1185.0,83.43,80.22,0.3,16.0,9550.0,18879.0,-18863.0
2023-08-17,2717.35,2131.29,3107.99,3027.854665,1343.3299560546875,1185.0,83.43,80.22,0.3,16.0,9550.0,18879.0,-18863.0
2023-08-18,2743.87,2161.43,3107.99,3035.686964,1339.0799560546875,1185.0,83.43,80.22,0.3,16.0,9550.0,18879.0,-18863.0
2023-08-21,2747.43,2162.18,2910.93,3117.060538,1339.1700439453125,1185.0,83.43,80.22,0.3,16.0,9550.0,18879.0,-18863.0
2023-08-22,2752.78,2162.49,2910.93,3138.96396,1339.739990234375,1185.0,83.43,80.22,0.3,16.0,9550.0,18879.0,-18863.0
2023-08-23,2801.61,2204.42,2910.93,3202.003856,1339.68994140625,1185.0,83.43,80.22,0.3,16.0,9550.0,18879.0,-18863.0
2023-08-24,2815.03,2230.91,2910.93,3166.591137,1327.780029296875,1185.0,83.43,80.22,0.3,16.0,9550.0,18879.0,-18863.0
2023-08-25,2807.65,2233.12,2910.93,3127.478283,1326.6199951171875,1185.0,83.43,80.22,0.3,16.0,9550.0,18879.0,-18863.0
2023-08-28,2804.75,2235.21,2716.2,3183.073951,1323.6099853515625,1185.0,83.43,80.22,0.3,16.0,9550.0,18879.0,-18863.0
2023-08-29,2807.06,2234.87,2716.2,3194.190173,1322.8199462890625,1185.0,83.43,80.22,0.3,16.0,9550.0,18879.0,-18863.0
2023-08-30,2797.39,2226.49,2716.2,3181.63744,1321.0699462890625,1185.0,83.43,80.22,0.3,16.0,9550.0,18879.0,-18863.0
2023-08-31,2799.77,2242.3,2716.2,3136.957248,1323.030029296875,1185.0,83.43,80.22,0.3,16.0,9550.0,18879.0,-18863.0
2023-09-01,2820.71,2259.74,2716.2,3166.562251,1324.6400146484375,1185.0,82.91,79.72,5.1,49.0,11577.7,20369.0,-20320.0
2023-09-04,2851.56,2290.12,2671.36,3213.03131,1317.4599609375,1175.0,82.91,79.72,5.1,49.0,11577.7,20369.0,-20320.0
2023-09-05,2848.91,2273.15,2671.36,3259.59074,1317.949951171875,1175.0,82.91,79.72,5.1,49.0,11577.7,20369.0,-20320.0
2023-09-06,2879.35,2277.44,2671.36,3376.643541,1331.72998046875,1175.0,82.91,79.72,5.1,49.0,11577.7,20369.0,-20320.0
2023-09-07,2870.5,2279.32,2671.36,3330.499698,1333.4599609375,1175.0,82.91,79.72,5.1,49.0,11577.7,20369.0,-20320.0
2023-09-08,2841.2,2251.77,2671.36,3299.547748,1334.02001953125,1175.0,82.91,79.72,5.1,49.0,11577.7,20369.0,-20320.0
2023-09-11,2818.34,2237.29,2621.04,3272.844859,1335.3199462890625,1175.0,82.91,79.72,5.1,49.0,11577.7,20369.0,-20320.0
2023-09-12,2843.9,2263.85,2621.04,3290.853558,1320.43994140625,1175.0,82.91,79.72,5.1,49.0,11577.7,20369.0,-20320.0
2023-09-13,2866.72,2271.64,2621.04,3363.426335,1324.0999755859375,1175.0,82.91,79.72,5.1,49.0,11577.7,20369.0,-20320.0
2023-09-14,2879.06,2267.95,2621.04,3431.560411,1329.77001953125,1175.0,82.91,79.72,5.1,49.0,11577.7,20369.0,-20320.0
2023-09-15,2897.19,2298.31,2621.04,3401.743077,1327.06005859375,1175.0,82.91,79.72,5.1,49.0,11577.7,20369.0,-20320.0
2023-09-18,2894.64,2290.72,2475.44,3485.431514,1328.4200439453125,1175.0,82.91,79.72,5.1,49.0,11577.7,20369.0,-20320.0
2023-09-19,2887.86,2281.15,2475.44,3489.949814,1329.6600341796875,1175.0,82.91,79.72,5.1,49.0,11577.7,20369.0,-20320.0
2023-09-20,2895.22,2271.89,2475.44,3519.950511,1328.530029296875,1175.0,82.91,79.72,5.1,49.0,11577.7,20369.0,-20320.0
2023-09-21,2889.65,2287.81,2475.44,3472.690811,1332.3399658203125,1175.0,82.91,79.72,5.1,49.0,11577.7,20369.0,-20320.0
2023-09-22,2844.5,2250.55,2475.44,3404.581159,1341.1700439453125,1175.0,82.91,79.72,5.1,49.0,11577.7,20369.0,-20320.0
2023-09-25,2848.25,2269.55,2332.36,3422.205375,1334.6600341796875,1175.0,82.91,79.72,5.1,49.0,11577.7,20369.0,-20320.0
2023-09-26,2839.38,2254.42,2332.36,3437.297782,1338.449951171875,1175.0,82.91,79.72,5.1,49.0,11577.7,20369.0,-20320.0
2023-09-27,2830.96,2242.13,2332.36,3444.241383,1353.75,1175.0,82.91,79.72,5.1,49.0,11577.7,20369.0,-20320.0
2023-09-28,2820.58,2235.45,2332.36,3421.321668,1352.8199462890625,1175.0,82.91,79.72,5.1,49.0,11577.7,20369.0,-20320.0
2023-09-29,2846.24,2261.63,2332.36,3441.822058,1347.8499755859375,1175.0,82.91,79.72,5.1,49.0,11577.7,20369.0,-20320.0
2023-10-02,2854.53,2295.07,2259.02,3394.907367,1351.93994140625,1175.0,81.73,78.59,5.3,51.0,7651.0,13630.0,-13578.0
2023-10-03,2827.35,2276.15,2259.02,3340.425563,1354.18994140625,1175.0,81.73,78.59,5.3,51.0,7651.0,13630.0,-13578.0
2023-10-04,2783.05,2247.55,2259.02,3244.120364,1359.219970703125,1175.0,81.73,78.59,5.3,51.0,7651.0,13630.0,-13578.0
2023-10-05,2758.4,2238.59,2259.02,3166.639835,1351.1600341796875,1175.0,81.73,78.59,5.3,51.0,7651.0,13630.0,-13578.0
2023-10-06,2722.54,2215.19,2259.02,3091.132268,1346.06005859375,1175.0,81.73,78.59,5.3,51.0,7651.0,13630.0,-13578.0
2023-10-09,2744.36,2230.75,2252.84,3135.276665,1343.3599853515625,1195.0,81.73,78.59,5.3,51.0,7651.0,13630.0,-13578.0
2023-10-10,2757.1,2226.55,2252.84,3204.75215,1346.8900146484375,1195.0,81.73,78.59,5.3,51.0,7651.0,13630.0,-13578.0
2023-10-11,2738.18,2201.43,2252.84,3209.345147,1341.8900146484375,1195.0,81.73,78.59,5.3,51.0,7651.0,13630.0,-13578.0
2023-10-12,2722.51,2202.74,2252.84,3135.072453,1338.260009765625,1195.0,81.73,78.59,5.3,51.0,7651.0,13630.0,-13578.0
2023-10-13,2743.27,2211.25,2252.84,3196.244403,1348.3399658203125,1195.0,81.73,78.59,5.3,51.0,7651.0,13630.0,-13578.0
2023-10-16,2741.91,2202.65,2276.65,3208.344714,1352.0699462890625,1195.0,81.73,78.59,5.3,51.0,7651.0,13630.0,-13578.0
2023-10-17,2753.01,2211.0,2276.65,3228.017959,1347.760009765625,1195.0,81.73,78.59,5.3,51.0,7651.0,13630.0,-13578.0
2023-10-18,2736.43,2206.18,2276.65,3171.433558,1352.989990234375,1195.0,81.73,78.59,5.3,51.0,7651.0,13630.0,-13578.0
2023-10-19,2755.84,2233.69,2276.65,3160.524803,1354.56005859375,1195.0,81.73,78.59,5.3,51.0,7651.0,13630.0,-13578.0
2023-10-20,2726.59,2220.66,2276.65,3078.228136,1356.22998046875,1195.0,81.73,78.59,5.3,51.0,7651.0,13630.0,-13578.0
2023-10-23,2730.94,2210.73,2342.51,3098.390493,1349.3399658203125,1185.0,81.73,78.59,5.3,51.0,7651.0,13630.0,-13578.0
2023-10-24,2700.58,2190.97,2342.51,3035.18265,1334.43994140625,1185.0,81.73,78.59,5.3,51.0,7651.0,13630.0,-13578.0
2023-10-25,2693.98,2201.96,2342.51,2970.025134,1343.6400146484375,1185.0,81.73,78.59,5.3,51.0,7651.0,13630.0,-13578.0
2023-10-26,2724.4,2237.49,2342.51,2980.592784,1352.6800537109375,1185.0,81.73,78.59,5.3,51.0,7651.0,13630.0,-13578.0
2023-10-27,2732.06,2239.16,2342.51,3006.982739,1350.3399658203125,1185.0,81.73,78.59,5.3,51.0,7651.0,13630.0,-13578.0
2023-10-30,2725.61,2237.44,2280.56,3014.145954,1355.219970703125,1185.0,81.73,78.59,5.3,51.0,7651.0,13630.0,-13578.0
2023-10-31,2767.09,2285.24,2280.56,3031.418534,1348.0699462890625,1185.0,81.73,78.59,5.3,51.0,7651.0,13630.0,-13578.0
2023-11-01,2726.75,2267.61,2280.56,2920.790219,1350.1600341796875,1185.0,81.08,77.97,0.1,4.0,6034.8,10749.0,-10744.0
2023-11-02,2730.24,2276.1,2280.56,2908.352209,1347.8399658203125,1185.0,81.08,77.97,0.1,4.0,6034.8,10749.0,-10744.0
2023-11-03,2739.21,2282.82,2280.56,2923.697085,1333.6800537109375,1185.0,81.08,77.97,0.1,4.0,6034.8,10749.0,-10744.0
2023-11-06,2739.07,2291.16,2236.31,2917.477067,1307.8399658203125,1185.0,81.08,77.97,0.1,4.0,6034.8,10749.0,-10744.0
2023-11-07,2745.03,2311.91,2236.31,2877.270749,1297.1099853515625,1185.0,81.08,77.97,0.1,4.0,6034.8,10749.0,-10744.0
2023-11-08,2740.65,2297.82,2236.31,2902.519874,1304.550048828125,1185.0,81.08,77.97,0.1,4.0,6034.8,10749.0,-10744.0
2023-11-09,2767.27,2311.55,2236.31,2967.188603,1308.1199951171875,1185.0,81.08,77.97,0.1,4.0,6034.8,10749.0,-10744.0
2023-11-10,2772.51,2304.28,2236.31,3011.204007,1315.199951171875,1185.0,81.08,77.97,0.1,4.0,6034.8,10749.0,-10744.0
2023-11-13,2768.1,2299.86,2184.08,3032.297168,1319.6199951171875,1135.0,81.08,77.97,0.1,4.0,6034.8,10749.0,-10744.0
2023-11-14,2766.73,2307.45,2184.08,3002.275771,1319.0699462890625,1135.0,81.08,77.97,0.1,4.0,6034.8,10749.0,-10744.0
2023-11-15,2758.01,2303.65,2184.08,2978.451544,1304.239990234375,1135.0,81.08,77.97,0.1,4.0,6034.8,10749.0,-10744.0
2023-11-16,2791.66,2337.75,2184.08,3008.952732,1301.8599853515625,1135.0,81.08,77.97,0.1,4.0,6034.8,10749.0,-10744.0
2023-11-17,2768.87,2314.22,2184.08,2989.473583,1292.449951171875,1135.0,81.08,77.97,0.1,4.0,6034.8,10749.0,-10744.0
2023-11-20,2759.35,2311.0,2086.24,3008.641589,1294.5,1135.0,81.08,77.97,0.1,4.0,6034.8,10749.0,-10744.0
2023-11-21,2761.53,2323.04,2086.24,2979.526922,1288.1500244140625,1135.0,81.08,77.97,0.1,4.0,6034.8,10749.0,-10744.0
2023-11-22,2780.07,2339.19,2086.24,3005.01481,1295.18994140625,1135.0,81.08,77.97,0.1,4.0,6034.8,10749.0,-10744.0
2023-11-23,2783.79,2333.24,2086.24,3038.827177,1298.7900390625,1135.0,81.08,77.97,0.1,4.0,6034.8,10749.0,-10744.0
2023-11-24,2783.17,2325.18,2086.24,3061.797155,1300.1800537109375,1135.0,81.08,77.97,0.1,4.0,6034.8,10749.0,-10744.0
2023-11-27,2764.08,2318.3,1972.16,3064.214337,1289.7900390625,1135.0,81.08,77.97,0.1,4.0,6034.8,10749.0,-10744.0
2023-11-28,2767.29,2312.5,1972.16,3096.358069,1302.530029296875,1135.0,81.08,77.97,0.1,4.0,6034.8,10749.0,-10744.0
2023-11-29,2756.12,2300.66,1972.16,3087.53741,1287.530029296875,1135.0,81.08,77.97,0.1,4.0,6034.8,10749.0,-10744.0
2023-11-30,2761.45,2310.43,1972.16,3078.306087,1288.3599853515625,1135.0,81.08,77.97,0.1,4.0,6034.8,10749.0,-10744.0
2023-12-01,2765.75,2295.32,1972.16,3145.39865,1296.6600341796875,1135.0,84.06,80.83,2.6,33.0,6783.2,11570.0,-11538.0
2023-12-04,2767.28,2311.01,1826.66,3182.878456,1299.18994140625,1130.0,84.06,80.83,2.6,33.0,6783.2,11570.0,-11538.0
2023-12-05,2761.15,2305.82,1826.66,3173.555228,1307.800048828125,1130.0,84.06,80.83,2.6,33.0,6783.2,11570.0,-11538.0
2023-12-06,2723.89,2272.33,1826.66,3123.337067,1313.3699951171875,1130.0,84.06,80.83,2.6,33.0,6783.2,11570.0,-11538.0
2023-12-07,2736.78,2247.98,1826.66,3260.731742,1313.719970703125,1130.0,84.06,80.83,2.6,33.0,6783.2,11570.0,-11538.0
2023-12-08,2764.36,2248.08,1826.66,3384.948996,1312.760009765625,1130.0,84.06,80.83,2.6,33.0,6783.2,11570.0,-11538.0
2023-12-11,2777.13,2276.69,1661.85,3448.908028,1316.510009765625,1130.0,84.06,80.83,2.6,33.0,6783.2,11570.0,-11538.0
2023-12-12,2752.42,2255.19,1661.85,3411.796151,1313.6199951171875,1130.0,84.06,80.83,2.6,33.0,6783.2,11570.0,-11538.0
2023-12-13,2736.05,2269.41,1661.85,3282.543537,1310.1400146484375,1130.0,84.06,80.83,2.6,33.0,6783.2,11570.0,-11538.0
2023-12-14,2721.03,2251.61,1661.85,3276.886382,1292.010009765625,1130.0,84.06,80.83,2.6,33.0,6783.2,11570.0,-11538.0
2023-12-15,2748.26,2295.5,1661.85,3245.82878,1291.9200439453125,1130.0,84.06,80.83,2.6,33.0,6783.2,11570.0,-11538.0
2023-12-18,2753.81,2314.82,1608.56,3241.521033,1276.469970703125,1115.0,84.06,80.83,2.6,33.0,6783.2,11570.0,-11538.0
2023-12-19,2736.47,2304.25,1608.56,3200.153573,1302.9300537109375,1115.0,84.06,80.83,2.6,33.0,6783.2,11570.0,-11538.0
2023-12-20,2733.28,2303.23,1608.56,3189.462136,1297.760009765625,1115.0,84.06,80.83,2.6,33.0,6783.2,11570.0,-11538.0
2023-12-21,2730.32,2306.23,1608.56,3166.279152,1296.97998046875,1115.0,84.06,80.83,2.6,33.0,6783.2,11570.0,-11538.0
2023-12-22,2748.54,2313.11,1608.56,3223.413281,1291.7099609375,1115.0,84.06,80.83,2.6,33.0,6783.2,11570.0,-11538.0
2023-12-25,2779.13,2344.23,1604.29,3256.992275,1297.3599853515625,1125.0,84.06,80.83,2.6,33.0,6783.2,11570.0,-11538.0
2023-12-26,2775.93,2342.74,1604.29,3247.797952,1294.5799560546875,1125.0,84.06,80.83,2.6,33.0,6783.2,11570.0,-11538.0
2023-12-27,2779.35,2348.71,1604.29,3242.826859,1293.9200439453125,1125.0,84.06,80.83,2.6,33.0,6783.2,11570.0,-11538.0
2023-12-28,2786.64,2367.18,1604.29,3213.029763,1294.760009765625,1125.0,84.06,80.83,2.6,33.0,6783.2,11570.0,-11538.0
2023-12-29,2783.29,2374.53,1604.29,3174.172398,1277.8399658203125,1125.0,84.06,80.83,2.6,33.0,6783.2,11570.0,-11538.0
2024-01-01,2764.54,2372.83,1597.32,3103.587499,1293.530029296875,1125.0,83.65,80.44,0.2,12.0,9211.4,16147.0,-16135.0
2024-01-02,2764.54,2372.83,1597.32,3103.587499,1293.5400390625,1125.0,83.65,80.44,0.2,12.0,9211.4,16147.0,-16135.0
2024-01-03,2745.41,2380.19,1597.32,2998.750166,1307.6199951171875,1125.0,83.65,80.44,0.2,12.0,9211.4,16147.0,-16135.0
2024-01-04,2740.15,2362.41,1597.32,3031.440086,1309.530029296875,1125.0,83.65,80.44,0.2,12.0,9211.4,16147.0,-16135.0
2024-01-05,2737.09,2351.55,1597.32,3052.532127,1311.25,1125.0,83.65,80.44,0.2,12.0,9211.4,16147.0,-16135.0
2024-01-08,2722.96,2333.89,1594.05,3050.779364,1313.1300048828125,1135.0,83.65,80.44,0.2,12.0,9211.4,16147.0,-16135.0
2024-01-09,2707.37,2324.35,1594.05,3014.872423,1311.800048828125,1135.0,83.65,80.44,0.2,12.0,9211.4,16147.0,-16135.0
2024-01-10,2720.54,2324.0,1594.05,3071.600128,1319.7900390625,1135.0,83.65,80.44,0.2,12.0,9211.4,16147.0,-16135.0
2024-01-11,2700.61,2313.63,1594.05,3019.63937,1317.5,1135.0,83.65,80.44,0.2,12.0,9211.4,16147.0,-16135.0
2024-01-12,2686.51,2318.08,1594.05,2945.783204,1311.989990234375,1135.0,83.65,80.44,0.2,12.0,9211.4,16147.0,-16135.0
2024-01-15,2678.48,2299.69,1590.53,2971.555053,1312.8499755859375,1135.0,83.65,80.44,0.2,12.0,9211.4,16147.0,-16135.0
2024-01-16,2664.3,2284.88,1590.53,2958.475848,1319.7099609375,1135.0,83.65,80.44,0.2,12.0,9211.4,16147.0,-16135.0
2024-01-17,2662.96,2279.37,1590.53,2970.151551,1337.7900390625,1135.0,83.65,80.44,0.2,12.0,9211.4,16147.0,-16135.0
2024-01-18,2653.41,2269.36,1590.53,2961.539942,1344.050048828125,1135.0,83.65,80.44,0.2,12.0,9211.4,16147.0,-16135.0
2024-01-19,2640.78,2256.15,1590.53,2950.025016,1337.6600341796875,1135.0,83.65,80.44,0.2,12.0,9211.4,16147.0,-16135.0
2024-01-22,2633.09,2274.94,1582.49,2863.037913,1333.2099609375,1130.0,83.65,80.44,0.2,12.0,9211.4,16147.0,-16135.0
2024-01-23,2638.3,2270.97,1582.49,2896.651395,1338.739990234375,1130.0,83.65,80.44,0.2,12.0,9211.4,16147.0,-16135.0
2024-01-24,2660.26,2301.11,1582.49,2894.587485,1336.780029296875,1130.0,83.65,80.44,0.2,12.0,9211.4,16147.0,-16135.0
2024-01-25,2689.17,2345.47,1582.49,2878.123185,1329.8900146484375,1130.0,83.65,80.44,0.2,12.0,9211.4,16147.0,-16135.0
2024-01-26,2685.28,2356.11,1582.49,2830.531706,1336.030029296875,1130.0,83.65,80.44,0.2,12.0,9211.4,16147.0,-16135.0
2024-01-29,2687.59,2357.64,1580.04,2836.875461,1336.760009765625,1130.0,83.65,80.44,0.2,12.0,9211.4,16147.0,-16135.0
2024-01-30,2681.55,2360.47,1580.04,2804.448933,1333.2099609375,1130.0,83.65,80.44,0.2,12.0,9211.4,16147.0,-16135.0
2024-01-31,2700.06,2359.62,1580.04,2880.269142,1326.6199951171875,1130.0,83.65,80.44,0.2,12.0,9211.4,16147.0,-16135.0
2024-02-01,2679.77,2353.72,1580.04,2815.755113,1333.9100341796875,1130.0,89.58,86.14,0.3,14.0,6469.0,11671.0,-11657.0
2024-02-02,2658.57,2330.71,1580.04,2798.269344,1328.949951171875,1130.0,89.58,86.14,0.3,14.0,6469.0,11671.0,-11657.0
2024-02-05,2659.47,2317.82,1581.59,2838.494434,1337.72998046875,1130.0,89.58,86.14,0.3,14.0,6469.0,11671.0,-11657.0
2024-02-06,2657.83,2295.33,1581.59,2898.815802,1333.3900146484375,1130.0,89.58,86.14,0.3,14.0,6469.0,11671.0,-11657.0
2024-02-07,2640.83,2282.42,1581.59,2868.231512,1326.7900390625,1130.0,89.58,86.14,0.3,14.0,6469.0,11671.0,-11657.0
2024-02-08,2652.25,2289.66,1581.59,2893.102454,1327.6199951171875,1130.0,89.58,86.14,0.3,14.0,6469.0,11671.0,-11657.0
2024-02-09,2665.57,2296.13,1581.59,2928.271062,1331.469970703125,1130.0,89.58,86.14,0.3,14.0,6469.0,11671.0,-11657.0
2024-02-12,2652.6,2271.38,1603.15,2936.732931,1330.06005859375,1130.0,89.58,86.14,0.3,14.0,6469.0,11671.0,-11657.0
2024-02-13,2647.48,2272.48,1603.15,2911.790323,1328.5,1130.0,89.58,86.14,0.3,14.0,6469.0,11671.0,-11657.0
2024-02-14,2656.49,2284.54,1603.15,2911.790323,1340.7900390625,1130.0,89.58,86.14,0.3,14.0,6469.0,11671.0,-11657.0
2024-02-15,2650.02,2278.9,1603.15,2902.396623,1326.0,1130.0,89.58,86.14,0.3,14.0,6469.0,11671.0,-11657.0
2024-02-16,2659.37,2289.66,1603.15,2907.885161,1327.6600341796875,1130.0,89.58,86.14,0.3,14.0,6469.0,11671.0,-11657.0
2024-02-19,2665.14,2302.26,1604.07,2892.269854,1331.5799560546875,1130.0,89.58,86.14,0.3,14.0,6469.0,11671.0,-11657.0
2024-02-20,2652.14,2302.44,1604.07,2838.246875,1333.3399658203125,1130.0,89.58,86.14,0.3,14.0,6469.0,11671.0,-11657.0
2024-02-21,2631.8,2271.78,1604.07,2847.683208,1333.75,1130.0,89.58,86.14,0.3,14.0,6469.0,11671.0,-11657.0
2024-02-22,2662.79,2292.28,1604.07,2912.245041,1332.8699951171875,1130.0,89.58,86.14,0.3,14.0,6469.0,11671.0,-11657.0
2024-02-23,2662.72,2280.69,1604.07,2947.762491,1327.1700439453125,1130.0,89.58,86.14,0.3,14.0,6469.0,11671.0,-11657.0
2024-02-26,2662.42,2279.98,1602.01,2950.11311,1330.0,1130.0,89.58,86.14,0.3,14.0,6469.0,11671.0,-11657.0
2024-02-27,2652.23,2260.51,1602.01,2968.585359,1331.719970703125,1130.0,89.58,86.14,0.3,14.0,6469.0,11671.0,-11657.0
2024-02-28,2667.06,2273.02,1602.01,2991.517018,1331.7900390625,1130.0,89.58,86.14,0.3,14.0,6469.0,11671.0,-11657.0
2024-02-29,2673.87,2275.26,1602.01,3013.308156,1333.3800048828125,1130.0,89.58,86.14,0.3,14.0,6469.0,11671.0,-11657.0
2024-03-01,2675.73,2269.43,1602.01,3040.057489,1335.199951171875,1130.0,89.35,85.91,10.3,48.0,9511.5,16674.0,-16626.0
2024-03-04,2706.03,2273.13,1653.7,3123.300109,1330.9000244140625,1130.0,89.35,85.91,10.3,48.0,9511.5,16674.0,-16626.0
2024-03-05,2713.45,2268.92,1653.7,3169.832134,1328.93994140625,1130.0,89.35,85.91,10.3,48.0,9511.5,16674.0,-16626.0
2024-03-06,2723.66,2278.47,1653.7,3182.598344,1333.4300537109375,1130.0,89.35,85.91,10.3,48.0,9511.5,16674.0,-16626.0
2024-03-07,2710.67,2276.47,1653.7,3131.860693,1327.0899658203125,1130.0,89.35,85.91,10.3,48.0,9511.5,16674.0,-16626.0
2024-03-08,2730.12,2308.59,1653.7,3109.597311,1321.1800537109375,1130.0,89.35,85.91,10.3,48.0,9511.5,16674.0,-16626.0
2024-03-11,2736.57,2305.68,1748.85,3082.817178,1315.97998046875,1130.0,89.35,85.91,10.3,48.0,9511.5,16674.0,-16626.0
2024-03-12,2705.95,2283.75,1748.85,3023.387246,1310.5400390625,1130.0,89.35,85.91,10.3,48.0,9511.5,16674.0,-16626.0
2024-03-13,2694.11,2280.28,1748.85,2984.39697,1311.1500244140625,1130.0,89.35,85.91,10.3,48.0,9511.5,16674.0,-16626.0
2024-03-14,2698.98,2290.77,1748.85,2971.485778,1313.6500244140625,1130.0,89.35,85.91,10.3,48.0,9511.5,16674.0,-16626.0
2024-03-15,2678.96,2278.58,1748.85,2926.387575,1321.9200439453125,1130.0,89.35,85.91,10.3,48.0,9511.5,16674.0,-16626.0
2024-03-18,2683.09,2280.69,1800.18,2906.135818,1329.3399658203125,1115.0,89.35,85.91,10.3,48.0,9511.5,16674.0,-16626.0
2024-03-19,2670.75,2275.54,1800.18,2871.38871,1336.0899658203125,1115.0,89.35,85.91,10.3,48.0,9511.5,16674.0,-16626.0
2024-03-20,2664.21,2274.05,1800.18,2849.329575,1337.02001953125,1115.0,89.35,85.91,10.3,48.0,9511.5,16674.0,-16626.0
2024-03-21,2672.94,2280.1,1800.18,2866.318925,1330.1099853515625,1115.0,89.35,85.91,10.3,48.0,9511.5,16674.0,-16626.0
2024-03-22,2686.74,2303.41,1800.18,2851.135992,1334.6800537109375,1115.0,89.35,85.91,10.3,48.0,9511.5,16674.0,-16626.0
2024-03-25,2679.09,2285.98,1814.85,2864.511186,1343.5999755859375,1115.0,89.35,85.91,10.3,48.0,9511.5,16674.0,-16626.0
2024-03-26,2692.13,2292.86,1814.85,2896.366997,1339.1300048828125,1115.0,89.35,85.91,10.3,48.0,9511.5,16674.0,-16626.0
2024-03-27,2691.12,2284.67,1814.85,2917.438416,1343.06005859375,1115.0,89.35,85.91,10.3,48.0,9511.5,16674.0,-16626.0
2024-03-28,2669.82,2247.71,1814.85,2944.661257,1349.800048828125,1115.0,89.35,85.91,10.3,48.0,9511.5,16674.0,-16626.0
2024-03-29,2670.9,2252.94,1814.85,2932.519208,1349.800048828125,1115.0,89.35,85.91,10.3,48.0,9511.5,16674.0,-16626.0
2024-04-01,2654.38,2241.43,1793.94,2912.309982,1345.31005859375,1060.0,89.14,85.71,4.1,51.0,8897.8,15605.0,-15554.0
2024-04-02,2629.59,2214.5,1793.94,2894.334764,1355.530029296875,1060.0,89.14,85.71,4.1,51.0,8897.8,15605.0,-15554.0
2024-04-03,2674.83,2268.55,1793.94,2911.283224,1350.72998046875,1060.0,89.14,85.71,4.1,51.0,8897.8,15605.0,-15554.0
2024-04-04,2671.35,2271.66,1793.94,2887.210159,1344.8399658203125,1060.0,89.14,85.71,4.1,51.0,8897.8,15605.0,-15554.0
2024-04-05,2703.31,2325.87,1793.94,2850.585794,1351.3599853515625,1060.0,89.14,85.71,4.1,51.0,8897.8,15605.0,-15554.0
2024-04-08,2707.2,2325.96,1786.62,2870.024492,1350.27001953125,1060.0,89.14,85.71,4.1,51.0,8897.8,15605.0,-15554.0
2024-04-09,2721.63,2350.09,1786.62,2855.592566,1354.219970703125,1060.0,89.14,85.71,4.1,51.0,8897.8,15605.0,-15554.0
2024-04-10,2743.25,2373.28,1786.62,2873.050511,1348.5400390625,1060.0,89.14,85.71,4.1,51.0,8897.8,15605.0,-15554.0
2024-04-11,2772.73,2409.79,1786.62,2882.604432,1363.760009765625,1060.0,89.14,85.71,4.1,51.0,8897.8,15605.0,-15554.0
2024-04-12,2764.24,2387.59,1786.62,2913.727661,1367.8399658203125,1060.0,89.14,85.71,4.1,51.0,8897.8,15605.0,-15554.0
2024-04-15,2809.3,2424.9,1822.32,2962.147411,1379.6099853515625,1060.0,89.14,85.71,4.1,51.0,8897.8,15605.0,-15554.0
2024-04-16,2841.8,2448.59,1822.32,3021.639657,1387.6700439453125,1060.0,89.14,85.71,4.1,51.0,8897.8,15605.0,-15554.0
2024-04-17,2833.68,2436.2,1822.32,3026.094925,1387.3399658203125,1060.0,89.14,85.71,4.1,51.0,8897.8,15605.0,-15554.0
2024-04-18,2875.65,2472.68,1822.32,3085.795072,1379.5400390625,1060.0,89.14,85.71,4.1,51.0,8897.8,15605.0,-15554.0
2024-04-19,2922.89,2518.53,1822.32,3138.775751,1379.4000244140625,1060.0,89.14,85.71,4.1,51.0,8897.8,15605.0,-15554.0
2024-04-22,2946.21,2545.26,1819.96,3154.139607,1373.9300537109375,1080.0,89.14,85.71,4.1,51.0,8897.8,15605.0,-15554.0
2024-04-23,2929.48,2546.98,1819.96,3081.062858,1378.8399658203125,1080.0,89.14,85.71,4.1,51.0,8897.8,15605.0,-15554.0
2024-04-24,2886.01,2500.92,1819.96,3043.299367,1370.47998046875,1080.0,89.14,85.71,4.1,51.0,8897.8,15605.0,-15554.0
2024-04-25,2895.92,2521.51,1819.96,3021.949758,1376.969970703125,1080.0,89.14,85.71,4.1,51.0,8897.8,15605.0,-15554.0
2024-04-26,2917.29,2545.06,1819.96,3037.851922,1371.699951171875,1080.0,89.14,85.71,4.1,51.0,8897.8,15605.0,-15554.0
2024-04-29,2909.74,2543.69,1825.67,3008.618815,1377.0899658203125,1250.0,89.14,85.71,4.1,51.0,8897.8,15605.0,-15554.0
2024-04-30,2916.82,2538.73,1825.67,3050.612132,1374.6400146484375,1250.0,89.14,85.71,4.1,51.0,8897.8,15605.0,-15554.0
2024-05-01,2930.83,2544.01,1825.67,3090.7474,1385.4599609375,1250.0,88.76,85.35,,,,,
2024-05-02,2933.14,2521.87,1825.67,3165.351987,1375.0,1250.0,88.76,85.35,,,,,
2024-05-03,2919.68,2499.86,1825.67,3177.521986,1364.6400146484375,1250.0,88.76,85.35,,,,,
2024-05-06,2924.67,2513.84,1845.64,3142.410642,1355.050048828125,1280.0,88.76,85.35,,,,,
2024-05-07,2926.74,2523.82,1845.64,3120.53461,1352.1700439453125,1280.0,88.76,85.35,,,,,
2024-05-08,2947.21,2537.67,1845.64,3161.586055,1357.72998046875,1280.0,88.76,85.35,,,,,
2024-05-09,2918.41,2510.79,1845.64,3125.925228,1361.93994140625,1280.0,88.76,85.35,,,,,
2024-05-10,2898.54,2504.5,1845.64,3064.303101,1365.4000244140625,1280.0,88.76,85.35,,,,,
2024-05-13,2916.08,2528.67,1845.16,3062.969794,1370.1099853515625,1350.0,88.76,85.35,,,,,
2024-05-14,2904.5,2537.35,1845.16,2991.274545,1363.7900390625,1350.0,88.76,85.35,,,,,
2024-05-15,2883.47,2535.82,1845.16,2913.579647,1362.550048828125,1350.0,88.76,85.35,,,,,
2024-05-16,2908.73,2555.72,1845.16,2954.713511,1353.5999755859375,1350.0,88.76,85.35,,,,,
2024-05-17,2923.02,2575.03,1845.16,2955.455026,1346.0400390625,1350.0,88.76,85.35,,,,,
2024-05-20,2962.91,2604.89,1815.48,3041.989113,1353.3900146484375,1350.0,88.76,85.35,,,,,
2024-05-21,2996.7,2664.45,1815.48,,1360.1600341796875,1350.0,88.76,85.35,,,,,
2024-05-22,3009.78,2685.12,1815.48,,1363.4200439453125,1350.0,88.76,85.35,,,,,
2024-05-23,2995.46,2659.88,1815.48,,1365.81005859375,1350.0,88.76,85.35,,,,,
2024-05-24,2967.05,2615.42,1815.48,,1367.6199951171875,1350.0,88.76,85.35,,,,,
2024-05-27,2966.33,2627.1,1812.89,,1365.7099609375,1360.0,88.76,85.35,,,,,
2024-05-28,2959.51,2621.73,1812.89,,1360.9300537109375,1360.0,88.76,85.35,,,,,
2024-05-29,2968.88,2647.32,1812.89,,1362.760009765625,1360.0,88.76,85.35,,,,,
2024-05-30,2959.39,2644.68,1812.89,,1370.550048828125,1360.0,88.76,85.35,,,,,
2024-05-31,2915.97,2600.83,1812.89,,1375.6199951171875,1360.0,88.76,85.35,,,,,
2024-06-03,2907.77,2594.63,1815.23,,1382.0999755859375,1440.0,,,,,,,
2024-06-04,2880.53,2560.27,1815.23,,1370.7900390625,1440.0,,,,,,,
2024-06-05,2860.06,2527.85,1815.23,,1373.719970703125,1440.0,,,,,,,
2024-06-06,2828.09,2497.68,1815.23,,1368.739990234375,1440.0,,,,,,,
2024-06-07,2835.86,2513.88,1815.23,,1365.25,1440.0,,,,,,,
2024-06-10,,,,,1379.050048828125,,,,,,,,
2024-06-11,,,,,1373.9599609375,,,,,,,,
2024-06-12,,,,,1377.3599853515625,,,,,,,,
2024-06-13,,,,,1376.02001953125,,,,,,,,
