기준일,에너지광물지수
2012-01-03,2173.145366
2012-01-04,2163.941625
2012-01-05,2170.100435
2012-01-06,2189.777459
2012-01-09,2193.479913
2012-01-10,2189.809068
2012-01-11,2188.593235
2012-01-12,2185.533033
2012-01-13,2184.316817
2012-01-16,2183.098508
2012-01-17,2180.039324
2012-01-18,2177.584123
2012-01-19,2197.809027
2012-01-20,2217.959709
2012-01-23,2218.490497
2012-01-24,2234.283734
2012-01-25,2253.645179
2012-01-26,2262.075389
2012-01-27,2248.789777
2012-01-30,2251.914617
2012-01-31,2254.432375
2012-02-01,2247.098288
2012-02-02,2239.710704
2012-02-03,2243.708443
2012-02-06,2250.673441
2012-02-07,2256.64235
2012-02-08,2262.60246
2012-02-09,2204.383262
2012-02-10,2186.147309
2012-02-13,2192.844047
2012-02-14,2189.167426
2012-02-15,2194.805346
2012-02-16,2201.054247
2012-02-17,2210.779758
2012-02-20,2201.078067
2012-02-21,2194.883339
2012-02-22,2194.883339
2012-02-23,2194.883339
2012-02-24,2192.38369
2012-02-27,2185.11829
2012-02-28,2173.519499
2012-02-29,2164.947979
2012-03-01,2151.546836
2012-03-02,2148.501277
2012-03-05,2125.946291
2012-03-06,2119.188355
2012-03-07,2093.446791
2012-03-08,2089.141853
2012-03-09,2072.506532
2012-03-12,2049.949743
2012-03-13,2040.618877
2012-03-14,2038.551564
2012-03-15,2050.518203
2012-03-16,2053.065012
2012-03-19,2051.870499
2012-03-20,2063.124058
2012-03-21,2067.426329
2012-03-22,2061.228905
2012-03-23,2064.418343
2012-03-26,2062.560953
2012-03-27,2061.355643
2012-03-28,2062.036063
2012-03-29,2065.677144
2012-03-30,2076.817865
2012-04-02,2076.817865
2012-04-03,2073.732458
2012-04-04,2073.662408
2012-04-05,2062.479637
2012-04-10,2060.465534
2012-04-11,2062.107781
2012-04-12,2062.107781
2012-04-13,2050.804825
2012-04-16,2066.513961
2012-04-17,2065.061821
2012-04-18,2031.660205
2012-04-19,2031.660205
2012-04-20,2027.843872
2012-04-23,2021.476629
2012-04-24,2019.563092
2012-04-25,2011.414089
2012-04-26,2002.467119
2012-04-27,2010.155122
2012-04-30,2010.140285
2012-05-01,1995.246303
2012-05-02,1979.23951
2012-05-03,1982.906099
2012-05-04,1986.778179
2012-05-08,1984.952997
2012-05-09,1986.246334
2012-05-10,1995.638985
2012-05-11,2004.704272
2012-05-14,2001.552085
2012-05-15,1987.493126
2012-05-16,1986.192853
2012-05-17,1972.094956
2012-05-18,1966.875637
2012-05-21,1953.807983
2012-05-22,1953.807983
2012-05-23,1938.487262
2012-05-24,1916.730071
2012-05-25,1914.853561
2012-05-28,1894.903112
2012-05-29,1894.903112
2012-05-30,1899.52126
2012-05-31,1907.233173
2012-06-01,1905.235256
2012-06-06,1898.571634
2012-06-07,1884.473609
2012-06-08,1873.095276
2012-06-11,1840.117094
2012-06-12,1822.571076
2012-06-13,1818.787918
2012-06-14,1824.546999
2012-06-15,1816.326358
2012-06-18,1813.331527
2012-06-19,1813.935696
2012-06-20,1798.852107
2012-06-21,1806.714979
2012-06-22,1812.21697
2012-06-25,1840.04663
2012-06-26,1853.651892
2012-06-27,1860.45538
2012-06-28,1861.819749
2012-06-29,1866.483864
2012-07-02,1881.206708
2012-07-03,1869.879443
2012-07-04,1870.85164
2012-07-05,1865.140639
2012-07-06,1852.375658
2012-07-09,1841.965649
2012-07-10,1851.00552
2012-07-11,1830.202005
2012-07-12,1823.751552
2012-07-13,1810.162604
2012-07-16,1811.800944
2012-07-17,1804.069374
2012-07-18,1817.746677
2012-07-19,1823.07373
2012-07-20,1827.727313
2012-07-23,1820.97928
2012-07-24,1791.925065
2012-07-25,1774.153562
2012-07-26,1773.829533
2012-07-27,1762.552421
2012-07-30,1773.088267
2012-07-31,1771.895556
2012-08-01,1778.269982
2012-08-02,1764.565639
2012-08-03,1766.972657
2012-08-06,1765.971231
2012-08-07,1776.688835
2012-08-08,1784.372974
2012-08-09,1798.140473
2012-08-10,1803.125533
2012-08-13,1789.569594
2012-08-14,1792.024498
2012-08-15,1785.538285
2012-08-16,1765.228691
2012-08-17,1765.228691
2012-08-20,1756.918334
2012-08-21,1750.733006
2012-08-22,1744.315747
2012-08-23,1752.216599
2012-08-24,1749.592525
2012-08-28,1732.320853
2012-08-29,1727.084253
2012-08-30,1720.847279
2012-08-31,1723.125085
2012-09-03,1724.351135
2012-09-04,1730.478952
2012-09-05,1737.704338
2012-09-06,1731.964267
2012-09-07,1726.217741
2012-09-10,1726.217741
2012-09-11,1709.274896
2012-09-12,1699.463768
2012-09-13,1691.613981
2012-09-14,1681.345711
2012-09-17,1671.047087
2012-09-18,1663.921018
2012-09-19,1657.373137
2012-09-20,1664.532066
2012-09-21,1662.15147
2012-09-24,1636.905586
2012-09-25,1611.763945
2012-09-26,1608.342452
2012-09-27,1608.11829
2012-09-28,1598.404541
2012-10-01,1598.619501
2012-10-02,1577.101996
2012-10-03,1577.101996
2012-10-04,1575.747053
2012-10-05,1581.876205
2012-10-08,1563.528427
2012-10-09,1586.0412
2012-10-10,1586.0412
2012-10-11,1570.837849
2012-10-12,1582.857378
2012-10-15,1566.960438
2012-10-16,1540.062685
2012-10-17,1560.221419
2012-10-18,1583.327695
2012-10-19,1588.904267
2012-10-22,1586.849306
2012-10-23,1586.934928
2012-10-24,1585.626624
2012-10-25,1579.23657
2012-10-26,1573.202858
2012-10-29,1568.89851
2012-10-30,1567.966542
2012-10-31,1566.927139
2012-11-01,1570.165782
2012-11-02,1570.165782
2012-11-05,1563.739116
2012-11-06,1563.739116
2012-11-07,1576.223414
2012-11-08,1589.273179
2012-11-09,1632.048242
2012-11-12,1626.729799
2012-11-13,1644.655725
2012-11-14,1634.82536
2012-11-15,1638.52416
2012-11-16,1666.288555
2012-11-19,1667.447284
2012-11-20,1664.942498
2012-11-21,1664.942498
2012-11-22,1658.785446
2012-11-23,1664.301528
2012-11-26,1679.987727
2012-11-27,1690.366885
2012-11-28,1697.124367
2012-11-29,1689.830552
2012-11-30,1718.46698
2012-12-03,1721.997669
2012-12-04,1744.281817
2012-12-05,1739.371485
2012-12-06,1735.403557
2012-12-07,1731.82228
2012-12-10,1728.580262
2012-12-11,1735.80761
2012-12-12,1734.724012
2012-12-13,1724.649466
2012-12-14,1717.551612
2012-12-17,1725.129464
2012-12-18,1734.73626
2012-12-19,1743.41887
2012-12-20,1749.402407
2012-12-21,1737.458135
2012-12-24,1744.249165
2012-12-27,1739.74905
2012-12-28,1743.806035
2012-12-31,1746.491423
2013-01-02,1746.491423
2013-01-03,1739.851775
2013-01-04,1732.714553
2013-01-07,1725.576049
2013-01-08,1737.269643
2013-01-09,1743.296534
2013-01-10,1741.258132
2013-01-11,1739.549623
2013-01-14,1741.602246
2013-01-15,1752.860524
2013-01-16,1754.244183
2013-01-17,1753.032268
2013-01-18,1755.533648
2013-01-21,1744.914113
2013-01-22,1741.874262
2013-01-23,1749.177017
2013-01-24,1752.333521
2013-01-25,1751.832791
2013-01-28,1760.899982
2013-01-29,1771.709497
2013-01-30,1777.757785
2013-01-31,1777.842082
2013-02-01,1782.022585
2013-02-04,1795.263698
2013-02-05,1815.360127
2013-02-06,1816.648524
2013-02-07,1822.705251
2013-02-08,1827.541663
2013-02-11,1816.072125
2013-02-12,1816.072125
2013-02-13,1808.196787
2013-02-14,1801.516802
2013-02-15,1794.214433
2013-02-18,1786.293345
2013-02-19,1787.513609
2013-02-20,1793.002706
2013-02-21,1796.710673
2013-02-22,1794.884183
2013-02-25,1784.367243
2013-02-26,1778.233437
2013-02-27,1761.64344
2013-02-28,1767.117114
2013-03-01,1774.402751
2013-03-04,1771.90203
2013-03-05,1762.738788
2013-03-06,1758.492544
2013-03-07,1750.314251
2013-03-08,1740.449925
2013-03-11,1717.052974
2013-03-12,1712.791096
2013-03-13,1711.516377
2013-03-14,1727.965658
2013-03-15,1717.195992
2013-03-18,1713.131462
2013-03-19,1709.288398
2013-03-20,1697.25311
2013-03-21,1684.138606
2013-03-22,1686.349154
2013-03-25,1695.706274
2013-03-26,1688.961081
2013-03-27,1689.312639
2013-03-28,1686.309326
2013-04-02,1674.016678
2013-04-03,1665.062727
2013-04-04,1667.780939
2013-04-05,1674.369718
2013-04-08,1686.920732
2013-04-09,1667.279273
2013-04-10,1663.684463
2013-04-11,1661.884888
2013-04-12,1668.638766
2013-04-15,1669.238389
2013-04-16,1654.078477
2013-04-17,1641.172417
2013-04-18,1630.375494
2013-04-19,1615.473257
2013-04-22,1615.075995
2013-04-23,1613.739993
2013-04-24,1614.207013
2013-04-25,1616.010832
2013-04-26,1613.607237
2013-04-29,1610.099091
2013-04-30,1611.440038
2013-05-01,1617.449437
2013-05-02,1627.04458
2013-05-03,1631.826413
2013-05-07,1635.75115
2013-05-08,1622.514369
2013-05-09,1621.734407
2013-05-10,1623.516641
2013-05-13,1620.906021
2013-05-14,1607.049168
2013-05-15,1618.972864
2013-05-16,1616.603196
2013-05-17,1614.508854
2013-05-20,1603.649518
2013-05-21,1612.705313
2013-05-22,1615.650759
2013-05-23,1614.473779
2013-05-24,1614.473779
2013-05-28,1615.149886
2013-05-29,1615.36976
2013-05-30,1608.659916
2013-05-31,1601.945885
2013-06-03,1599.981945
2013-06-04,1591.512345
2013-06-05,1593.536996
2013-06-06,1588.840198
2013-06-07,1581.529232
2013-06-10,1566.367618
2013-06-11,1558.675579
2013-06-12,1537.909045
2013-06-13,1536.115539
2013-06-14,1537.910214
2013-06-17,1533.716011
2013-06-18,1527.357036
2013-06-19,1523.374354
2013-06-20,1523.969422
2013-06-21,1512.452647
2013-06-24,1504.499122
2013-06-25,1484.320982
2013-06-26,1468.381882
2013-06-27,1462.958845
2013-06-28,1459.9398
2013-07-01,1463.756081
2013-07-02,1457.550702
2013-07-03,1459.966331
2013-07-04,1460.139853
2013-07-05,1448.826738
2013-07-08,1454.077926
2013-07-09,1451.501825
2013-07-10,1451.346287
2013-07-11,1449.694107
2013-07-12,1450.906367
2013-07-15,1447.116595
2013-07-16,1448.777729
2013-07-17,1452.570944
2013-07-18,1461.639582
2013-07-19,1464.508003
2013-07-22,1448.670489
2013-07-23,1443.716584
2013-07-24,1446.730811
2013-07-25,1451.547972
2013-07-26,1452.750036
2013-07-29,1463.048113
2013-07-30,1465.008511
2013-07-31,1465.154386
2013-08-01,1466.037594
2013-08-02,1472.227007
2013-08-05,1452.489885
2013-08-06,1452.489885
2013-08-07,1454.622672
2013-08-08,1457.640037
2013-08-09,1455.831707
2013-08-12,1474.4777
2013-08-13,1495.756091
2013-08-14,1494.836088
2013-08-15,1505.903766
2013-08-16,1504.770749
2013-08-19,1501.667062
2013-08-20,1502.952685
2013-08-21,1506.056054
2013-08-22,1499.984555
2013-08-23,1500.59308
2013-08-27,1502.477249
2013-08-28,1508.731206
2013-08-29,1486.825442
2013-08-30,1478.822135
2013-09-02,1479.441258
2013-09-03,1480.649234
2013-09-04,1478.164851
2013-09-05,1474.434777
2013-09-06,1468.831755
2013-09-09,1474.947922
2013-09-10,1493.067992
2013-09-11,1496.711673
2013-09-12,1502.933081
2013-09-13,1502.994867
2013-09-16,1502.704191
2013-09-17,1502.090295
2013-09-18,1511.300842
2013-09-19,1522.932222
2013-09-20,1514.369149
2013-09-23,1514.357628
2013-09-24,1516.260709
2013-09-25,1513.802023
2013-09-26,1519.318733
2013-09-27,1509.514506
2013-09-30,1502.208705
2013-10-01,1499.742863
2013-10-02,1500.329004
2013-10-03,1508.893615
2013-10-04,1511.406933
2013-10-07,1510.575604
2013-10-08,1514.854534
2013-10-09,1528.248959
2013-10-10,1528.855531
2013-10-11,1518.928164
2013-10-14,1518.604068
2013-10-15,1512.554187
2013-10-16,1514.979554
2013-10-17,1518.07169
2013-10-18,1526.55435
2013-10-21,1536.960421
2013-10-22,1528.276353
2013-10-23,1543.921709
2013-10-24,1547.623228
2013-10-25,1560.298562
2013-10-28,1561.948913
2013-10-29,1558.370848
2013-10-30,1555.272766
2013-10-31,1555.272766
2013-11-01,1560.645689
2013-11-04,1560.027825
2013-11-05,1551.694233
2013-11-06,1552.832558
2013-11-07,1555.698605
2013-11-08,1555.572865
2013-11-11,1551.85472
2013-11-12,1553.639623
2013-11-13,1548.156636
2013-11-14,1551.131494
2013-11-15,1540.814088
2013-11-18,1548.093939
2013-11-19,1548.256549
2013-11-20,1547.662606
2013-11-21,1550.477303
2013-11-22,1541.77845
2013-11-25,1543.583617
2013-11-26,1542.993231
2013-11-27,1542.993231
2013-11-28,1545.355279
2013-11-29,1544.373412
2013-12-02,1538.929567
2013-12-03,1543.621637
2013-12-04,1545.378183
2013-12-05,1543.971525
2013-12-06,1527.361002
2013-12-09,1527.243193
2013-12-10,1544.990667
2013-12-11,1540.346308
2013-12-12,1552.231622
2013-12-13,1551.91549
2013-12-16,1549.051052
2013-12-17,1549.485115
2013-12-18,1555.848703
2013-12-19,1560.161451
2013-12-20,1557.27584
2013-12-23,1558.92618
2013-12-24,1558.042473
2013-12-27,1558.620477
2013-12-30,1546.402054
2013-12-31,1544.677008
2014-01-02,1544.677008
2014-01-03,1541.800138
2014-01-06,1529.077985
2014-01-07,1521.509777
2014-01-08,1508.465075
2014-01-09,1508.696312
2014-01-10,1506.853152
2014-01-13,1496.024899
2014-01-14,1492.865062
2014-01-15,1494.620927
2014-01-16,1499.300163
2014-01-17,1502.559307
2014-01-20,1498.274564
2014-01-21,1494.646929
2014-01-22,1479.994366
2014-01-23,1473.46573
2014-01-24,1471.284029
2014-01-27,1478.537062
2014-01-28,1461.294545
2014-01-29,1459.418132
2014-01-30,1459.300772
2014-01-31,1456.131909
2014-02-03,1450.678546
2014-02-04,1438.564187
2014-02-05,1429.337787
2014-02-06,1425.758842
2014-02-07,1422.90192
2014-02-10,1419.461586
2014-02-11,1426.667909
2014-02-12,1416.716638
2014-02-13,1410.35772
2014-02-14,1405.31518
2014-02-17,1407.007986
2014-02-18,1411.62988
2014-02-19,1413.492505
2014-02-20,1426.167318
2014-02-21,1427.632041
2014-02-24,1427.895469
2014-02-25,1422.191581
2014-02-26,1415.680071
2014-02-27,1410.692672
2014-02-28,1413.226241
2014-03-03,1416.155419
2014-03-04,1402.993324
2014-03-05,1385.278774
2014-03-06,1382.592099
2014-03-07,1374.750809
2014-03-10,1361.174803
2014-03-11,1325.997505
2014-03-12,1321.140127
2014-03-13,1323.176957
2014-03-14,1325.213384
2014-03-17,1339.762927
2014-03-18,1341.75517
2014-03-19,1334.856894
2014-03-20,1325.365142
2014-03-21,1323.628009
2014-03-24,1330.196525
2014-03-25,1328.855566
2014-03-26,1324.581774
2014-03-27,1328.829007
2014-03-28,1339.293286
2014-03-31,1340.643373
2014-04-01,1345.454462
2014-04-02,1342.819372
2014-04-03,1341.819397
2014-04-04,1335.836207
2014-04-07,1330.905601
2014-04-08,1332.653564
2014-04-09,1331.535306
2014-04-10,1336.542596
2014-04-11,1340.351097
2014-04-14,1339.896897
2014-04-15,1343.23078
2014-04-16,1338.006042
2014-04-17,1333.50943
2014-04-22,1336.578409
2014-04-23,1330.350443
2014-04-24,1330.788928
2014-04-25,1333.120932
2014-04-28,1330.104951
2014-04-29,1326.62773
2014-04-30,1323.873732
2014-05-01,1328.813447
2014-05-02,1330.557473
2014-05-06,1320.669713
2014-05-07,1318.344225
2014-05-08,1317.763106
2014-05-09,1328.941257
2014-05-12,1328.918987
2014-05-13,1332.507441
2014-05-14,1334.227011
2014-05-15,1338.821641
2014-05-16,1341.111453
2014-05-19,1334.133856
2014-05-20,1335.277038
2014-05-21,1332.535717
2014-05-22,1326.932547
2014-05-23,1326.265951
2014-05-27,1318.400545
2014-05-28,1319.848145
2014-05-29,1319.126785
2014-05-30,1311.286196
2014-06-02,1307.546543
2014-06-03,1299.934539
2014-06-04,1299.494264
2014-06-05,1298.340721
2014-06-06,1294.745827
2014-06-09,1296.549778
2014-06-10,1300.856076
2014-06-11,1299.899967
2014-06-12,1300.346594
2014-06-13,1300.213043
2014-06-16,1300.076865
2014-06-17,1301.673479
2014-06-18,1294.636797
2014-06-19,1290.900825
2014-06-20,1279.95407
2014-06-23,1269.905935
2014-06-24,1267.009624
2014-06-25,1266.429621
2014-06-26,1270.618492
2014-06-27,1278.155883
2014-06-30,1275.864891
2014-07-01,1274.705051
2014-07-02,1272.006404
2014-07-03,1270.918553
2014-07-04,1265.548887
2014-07-07,1262.413742
2014-07-08,1264.314781
2014-07-09,1269.273596
2014-07-10,1269.273596
2014-07-11,1267.64276
2014-07-14,1264.789009
2014-07-15,1263.035795
2014-07-16,1256.60236
2014-07-17,1241.726123
2014-07-18,1245.262823
2014-07-21,1241.828926
2014-07-22,1244.586894
2014-07-23,1245.725115
2014-07-24,1245.177748
2014-07-25,1245.767964
2014-07-28,1249.133297
2014-07-29,1267.393693
2014-07-30,1271.737355
2014-07-31,1256.253283
2014-08-01,1244.840568
2014-08-04,1250.745484
2014-08-05,1249.666865
2014-08-06,1261.064405
2014-08-07,1265.867967
2014-08-08,1270.183681
2014-08-11,1280.603233
2014-08-12,1290.002948
2014-08-13,1280.736587
2014-08-14,1278.277433
2014-08-15,1275.586119
2014-08-18,1275.276394
2014-08-19,1271.866829
2014-08-20,1268.333147
2014-08-21,1267.623625
2014-08-22,1268.324262
2014-08-26,1279.186849
2014-08-27,1289.701156
2014-08-28,1283.463701
2014-08-29,1280.882686
2014-09-01,1269.489766
2014-09-02,1265.03338
2014-09-03,1259.695639
2014-09-04,1247.990484
2014-09-05,1239.320059
2014-09-08,1238.728754
2014-09-09,1240.45614
2014-09-10,1237.315105
2014-09-11,1235.090124
2014-09-12,1233.284481
2014-09-15,1234.729818
2014-09-16,1240.718694
2014-09-17,1240.814734
2014-09-18,1243.790032
2014-09-19,1244.311416
2014-09-22,1256.968779
2014-09-23,1255.1381
2014-09-24,1250.167732
2014-09-25,1252.280032
2014-09-26,1249.279555
2014-09-29,1254.086909
2014-09-30,1247.215217
2014-10-01,1239.849027
2014-10-02,1244.297696
2014-10-03,1244.021976
2014-10-06,1241.567922
2014-10-07,1239.726239
2014-10-08,1240.68009
2014-10-09,1251.7308
2014-10-10,1241.927532
2014-10-13,1236.868508
2014-10-14,1228.887345
2014-10-15,1228.752671
2014-10-16,1227.116221
2014-10-17,1221.706635
2014-10-20,1222.347414
2014-10-21,1212.567252
2014-10-22,1211.886286
2014-10-23,1224.880311
2014-10-24,1228.963135
2014-10-27,1227.127172
2014-10-28,1224.673693
2014-10-29,1211.835713
2014-10-30,1208.676605
2014-10-31,1205.733009
2014-11-03,1204.118347
2014-11-04,1200.391017
2014-11-05,1206.330647
2014-11-06,1205.927497
2014-11-07,1203.068162
2014-11-10,1215.252839
2014-11-11,1227.842764
2014-11-12,1227.898576
2014-11-13,1224.08616
2014-11-14,1233.596276
2014-11-17,1253.949967
2014-11-18,1261.945799
2014-11-19,1264.398835
2014-11-20,1259.580304
2014-11-21,1260.008279
2014-11-24,1259.392192
2014-11-25,1262.673875
2014-11-26,1261.698135
2014-11-27,1259.813384
2014-11-28,1258.353306
2014-12-01,1246.667398
2014-12-02,1240.678117
2014-12-03,1229.149307
2014-12-04,1223.548986
2014-12-05,1221.151356
2014-12-08,1217.67306
2014-12-09,1217.131437
2014-12-10,1221.591583
2014-12-11,1226.410082
2014-12-12,1232.34681
2014-12-15,1232.967207
2014-12-16,1228.942933
2014-12-17,1226.621638
2014-12-18,1225.813752
2014-12-19,1235.23241
2014-12-22,1233.626375
2014-12-23,1230.251034
2014-12-24,1232.388078
2014-12-29,1233.766309
2014-12-30,1233.419543
2014-12-31,1237.273151
2015-01-04,1230.676188
2015-01-05,1220.610072
2015-01-06,1218.886624
2015-01-07,1223.988572
2015-01-08,1211.135113
2015-01-09,1172.641991
2015-01-12,1167.753955
2015-01-13,1165.861376
2015-01-14,1172.675087
2015-01-15,1184.099936
2015-01-16,1168.726521
2015-01-19,1176.471704
2015-01-20,1193.447868
2015-01-21,1367.700998
2015-01-22,1261.077276
2015-01-23,1276.020634
2015-01-26,1256.140598
2015-01-27,1253.644795
2015-01-28,1256.431693
2015-01-29,1255.270781
2015-01-30,1243.677622
2015-02-02,1258.360305
2015-02-03,1240.543242
2015-02-04,1236.957923
2015-02-05,1233.725529
2015-02-06,1232.430677
2015-02-09,1237.284844
2015-02-10,1237.152575
2015-02-11,1237.152575
2015-02-12,1234.860024
2015-02-13,1230.80345
2015-02-16,1229.486001
2015-02-17,1228.200853
2015-02-18,1229.486752
2015-02-19,1229.486752
2015-02-20,1229.486752
2015-02-23,1230.842624
2015-02-24,1230.842624
2015-02-25,1230.842624
2015-02-26,1230.549314
2015-02-27,1230.989602
2015-03-02,1249.26747
2015-03-03,1274.077843
2015-03-04,1273.31696
2015-03-05,1267.311364
2015-03-06,1260.223786
2015-03-09,1249.587005
2015-03-10,1246.129664
2015-03-11,1248.424772
2015-03-12,1255.592915
2015-03-13,1248.112433
2015-03-16,1248.270522
2015-03-17,1233.624145
2015-03-18,1221.261896
2015-03-19,1196.342104
2015-03-20,1177.747977
2015-03-23,1166.424697
2015-03-24,1155.231085
2015-03-25,1150.593407
2015-03-26,1171.046283
2015-03-27,1147.02563
2015-03-30,1145.257893
2015-03-31,1140.516658
2015-04-01,1134.242798
2015-04-02,1129.997162
2015-04-07,1128.70643
2015-04-08,1134.41157
2015-04-09,1104.982838
2015-04-10,1117.641179
2015-04-13,1117.802205
2015-04-14,1119.019555
2015-04-15,1128.922921
2015-04-16,1135.560862
2015-04-17,1142.100858
2015-04-20,1146.573401
2015-04-21,1160.42017
2015-04-22,1174.961215
2015-04-23,1174.79959
2015-04-24,1168.512504
2015-04-27,1174.020815
2015-04-28,1178.979527
2015-04-29,1181.436234
2015-04-30,1180.238038
2015-05-01,1172.51116
2015-05-05,1167.720612
2015-05-06,1171.974208
2015-05-07,1166.859286
2015-05-08,1152.979602
2015-05-11,1156.015342
2015-05-12,1157.310278
2015-05-13,1154.640129
2015-05-14,1163.307165
2015-05-15,1163.566797
2015-05-18,1160.426318
2015-05-19,1161.635341
2015-05-20,1149.636305
2015-05-21,1140.870954
2015-05-22,1129.519156
2015-05-26,1121.359501
2015-05-27,1115.856141
2015-05-28,1122.579742
2015-05-29,1126.377637
2015-06-01,1127.711356
2015-06-02,1125.228468
2015-06-03,1131.049228
2015-06-04,1130.106202
2015-06-05,1140.101709
2015-06-08,1143.190107
2015-06-09,1135.889377
2015-06-10,1135.412043
2015-06-11,1135.252725
2015-06-12,1139.008406
2015-06-15,1143.129743
2015-06-16,1152.308935
2015-06-17,1152.308935
2015-06-18,1158.100501
2015-06-19,1157.621507
2015-06-22,1158.445813
2015-06-23,1155.622524
2015-06-24,1155.622524
2015-06-25,1152.158226
2015-06-26,1154.824678
2015-06-29,1152.838022
2015-06-30,1150.78523
2015-07-01,1156.735096
2015-07-02,1154.235469
2015-07-03,1151.732817
2015-07-06,1146.525099
2015-07-07,1146.685151
2015-07-08,1134.724313
2015-07-09,1140.963989
2015-07-10,1139.184569
2015-07-13,1138.738689
2015-07-14,1136.71682
2015-07-15,1135.76667
2015-07-16,1136.050437
2015-07-17,1132.456025
2015-07-20,1134.292943
2015-07-21,1133.63755
2015-07-22,1057.358478
2015-07-23,1135.73422
2015-07-24,1135.298276
2015-07-27,1135.606888
2015-07-28,1135.836842
2015-07-29,1137.625367
2015-07-30,1137.34315
2015-07-31,1146.360191
2015-08-03,1141.633757
2015-08-04,1139.239742
2015-08-05,1148.787482
2015-08-06,1155.052359
2015-08-07,1064.300948
2015-08-10,1161.977418
2015-08-11,1158.254853
2015-08-12,1157.424033
2015-08-13,1146.178078
2015-08-14,1143.526044
2015-08-17,1144.931055
2015-08-18,1139.949268
2015-08-19,1129.087616
2015-08-20,1125.495476
2015-08-21,1121.862244
2015-08-24,1119.725957
2015-08-25,1113.046658
2015-08-26,1117.108168
2015-08-27,1124.956308
2015-08-28,1128.004791
2015-09-01,1129.408675
2015-09-02,1135.784165
2015-09-03,1131.142309
2015-09-04,1136.922575
2015-09-07,1125.242866
2015-09-08,1113.668607
2015-09-09,1114.751512
2015-09-10,1113.449666
2015-09-11,1107.419098
2015-09-14,1107.147489
2015-09-15,1108.572982
2015-09-16,1105.137829
2015-09-17,1096.319143
2015-09-18,1093.456341
2015-09-21,1088.938613
2015-09-22,1085.908807
2015-09-23,1083.144374
2015-09-24,1084.40945
2015-09-25,1084.40945
2015-09-28,1084.37888
2015-09-29,1073.967227
2015-09-30,1070.813214
2015-10-01,1056.110255
2015-10-02,1050.827775
2015-10-05,1044.179576
2015-10-06,1052.55647
2015-10-07,1059.289495
2015-10-08,1060.390731
2015-10-09,1055.288157
2015-10-12,1056.776649
2015-10-13,1050.660038
2015-10-14,1049.215437
2015-10-15,1044.730485
2015-10-16,1047.645352
2015-10-19,1051.492226
2015-10-20,1048.265094
2015-10-21,1049.228414
2015-10-22,1049.554645
2015-10-23,1049.538927
2015-10-26,1049.443216
2015-10-27,1050.888891
2015-10-28,1039.359702
2015-10-29,1026.961309
2015-10-30,1027.07516
2015-11-02,1021.741888
2015-11-03,1023.486378
2015-11-04,1028.598213
2015-11-05,1024.563978
2015-11-06,1018.805111
2015-11-09,1014.845034
2015-11-10,1026.617831
2015-11-11,1026.617831
2015-11-12,1025.105574
2015-11-13,1023.417608
2015-11-16,1027.076087
2015-11-17,1022.995227
2015-11-18,1032.419468
2015-11-19,1034.91986
2015-11-20,1039.013719
2015-11-23,1042.326061
2015-11-24,1036.10316
2015-11-25,1038.528594
2015-11-26,1037.303535
2015-11-27,1037.303535
2015-11-30,1037.880497
2015-12-01,1040.110911
2015-12-02,1035.057968
2015-12-03,1031.498096
2015-12-04,1026.832744
2015-12-07,1027.158296
2015-12-08,1033.224641
2015-12-09,1029.272857
2015-12-10,1032.398941
2015-12-11,1031.766094
2015-12-14,1025.66867
2015-12-15,1025.033273
2015-12-16,1033.430279
2015-12-17,1032.798007
2015-12-18,1031.238174
2015-12-21,1023.350528
2015-12-22,1021.715484
2015-12-23,1021.715484
2015-12-24,1021.550355
2015-12-29,1021.67401
2015-12-30,1019.142321
2015-12-31,1020.785115
2016-01-04,1017.611002
2016-01-05,1006.352907
2016-01-06,1005.231294
2016-01-07,1018.552809
2016-01-08,1024.455337
2016-01-11,1007.827398
2016-01-12,1002.201579
2016-01-13,995.7520557
2016-01-14,983.15743
2016-01-15,986.5676957
2016-01-18,990.8928709
2016-01-19,988.9619408
2016-01-20,989.9741849
2016-01-21,990.1337625
2016-01-22,998.8925883
2016-01-25,997.5010469
2016-01-26,996.3809218
2016-01-27,997.6650072
2016-01-28,999.2548587
2016-01-29,1002.633312
2016-02-01,1002.535339
2016-02-02,1003.799502
2016-02-03,1010.165709
2016-02-04,1019.948886
2016-02-05,1024.194825
2016-02-08,1030.506474
2016-02-09,999.9045551
2016-02-10,1001.175319
2016-02-11,1003.715049
2016-02-12,1003.380905
2016-02-15,998.2249612
2016-02-16,1005.400598
2016-02-17,1001.569042
2016-02-18,999.3352439
2016-02-19,991.3964662
2016-02-22,998.2536755
2016-02-23,997.1219194
2016-02-24,997.9314309
2016-02-25,997.9314309
2016-02-26,994.4060864
2016-02-29,990.9900131
2016-03-01,999.4762781
2016-03-02,1007.307053
2016-03-03,1013.346089
2016-03-04,1025.476617
2016-03-07,1030.375822
2016-03-08,1027.64719
2016-03-09,1030.183886
2016-03-10,1032.864046
2016-03-11,1031.575383
2016-03-14,1033.903733
2016-03-15,1030.225884
2016-03-16,1033.67842
2016-03-17,1033.99799
2016-03-18,1029.002038
2016-03-21,1022.454326
2016-03-22,1022.454326
2016-03-23,1014.117928
2016-03-24,1014.117928
2016-03-29,1015.01842
2016-03-30,1030.650311
2016-03-31,1035.201879
2016-04-01,1038.038895
2016-04-04,1042.198653
2016-04-05,1035.816209
2016-04-06,1025.02544
2016-04-07,1029.870242
2016-04-08,1014.440099
2016-04-11,1011.252954
2016-04-12,1014.226331
2016-04-13,1023.468711
2016-04-14,1026.753007
2016-04-15,1042.567132
2016-04-18,1053.196498
2016-04-19,1053.196498
2016-04-20,1052.633734
2016-04-21,1054.6238
2016-04-22,1053.989831
2016-04-25,1056.587755
2016-04-26,1059.930249
2016-04-27,1052.017791
2016-04-28,1052.042313
2016-04-29,1042.71464
2016-05-03,1049.569485
2016-05-04,1048.970226
2016-05-05,1047.669751
2016-05-06,1059.692157
2016-05-09,1072.421563
2016-05-10,1042.068019
2016-05-11,1041.385317
2016-05-12,1044.665531
2016-05-13,1043.202703
2016-05-16,1039.209497
2016-05-17,1037.904288
2016-05-18,1035.044277
2016-05-19,1032.390327
2016-05-20,1036.183905
2016-05-23,1027.072878
2016-05-24,1036.196326
2016-05-25,1037.47769
2016-05-26,1043.880097
2016-05-27,1048.765939
2016-05-31,1039.537705
2016-06-01,1046.157999
2016-06-02,1050.292191
2016-06-03,1060.115363
2016-06-06,1060.027943
2016-06-07,1070.339034
2016-06-08,1060.798192
2016-06-09,1058.32943
2016-06-10,1053.369257
2016-06-13,1049.215217
2016-06-14,1041.260889
2016-06-15,1041.260889
2016-06-16,1053.669682
2016-06-17,1053.669682
2016-06-20,1060.032775
2016-06-21,1065.735925
2016-06-22,1067.014404
2016-06-23,1070.457184
2016-06-24,1064.778479
2016-06-27,1073.139786
2016-06-28,1073.139786
2016-06-29,1084.597537
2016-06-30,1071.941325
2016-07-01,1090.414565
2016-07-04,1119.265537
2016-07-05,1152.639581
2016-07-06,1153.402358
2016-07-07,1134.896098
2016-07-08,1151.461578
2016-07-11,1156.155855
2016-07-12,1156.155855
2016-07-13,1184.623586
2016-07-14,1199.890416
2016-07-15,1200.667657
2016-07-18,1200.411115
2016-07-19,1205.291055
2016-07-20,1210.768609
2016-07-21,1204.697766
2016-07-22,1198.6098
2016-07-25,1193.48206
2016-07-26,1189.219886
2016-07-27,1205.285466
2016-07-28,1232.23936
2016-07-29,1244.776481
2016-08-01,1254.176531
2016-08-02,1265.053923
2016-08-03,1265.053923
2016-08-04,1259.039789
2016-08-05,1253.002084
2016-08-08,1274.838232
2016-08-09,1272.999608
2016-08-10,1275.453084
2016-08-11,1273.735335
2016-08-12,1280.105913
2016-08-15,1292.6804
2016-08-16,1311.739192
2016-08-17,1315.767569
2016-08-18,1311.474977
2016-08-19,1319.906987
2016-08-22,1317.473111
2016-08-23,1298.142678
2016-08-24,1304.193293
2016-08-25,1312.934599
2016-08-26,1328.535604
2016-08-30,1349.829626
2016-08-31,1380.900695
2016-09-01,1391.765036
2016-09-02,1391.033146
2016-09-05,1388.896498
2016-09-06,1440.430429
2016-09-07,1460.816717
2016-09-08,1453.822882
2016-09-09,1499.823418
2016-09-12,1511.732676
2016-09-13,1507.604056
2016-09-14,1549.033821
2016-09-15,1562.600344
2016-09-16,1571.512249
2016-09-19,1575.225711
2016-09-20,1581.091141
2016-09-21,1595.233857
2016-09-22,1614.232516
2016-09-23,1617.028765
2016-09-26,1621.33137
2016-09-27,1633.116594
2016-09-28,1639.330801
2016-09-29,1655.178026
2016-09-30,1697.734328
2016-10-03,1693.467445
2016-10-04,1693.467445
2016-10-05,1706.885502
2016-10-06,1710.893335
2016-10-07,1736.243134
2016-10-10,1721.331333
2016-10-11,1733.854363
2016-10-12,1749.846452
2016-10-13,1774.870938
2016-10-14,1824.670561
2016-10-17,1852.854884
2016-10-18,1900.010604
2016-10-19,1966.241164
2016-10-20,1972.186104
2016-10-21,1967.367457
2016-10-24,1961.142709
2016-10-25,2020.308588
2016-10-26,2020.308588
2016-10-27,2048.263108
2016-10-28,2080.999376
2016-10-31,2063.451625
2016-11-01,2100.974451
2016-11-02,2153.172501
2016-11-03,2190.521152
2016-11-04,2154.887329
2016-11-07,2132.111028
2016-11-08,2195.872005
2016-11-09,2263.704577
2016-11-10,2238.216169
2016-11-11,2199.739002
2016-11-14,2177.124307
2016-11-15,2118.633839
2016-11-16,2092.231251
2016-11-17,2025.756589
2016-11-18,1897.098395
2016-11-21,1908.23513
2016-11-22,1908.23513
2016-11-23,1962.940766
2016-11-24,1989.77451
2016-11-25,1955.629277
2016-11-28,1995.933603
2016-11-29,1972.085485
2016-11-30,1950.819335
2016-12-01,1923.031854
2016-12-02,1917.247323
2016-12-05,1883.307431
2016-12-06,1874.821416
2016-12-07,1835.917093
2016-12-08,1811.149621
2016-12-09,1813.861882
2016-12-12,1789.898146
2016-12-13,1775.396811
2016-12-14,1748.478387
2016-12-15,1737.557039
2016-12-16,1732.551784
2016-12-19,1765.444862
2016-12-20,1787.076592
2016-12-21,1841.692819
2016-12-22,1868.556303
2016-12-23,1886.702404
2016-12-28,1882.864569
2016-12-29,1861.26866
2016-12-30,1863.901098
2017-01-03,1870.402438
2017-01-04,1804.25389
2017-01-05,1764.270832
2017-01-06,1757.687792
2017-01-09,1686.254877
2017-01-10,1649.67551
2017-01-11,1638.539158
2017-01-12,1626.037726
2017-01-13,1665.172219
2017-01-16,1674.779954
2017-01-17,1668.381924
2017-01-18,1668.381924
2017-01-19,1689.438951
2017-01-20,1678.211459
2017-01-23,1666.82184
2017-01-24,1651.539532
2017-01-25,1669.26378
2017-01-26,1668.085898
2017-01-27,1674.420649
2017-01-30,1653.142736
2017-01-31,1649.312475
2017-02-01,1637.612548
2017-02-02,1634.417973
2017-02-03,1634.417973
2017-02-06,1640.53088
2017-02-07,1640.184382
2017-02-08,1611.048641
2017-02-09,1598.66971
2017-02-10,1590.574946
2017-02-13,1595.522859
2017-02-14,1585.960613
2017-02-15,1568.718458
2017-02-16,1563.841625
2017-02-17,1565.342652
2017-02-20,1580.232971
2017-02-21,1589.825711
2017-02-22,1636.495495
2017-02-23,1650.479308
2017-02-24,1652.373646
2017-02-27,1632.910535
2017-02-28,1629.753917
2017-03-01,1634.09817
2017-03-02,1618.25588
2017-03-03,1623.298104
2017-03-06,1605.08994
2017-03-07,1592.453165
2017-03-08,1586.025291
2017-03-09,1579.582844
2017-03-10,1539.000533
2017-03-13,1559.345103
2017-03-14,1580.490213
2017-03-15,1618.301943
2017-03-16,1634.437993
2017-03-17,1633.812684
2017-03-20,1624.184403
2017-03-21,1603.879348
2017-03-22,1585.51016
2017-03-23,1588.0701
2017-03-24,1597.889372
2017-03-27,1602.883816
2017-03-28,1612.390908
2017-03-29,1616.167653
2017-03-30,1613.737726
2017-03-31,1625.74965
2017-04-03,1633.141085
2017-04-04,1710.629333
2017-04-05,1773.345366
2017-04-06,1911.893817
2017-04-07,1934.869206
2017-04-10,1995.932795
2017-04-11,1961.389404
2017-04-12,1954.711695
2017-04-13,1956.038071
2017-04-14,1951.607319
2017-04-17,1951.88972
2017-04-18,1951.88972
2017-04-19,1924.986557
2017-04-20,1914.776219
2017-04-21,1869.066237
2017-04-24,1827.188804
2017-04-25,1825.043649
2017-04-26,1782.547731
2017-04-27,1780.124637
2017-04-28,1803.776962
2017-05-01,1776.425408
2017-05-02,1776.425408
2017-05-03,1769.326374
2017-05-04,1702.800666
2017-05-05,1654.327769
2017-05-08,1619.686961
2017-05-09,1597.148295
2017-05-10,1572.919701
2017-05-11,1581.099273
2017-05-12,1568.86524
2017-05-15,1528.9305
2017-05-16,1513.861922
2017-05-17,1506.646402
2017-05-18,1520.057795
2017-05-19,1524.156482
2017-05-22,1526.437795
2017-05-23,1560.609683
2017-05-24,1524.780769
2017-05-25,1513.719465
2017-05-26,1498.692887
2017-05-29,1485.496891
2017-05-30,1485.496891
2017-05-31,1486.148112
2017-06-01,1495.91404
2017-06-02,1502.702237
2017-06-05,1512.627649
2017-06-06,1524.108861
2017-06-07,1536.246463
2017-06-08,1558.324873
2017-06-09,1571.993127
2017-06-12,1585.21422
2017-06-13,1593.125071
2017-06-14,1568.00764
2017-06-15,1567.590055
2017-06-16,1567.864584
2017-06-19,1577.296839
2017-06-20,1587.632683
2017-06-21,1595.432462
2017-06-22,1596.163254
2017-06-23,1582.296887
2017-06-26,1582.745268
2017-06-27,1553.086831
2017-06-28,1565.62644
2017-06-29,1570.606934
2017-06-30,1557.556235
2017-07-03,1585.205714
2017-07-04,1568.03656
2017-07-05,1589.570284
2017-07-06,1614.57078
2017-07-07,1620.766231
2017-07-10,1609.986423
2017-07-11,1613.91366
2017-07-12,1654.331915
2017-07-13,1654.331915
2017-07-14,1660.604366
2017-07-17,1674.841582
2017-07-18,1686.24798
2017-07-19,1733.402505
2017-07-20,1754.469109
2017-07-21,1794.520473
2017-07-24,1808.668069
2017-07-25,1774.540308
2017-07-26,1780.980839
2017-07-27,1777.864234
2017-07-28,1782.231845
2017-07-31,1781.284245
2017-08-01,1856.245007
2017-08-02,1867.654854
2017-08-03,1854.578426
2017-08-04,1855.873136
2017-08-07,1880.213491
2017-08-08,1883.97644
2017-08-09,1872.824983
2017-08-10,1882.818255
2017-08-11,1874.121338
2017-08-14,1877.172082
2017-08-15,1877.172082
2017-08-16,1877.172082
2017-08-17,1894.774629
2017-08-18,1913.535172
2017-08-21,1916.813247
2017-08-22,1881.318027
2017-08-23,1899.712013
2017-08-24,1899.712013
2017-08-25,1900.904632
2017-08-28,1896.585554
2017-08-29,1896.585554
2017-08-30,1919.991848
2017-08-31,1919.991848
2017-09-01,1925.874074
2017-09-04,1922.724556
2017-09-05,1922.724556
2017-09-06,1943.136752
2017-09-07,1948.209432
2017-09-08,1942.90127
2017-09-11,1962.086639
2017-09-12,1974.710927
2017-09-13,1974.710927
2017-09-14,1978.484465
2017-09-15,1973.57266
2017-09-18,1966.031589
2017-09-19,1962.267108
2017-09-20,1924.581094
2017-09-21,1921.407552
2017-09-22,1896.420393
2017-09-25,1883.818716
2017-09-26,1856.137849
2017-09-27,1857.409158
2017-09-28,1845.07867
2017-09-29,1835.716867
2017-10-02,1837.083652
2017-10-03,1838.96404
2017-10-04,1854.615807
2017-10-05,1879.538761
2017-10-06,1889.433169
2017-10-09,1882.433449
2017-10-10,1865.466612
2017-10-11,1845.456467
2017-10-12,1862.143571
2017-10-13,1848.313599
2017-10-16,1853.652035
2017-10-17,1870.091941
2017-10-18,1865.82457
2017-10-19,1881.69549
2017-10-20,1869.545494
2017-10-23,1880.374042
2017-10-24,1869.287822
2017-10-25,1874.7918
2017-10-26,1874.7918
2017-10-27,1878.454989
2017-10-30,1880.22666
2017-10-31,1887.309507
2017-11-01,1887.660138
2017-11-02,1896.727985
2017-11-03,1894.919343
2017-11-06,1883.907863
2017-11-07,1878.51764
2017-11-08,1881.975813
2017-11-09,1888.067153
2017-11-10,1880.33237
2017-11-13,1909.953466
2017-11-14,1902.512506
2017-11-15,1884.511555
2017-11-16,1877.009112
2017-11-17,1851.957701
2017-11-20,1858.690483
2017-11-21,1868.297388
2017-11-22,1879.641061
2017-11-23,1896.970307
2017-11-24,1892.864322
2017-11-27,1954.749792
2017-11-28,1973.973199
2017-11-29,1993.056991
2017-11-30,2008.022933
2017-12-01,2015.397224
2017-12-04,1993.934814
2017-12-05,2013.748483
2017-12-06,2004.660443
2017-12-07,2036.127356
2017-12-08,2047.342565
2017-12-11,2083.504464
2017-12-12,2104.866957
2017-12-13,2120.132949
2017-12-14,2134.014498
2017-12-15,2144.551852
2017-12-18,2150.403587
2017-12-19,2150.080254
2017-12-20,2172.57503
2017-12-21,2170.303602
2017-12-22,2178.621155
2017-12-26,2162.118134
2017-12-27,2162.118134
2017-12-28,2196.178497
2017-12-29,2201.533198
2018-01-02,2205.229135
2018-01-03,2228.584872
2018-01-04,2215.317976
2018-01-05,2245.270721
2018-01-08,2218.339175
2018-01-09,2202.047636
2018-01-10,2207.365756
2018-01-11,2193.064916
2018-01-12,2183.725348
2018-01-15,2181.383275
2018-01-16,2171.071858
2018-01-17,2169.05569
2018-01-18,2168.981674
2018-01-19,2165.133228
2018-01-22,2164.900031
2018-01-23,2160.932728
2018-01-24,2151.904794
2018-01-25,2132.713056
2018-01-26,2123.905304
2018-01-29,2120.102728
2018-01-30,2130.060016
2018-01-31,2128.205775
2018-02-01,2098.025027
2018-02-02,2092.953322
2018-02-05,2107.427862
2018-02-06,2108.694262
2018-02-07,2101.210258
2018-02-08,2092.257595
2018-02-09,2019.179129
2018-02-12,2033.664705
2018-02-13,2034.969892
2018-02-14,2057.640369
2018-02-15,2098.585138
2018-02-16,2112.805892
2018-02-19,2097.441393
2018-02-20,2121.967408
2018-02-21,2150.763732
2018-02-22,2155.220011
2018-02-23,2171.116561
2018-02-26,2180.139192
2018-02-27,2124.439323
2018-02-28,2146.869844
2018-03-01,2146.869844
2018-03-02,2127.699183
2018-03-05,2105.839723
2018-03-06,2096.171016
2018-03-07,2083.245429
2018-03-08,2052.190768
2018-03-09,2032.099256
2018-03-12,2020.767256
2018-03-13,1951.878333
2018-03-14,1960.442034
2018-03-15,1947.372887
2018-03-16,1950.993747
2018-03-19,1951.364856
2018-03-20,1927.094934
2018-03-21,1922.925822
2018-03-22,1904.04904
2018-03-23,1908.630719
2018-03-26,1887.800815
2018-03-27,1868.463139
2018-03-28,1854.738095
2018-03-29,1856.36104
2018-03-30,1870.646659
2018-04-02,1864.777284
2018-04-03,1864.777284
2018-04-04,1874.29161
2018-04-05,1884.443809
2018-04-06,1898.59582
2018-04-09,1878.043142
2018-04-10,1874.564577
2018-04-11,1875.834848
2018-04-12,1869.485942
2018-04-13,1873.302673
2018-04-16,1860.341772
2018-04-17,1852.081751
2018-04-18,1821.220481
2018-04-19,1832.169295
2018-04-20,1854.224778
2018-04-23,1850.048113
2018-04-24,1845.538352
2018-04-25,1829.73151
2018-04-26,1845.321362
2018-04-27,1846.500769
2018-04-30,1882.818957
2018-05-01,1922.837094
2018-05-02,1946.56652
2018-05-03,1930.856051
2018-05-04,1925.441233
2018-05-08,1931.130627
2018-05-09,1961.701914
2018-05-10,1961.08667
2018-05-11,1965.394145
2018-05-14,1972.508557
2018-05-15,2007.952961
2018-05-16,2037.599127
2018-05-17,2046.59985
2018-05-18,2053.293904
2018-05-21,2053.276119
2018-05-22,2036.492928
2018-05-23,2020.834993
2018-05-24,2020.834993
2018-05-25,2035.352578
2018-05-28,2042.403377
2018-05-29,2042.403377
2018-05-30,2052.084973
2018-05-31,2094.206637
2018-06-01,2097.95222
2018-06-04,2115.825938
2018-06-05,2135.130976
2018-06-06,2141.636152
2018-06-07,2154.927479
2018-06-08,2170.075057
2018-06-11,2161.66453
2018-06-12,2185.415221
2018-06-13,2221.729823
2018-06-14,2236.561344
2018-06-15,2242.54722
2018-06-18,2212.681266
2018-06-19,2219.890614
2018-06-20,2206.697894
2018-06-21,2190.654924
2018-06-22,2160.50373
2018-06-25,2170.786182
2018-06-26,2167.659094
2018-06-27,2170.891299
2018-06-28,2176.199594
2018-06-29,2179.945161
2018-07-02,2186.234734
2018-07-03,2194.39125
2018-07-04,2204.683353
2018-07-05,2208.738396
2018-07-06,2229.1701
2018-07-09,2203.611581
2018-07-10,2220.36915
2018-07-11,2230.787569
2018-07-12,2235.801471
2018-07-13,2192.16604
2018-07-16,2160.586487
2018-07-17,2158.803739
2018-07-18,2177.017956
2018-07-19,2182.777473
2018-07-20,2156.589717
2018-07-23,2132.249959
2018-07-24,2171.563727
2018-07-25,2180.175821
2018-07-26,2165.319031
2018-07-27,2192.563449
2018-07-30,2206.614742
2018-07-31,2193.545248
2018-08-01,2194.653281
2018-08-02,2185.633671
2018-08-03,2173.402934
2018-08-06,2192.410043
2018-08-07,2192.500017
2018-08-08,2199.077662
2018-08-09,2191.87486
2018-08-10,2199.920746
2018-08-13,2203.483579
2018-08-14,2221.559795
2018-08-15,2220.017634
2018-08-16,2211.980821
2018-08-17,2206.176934
2018-08-20,2199.992047
2018-08-21,2180.980677
2018-08-22,2163.604301
2018-08-23,2160.111745
2018-08-24,2163.100008
2018-08-27,2178.396397
2018-08-28,2178.396397
2018-08-29,2190.413791
2018-08-30,2223.880516
2018-08-31,2211.874561
2018-09-03,2210.990212
2018-09-04,2222.487143
2018-09-05,2189.942496
2018-09-06,2185.249471
2018-09-07,2191.123523
2018-09-10,2208.487423
2018-09-11,2217.936592
2018-09-12,2237.471058
2018-09-13,2227.507612
2018-09-14,2250.655209
2018-09-17,2236.998975
2018-09-18,2224.658355
2018-09-19,2213.674232
2018-09-20,2215.86459
2018-09-21,2203.457125
2018-09-24,2204.592379
2018-09-25,2204.592379
2018-09-26,2215.44622
2018-09-27,2197.857719
2018-09-28,2197.857719
2018-10-01,2208.693919
2018-10-02,2264.252826
2018-10-03,2263.83403
2018-10-04,2260.451285
2018-10-05,2253.102384
2018-10-08,2255.626226
2018-10-09,2263.637182
2018-10-10,2211.470924
2018-10-11,2200.858082
2018-10-12,2180.329816
2018-10-15,2165.366704
2018-10-16,2168.467487
2018-10-17,2163.206861
2018-10-18,2176.635445
2018-10-19,2194.879754
2018-10-22,2203.997624
2018-10-23,2189.319739
2018-10-24,2168.917962
2018-10-25,2172.014151
2018-10-26,2146.901623
2018-10-29,2128.979036
2018-10-30,2168.941724
2018-10-31,2167.517183
2018-11-01,2146.520632
2018-11-02,2128.505137
2018-11-05,2125.148084
2018-11-06,2117.456402
2018-11-07,2116.809681
2018-11-08,2152.386044
2018-11-09,2142.074595
2018-11-12,2176.996881
2018-11-13,2169.251216
2018-11-14,2150.49126
2018-11-15,2121.223692
2018-11-16,2115.319996
2018-11-19,2088.724855
2018-11-20,2078.162976
2018-11-21,2055.177822
2018-11-22,2055.843644
2018-11-23,2060.277236
2018-11-26,2048.670674
2018-11-27,2042.922329
2018-11-28,2051.571683
2018-11-29,2084.491969
2018-11-30,2108.079439
2018-12-03,2126.177187
2018-12-04,2133.862227
2018-12-05,2164.22799
2018-12-06,2175.526442
2018-12-07,2143.581451
2018-12-10,2144.990982
2018-12-11,2134.477753
2018-12-12,2129.205139
2018-12-13,2132.586699
2018-12-14,2147.49225
2018-12-17,2152.294757
2018-12-18,2128.580457
2018-12-19,2103.650003
2018-12-20,2106.451065
2018-12-21,2100.536661
2018-12-24,2107.471847
2018-12-25,2107.471847
2018-12-26,2107.471847
2018-12-27,2107.471847
2018-12-28,2100.765635
2018-12-31,2141.070222
2019-01-01,2141.070222
2019-01-02,2141.070222
2019-01-03,2091.877709
2019-01-04,2062.617768
2019-01-07,2053.702913
2019-01-08,2035.540788
2019-01-09,2018.815155
2019-01-10,2022.694718
2019-01-11,2017.84924
2019-01-14,2014.038375
2019-01-15,1989.267244
2019-01-16,2048.126933
2019-01-17,2053.156127
2019-01-18,2041.857491
2019-01-21,2047.831917
2019-01-22,2029.74565
2019-01-23,2010.715607
2019-01-24,2022.197824
2019-01-25,2016.633748
2019-01-28,2018.880985
2019-01-29,2018.880985
2019-01-30,2043.664464
2019-01-31,2029.278619
2019-02-01,2017.236701
2019-02-04,2017.887159
2019-02-05,2021.770969
2019-02-06,2021.770969
2019-02-07,2019.83136
2019-02-08,1992.013833
2019-02-11,1975.196597
2019-02-12,1963.419451
2019-02-13,1955.910264
2019-02-14,1962.128512
2019-02-15,1909.309789
2019-02-18,1914.921137
2019-02-19,1946.210927
2019-02-20,1942.9169
2019-02-21,1956.770022
2019-02-22,1959.085271
2019-02-25,1957.233395
2019-02-26,1956.557174
2019-02-27,1977.57284
2019-02-28,1978.988275
2019-03-01,1999.107246
2019-03-04,2016.950398
2019-03-05,2038.032995
2019-03-06,2030.800346
2019-03-07,2022.252642
2019-03-08,2026.142812
2019-03-11,2006.503725
2019-03-12,1993.268666
2019-03-13,2000.681006
2019-03-14,1975.481716
2019-03-15,1974.138414
2019-03-18,1951.588829
2019-03-19,1932.013095
2019-03-20,1923.86191
2019-03-21,1919.225955
2019-03-22,1896.126047
2019-03-25,1873.768735
2019-03-26,1870.398597
2019-03-27,1874.793792
2019-03-28,1868.735579
2019-03-29,1844.098093
2019-04-01,1797.809107
2019-04-02,1778.581348
2019-04-03,1742.623565
2019-04-04,1701.763495
2019-04-05,1662.450327
2019-04-08,1662.222733
2019-04-09,1701.063609
2019-04-10,1785.47007
2019-04-11,1778.389009
2019-04-12,1820.716788
2019-04-15,1834.975047
2019-04-16,1841.815174
2019-04-17,1837.648616
2019-04-18,1861.58069
2019-04-19,1849.369478
2019-04-22,1849.678523
2019-04-23,1849.678523
2019-04-24,1870.05519
2019-04-25,1855.815513
2019-04-26,1845.653063
2019-04-29,1830.522531
2019-04-30,1841.479782
2019-05-01,1841.479782
2019-05-02,1836.021166
2019-05-03,1838.755482
2019-05-06,1842.928047
2019-05-07,1839.504767
2019-05-08,1815.445476
2019-05-09,1836.862861
2019-05-10,1819.713959
2019-05-13,1819.808783
2019-05-14,1789.974351
2019-05-15,1771.747773
2019-05-16,1763.281852
2019-05-17,1750.545298
2019-05-20,1759.299771
2019-05-21,1735.40464
2019-05-22,1743.201557
2019-05-23,1747.421993
2019-05-24,1737.647941
2019-05-27,1730.132638
2019-05-28,1730.132638
2019-05-29,1712.121671
2019-05-30,1679.196297
2019-05-31,1663.076524
2019-06-03,1664.080147
2019-06-04,1640.482551
2019-06-05,1638.283078
2019-06-06,1637.562573
2019-06-07,1629.11947
2019-06-10,1627.567552
2019-06-11,1655.603004
2019-06-12,1668.696752
2019-06-13,1618.310795
2019-06-14,1617.436422
2019-06-17,1619.549867
2019-06-18,1606.600224
2019-06-19,1597.924046
2019-06-20,1593.289314
2019-06-21,1604.956873
2019-06-24,1623.742042
2019-06-25,1602.899536
2019-06-26,1592.925896
2019-06-27,1575.248971
2019-06-28,1563.584103
2019-07-01,1561.7327
2019-07-02,1569.784054
2019-07-03,1594.157315
2019-07-04,1628.103898
2019-07-05,1694.989234
2019-07-08,1688.476661
2019-07-09,1675.291623
2019-07-10,1676.004635
2019-07-11,1692.399895
2019-07-12,1668.954125
2019-07-15,1656.55443
2019-07-16,1650.153363
2019-07-17,1641.20873
2019-07-18,1650.481845
2019-07-19,1636.75226
2019-07-22,1657.951129
2019-07-23,1631.760809
2019-07-24,1627.576625
2019-07-25,1612.75182
2019-07-26,1598.556222
2019-07-29,1565.528422
2019-07-30,1523.960851
2019-07-31,1490.084502
2019-08-01,1483.700174
2019-08-02,1476.236936
2019-08-05,1475.496792
2019-08-06,1468.860463
2019-08-07,1453.840972
2019-08-08,1477.737581
2019-08-09,1477.020791
2019-08-12,1468.177292
2019-08-13,1470.335164
2019-08-14,1453.652756
2019-08-15,1440.703821
2019-08-16,1401.011481
2019-08-19,1401.291493
2019-08-20,1403.477464
2019-08-21,1396.197399
2019-08-22,1376.482245
2019-08-23,1371.473133
2019-08-26,1371.716616
2019-08-27,1371.716616
2019-08-28,1373.639443
2019-08-29,1347.786855
2019-08-30,1359.558959
2019-09-02,1386.770741
2019-09-03,1400.010687
2019-09-04,1428.010516
2019-09-05,1426.451162
2019-09-06,1421.872151
2019-09-09,1426.79485
2019-09-10,1411.779777
2019-09-11,1407.840918
2019-09-12,1399.460175
2019-09-13,1399.301796
2019-09-16,1393.988869
2019-09-17,1412.764627
2019-09-18,1402.979526
2019-09-19,1388.274342
2019-09-20,1384.104156
2019-09-23,1377.493273
2019-09-24,1364.138599
2019-09-25,1355.774895
2019-09-26,1364.93975
2019-09-27,1380.389984
2019-09-30,1397.503922
2019-10-01,1404.078798
2019-10-02,1411.949764
2019-10-03,1431.887352
2019-10-04,1407.8693
2019-10-07,1416.064132
2019-10-08,1448.70693
2019-10-09,1458.514898
2019-10-10,1439.684017
2019-10-11,1443.925815
2019-10-14,1445.101464
2019-10-15,1435.85488
2019-10-16,1437.282707
2019-10-17,1445.844788
2019-10-18,1445.844788
2019-10-21,1444.800723
2019-10-22,1452.791291
2019-10-23,1448.727879
2019-10-24,1424.762272
2019-10-25,1422.667971
2019-10-28,1412.165361
2019-10-29,1407.905891
2019-10-30,1406.564443
2019-10-31,1404.103693
2019-11-01,1403.397833
2019-11-04,1370.965565
2019-11-05,1376.466111
2019-11-06,1376.422404
2019-11-07,1365.59228
2019-11-08,1364.901958
2019-11-11,1355.257239
2019-11-12,1359.430909
2019-11-13,1367.763574
2019-11-14,1376.32869
2019-11-15,1374.939402
2019-11-18,1389.677446
2019-11-19,1392.805838
2019-11-20,1409.032528
2019-11-21,1418.825892
2019-11-22,1404.590723
2019-11-25,1408.110731
2019-11-26,1425.950878
2019-11-27,1413.07719
2019-11-28,1387.147198
2019-11-29,1410.877061
2019-12-02,1426.477902
2019-12-03,1426.477902
2019-12-04,1427.20804
2019-12-05,1427.20804
2019-12-06,1427.20804
2019-12-09,1426.07277
2019-12-10,1426.07277
2019-12-11,1422.423114
2019-12-12,1418.014732
2019-12-13,1415.792957
2019-12-16,1401.10621
2019-12-17,1401.10621
2019-12-18,1402.580653
2019-12-19,1404.786415
2019-12-20,1412.109682
2019-12-23,1407.734671
2019-12-24,1407.734671
2019-12-25,1407.734671
2019-12-26,1407.734671
2019-12-27,1407.734671
2019-12-30,1403.431346
2019-12-31,1403.431346
2020-01-01,1403.431346
2020-01-02,1412.130392
2020-01-03,1416.412756
2020-01-06,1402.574628
2020-01-07,1404.64927
2020-01-08,1408.094053
2020-01-09,1416.310361
2020-01-10,1416.310361
2020-01-13,1480.896435
2020-01-14,1480.896435
2020-01-15,1480.896435
2020-01-16,1480.896435
2020-01-17,1480.896435
2020-01-20,1550.475879
2020-01-21,1549.042183
2020-01-22,1550.479265
2020-01-23,1551.912963
2020-01-24,1551.912963
2020-01-27,1479.998541
2020-01-28,1479.998541
2020-01-29,1479.998541
2020-01-30,1479.998541
2020-01-31,1474.542324
2020-02-03,1478.565169
2020-02-04,1478.565169
2020-02-05,1477.179799
2020-02-06,1477.179799
2020-02-07,1474.402428
2020-02-10,1454.406733
2020-02-11,1459.839621
2020-02-12,1461.185095
2020-02-13,1462.527423
2020-02-14,1465.205821
2020-02-17,1501.576797
2020-02-18,1501.576797
2020-02-19,1506.997422
2020-02-20,1506.997422
2020-02-21,1506.997422
2020-02-24,1495.122193
2020-02-25,1495.122193
2020-02-26,1495.122193
2020-02-27,1495.122193
2020-02-28,1503.714132
2020-03-02,1484.601453
2020-03-03,1484.601453
2020-03-04,1484.601453
2020-03-05,1484.601453
2020-03-06,1476.240341
2020-03-09,1464.103915
2020-03-10,1462.809501
2020-03-11,1460.214829
2020-03-12,1458.911598
2020-03-13,1470.014312
2020-03-16,1463.965083
2020-03-17,1465.231583
2020-03-18,1465.231583
2020-03-19,1465.231583
2020-03-20,1463.967864
2020-03-23,1478.060924
2020-03-24,1469.72384
2020-03-25,1469.073129
2020-03-26,1465.164456
2020-03-27,1450.734656
2020-03-30,1478.213954
2020-03-31,1475.434638
2020-04-01,1471.245576
2020-04-02,1464.21283
2020-04-03,1449.973222
2020-04-06,1451.962078
2020-04-07,1451.962078
2020-04-08,1446.027389
2020-04-09,1440.030039
2020-04-10,1440.030039
2020-04-13,1445.943188
2020-04-14,1445.943188
2020-04-15,1456.594578
2020-04-16,1447.631667
2020-04-17,1440.042964
2020-04-20,1320.053188
2020-04-21,1320.053188
2020-04-22,1317.232797
2020-04-23,1305.889402
2020-04-24,1289.939531
2020-04-27,1218.049301
2020-04-28,1212.251433
2020-04-29,1209.316768
2020-04-30,1190.122867
2020-05-01,1190.122867
2020-05-04,1150.277452
2020-05-05,1150.277452
2020-05-06,1150.277452
2020-05-07,1159.206172
2020-05-08,1159.206172
2020-05-11,1160.572717
2020-05-12,1166.417604
2020-05-13,1169.303237
2020-05-14,1169.303237
2020-05-15,1173.604662
2020-05-18,1177.814865
2020-05-19,1177.814865
2020-05-20,1180.629919
2020-05-21,1178.531367
2020-05-22,1178.531367
2020-05-25,1219.250418
2020-05-26,1219.250418
2020-05-27,1210.357424
2020-05-28,1201.294919
2020-05-29,1201.294919
2020-06-01,1208.787694
2020-06-02,1208.787694
2020-06-03,1202.474516
2020-06-04,1202.474516
2020-06-05,1214.47208
2020-06-08,1217.102181
2020-06-09,1217.102181
2020-06-10,1217.102181
2020-06-11,1217.102181
2020-06-12,1214.756464
2020-06-15,1179.348564
2020-06-16,1179.348564
2020-06-17,1182.400023
2020-06-18,1185.431564
2020-06-19,1188.443497
2020-06-22,1155.719518
2020-06-23,1156.445453
2020-06-24,1162.243669
2020-06-25,1166.537795
2020-06-26,1166.537795
2020-06-29,1176.025489
2020-06-30,1176.025489
2020-07-01,1176.025489
2020-07-02,1176.025489
2020-07-03,1176.025489
2020-07-06,1181.843324
2020-07-07,1181.843324
2020-07-08,1181.130207
2020-07-09,1181.130207
2020-07-10,1179.701754
2020-07-13,1196.739169
2020-07-14,1191.651537
2020-07-15,1178.423818
2020-07-16,1178.423818
2020-07-17,1178.423818
2020-07-20,1168.929014
2020-07-21,1181.928086
2020-07-22,1181.928086
2020-07-23,1186.389796
2020-07-24,1184.18031
2020-07-27,1171.700225
2020-07-28,1173.171286
2020-07-29,1173.171286
2020-07-30,1170.238621
2020-07-31,1168.762777
2020-08-03,1154.412579
2020-08-04,1145.637742
2020-08-05,1145.637742
2020-08-06,1146.383672
2020-08-07,1146.383672
2020-08-10,1153.437022
2020-08-11,1153.437022
2020-08-12,1151.94196
2020-08-13,1145.941685
2020-08-14,1146.701957
2020-08-17,1119.580859
2020-08-18,1121.80394
2020-08-19,1121.80394
2020-08-20,1121.80394
2020-08-21,1120.329401
2020-08-24,1130.6157
2020-08-25,1130.6157
2020-08-26,1132.098341
2020-08-27,1134.314838
2020-08-28,1135.049976
2020-08-31,1101.774359
2020-09-01,1101.774359
2020-09-02,1104.623958
2020-09-03,1104.623958
2020-09-04,1104.623958
2020-09-07,1112.350061
2020-09-08,1112.350061
2020-09-09,1113.752899
2020-09-10,1117.947825
2020-09-11,1119.332769
2020-09-14,1156.421653
2020-09-15,1156.421653
2020-09-16,1166.024971
2020-09-17,1174.085655
2020-09-18,1184.646762
2020-09-21,1254.061361
2020-09-22,1254.721335
2020-09-23,1256.039498
2020-09-24,1259.326035
2020-09-25,1259.326035
2020-09-28,1364.367326
2020-09-29,1364.367326
2020-09-30,1362.993266
2020-10-01,1364.370897
2020-10-02,1364.370897
2020-10-05,1336.8839
2020-10-06,1336.8839
2020-10-07,1336.8839
2020-10-08,1319.993381
2020-10-09,1319.993381
2020-10-12,1312.005081
2020-10-13,1312.005081
2020-10-14,1289.090452
2020-10-15,1286.179864
2020-10-16,1277.396985
2020-10-19,1223.609108
2020-10-20,1211.996234
2020-10-21,1211.996234
2020-10-22,1199.34583
2020-10-23,1196.28627
2020-10-26,1183.774813
2020-10-27,1185.356805
2020-10-28,1195.604575
2020-10-29,1189.434267
2020-10-30,1191.77942
2020-11-02,1280.875985
2020-11-03,1280.875985
2020-11-04,1279.230971
2020-11-05,1275.930026
2020-11-06,1275.930026
2020-11-09,1307.093663
2020-11-10,1297.775405
2020-11-11,1295.186252
2020-11-12,1296.053763
2020-11-13,1282.197439
2020-11-16,1275.963836
2020-11-17,1275.06172
2020-11-18,1269.63916
2020-11-19,1269.63916
2020-11-20,1269.63916
2020-11-23,1280.867983
2020-11-24,1279.960107
2020-11-25,1279.960107
2020-11-26,1288.145919
2020-11-27,1289.935738
2020-11-30,1360.239122
2020-12-01,1360.239122
2020-12-02,1361.174829
2020-12-03,1360.240773
2020-12-04,1363.047898
2020-12-07,1410.797979
2020-12-08,1414.708751
2020-12-09,1414.708751
2020-12-10,1414.708751
2020-12-11,1410.825586
2020-12-14,1483.956621
2020-12-15,1479.863315
2020-12-16,1479.863315
2020-12-17,1479.863315
2020-12-18,1478.832657
2020-12-21,1552.789519
2020-12-22,1552.789519
2020-12-23,1554.963229
2020-12-24,1557.129152
2020-12-25,1559.287355
2020-12-28,1560.224327
2020-12-29,1560.224327
2020-12-30,1564.528008
2020-12-31,1564.528008
2021-01-04,1579.406638
2021-01-05,1579.406638
2021-01-06,1578.328116
2021-01-07,1578.328116
2021-01-08,1577.247695
2021-01-11,1523.525595
2021-01-12,1523.525595
2021-01-13,1523.525595
2021-01-14,1567.435038
2021-01-15,1579.137502
2021-01-18,1700.486874
2021-01-19,1706.292894
2021-01-20,1710.129995
2021-01-21,1731.112974
2021-01-22,1734.81273
2021-01-25,1746.218807
2021-01-26,1781.397769
2021-01-27,1799.424755
2021-01-28,1822.857021
2021-01-29,1832.578052
2021-02-01,1865.448471
2021-02-02,1865.448471
2021-02-03,1862.194398
2021-02-04,1850.753729
2021-02-05,1847.432161
2021-02-08,1782.690005
2021-02-09,1781.079978
2021-02-10,1779.4662
2021-02-11,1730.939659
2021-02-12,1734.426131
2021-02-15,1769.552289
2021-02-16,1769.552289
2021-02-17,1769.552289
2021-02-18,1768.667592
2021-02-19,1766.010084
2021-02-22,1727.231282
2021-02-23,1718.47075
2021-02-24,1730.898427
2021-02-25,1716.952871
2021-02-26,1680.455001
2021-03-01,1635.463325
2021-03-02,1635.463325
2021-03-03,1633.642694
2021-03-04,1633.642694
2021-03-05,1623.600443
2021-03-08,1727.845957
2021-03-09,1715.95038
2021-03-10,1711.913212
2021-03-11,1709.882311
2021-03-12,1709.882311
2021-03-15,1695.068591
2021-03-16,1682.741926
2021-03-17,1682.741926
2021-03-18,1682.741926
2021-03-19,1682.741926
2021-03-22,1717.633024
2021-03-23,1713.35841
2021-03-24,1711.207301
2021-03-25,1706.89113
2021-03-26,1713.407766
2021-03-29,1852.352862
2021-03-30,1857.004093
2021-03-31,1857.004093
2021-04-01,1857.004093
2021-04-02,1857.004093
2021-04-05,1861.65082
2021-04-06,1861.65082
2021-04-07,1863.967333
2021-04-08,1857.039935
2021-04-09,1850.045435
2021-04-12,1720.77459
2021-04-13,1720.77459
2021-04-14,1720.77459
2021-04-15,1722.96447
2021-04-16,1720.781724
2021-04-19,1704.617014
2021-04-20,1706.786331
2021-04-21,1706.786331
2021-04-22,1704.624081
2021-04-23,1704.624081
2021-04-26,1676.125105
2021-04-27,1672.530883
2021-04-28,1693.756148
2021-04-29,1698.926806
2021-04-30,1705.008584
2021-05-03,1720.207426
2021-05-04,1733.723544
2021-05-05,1739.000855
2021-05-06,1756.189291
2021-05-07,1777.908424
2021-05-10,1788.427635
2021-05-11,1807.974656
2021-05-12,1855.908214
2021-05-13,1901.518064
2021-05-14,1916.568734
2021-05-17,1890.999789
2021-05-18,1858.345285
2021-05-19,1892.583897
2021-05-20,1904.735055
2021-05-21,1981.946051
2021-05-24,2051.650668
2021-05-25,2092.483574
2021-05-26,2110.094432
2021-05-27,2108.932945
2021-05-28,2122.054282
2021-05-31,2130.921071
2021-06-01,2170.12867
2021-06-02,2175.892218
2021-06-03,2174.651485
2021-06-04,2165.781625
2021-06-07,2133.805271
2021-06-08,2186.21887
2021-06-09,2193.115993
2021-06-10,2227.469874
2021-06-11,2284.482995
2021-06-14,2315.536776
2021-06-15,2315.536776
2021-06-16,2306.966766
2021-06-17,2327.100894
2021-06-18,2350.93189
2021-06-21,2365.439305
2021-06-22,2346.259106
2021-06-23,2366.351091
2021-06-24,2409.583868
2021-06-25,2456.687567
2021-06-28,2487.719341
2021-06-29,2418.852523
2021-06-30,2419.919773
2021-07-01,2375.352105
2021-07-02,2407.809197
2021-07-05,2428.008622
2021-07-06,2484.841746
2021-07-07,2424.752331
2021-07-08,2391.300283
2021-07-09,2419.27625
2021-07-12,2317.302269
2021-07-13,2334.107733
2021-07-14,2407.953572
2021-07-15,2464.741093
2021-07-16,2491.772046
2021-07-19,2556.635952
2021-07-20,2578.590969
2021-07-21,2555.761489
2021-07-22,2569.022356
2021-07-23,2527.709059
2021-07-26,2535.536265
2021-07-27,2576.89248
2021-07-28,2595.252382
2021-07-29,2620.553292
2021-07-30,2644.158435
2021-08-02,2673.203031
2021-08-03,2665.670605
2021-08-04,2646.86081
2021-08-05,2676.439804
2021-08-06,2731.868014
2021-08-09,2782.254827
2021-08-10,2877.484354
2021-08-11,2847.914872
2021-08-12,2820.69045
2021-08-13,2864.277997
2021-08-16,2854.110341
2021-08-17,2878.7109
2021-08-18,2830.373006
2021-08-19,2866.540809
2021-08-20,2830.481325
2021-08-23,2785.941749
2021-08-24,2845.26604
2021-08-25,2927.846294
2021-08-26,2964.029745
2021-08-27,2998.172553
2021-08-30,3016.603809
2021-08-31,3033.416828
2021-09-01,3055.842997
2021-09-02,3095.757664
2021-09-03,3161.084394
2021-09-06,3212.962204
2021-09-07,3238.357383
2021-09-08,3243.380062
2021-09-09,3261.448
2021-09-10,3283.668301
2021-09-13,3341.625419
2021-09-14,3362.603487
2021-09-15,3326.103242
2021-09-16,3329.842706
2021-09-17,3297.411589
2021-09-20,3337.811379
2021-09-21,3362.248059
2021-09-22,3345.817516
2021-09-23,3446.706322
2021-09-24,3578.743903
2021-09-27,3568.230226
2021-09-28,3729.441066
2021-09-29,3794.716359
2021-09-30,3858.290069
2021-10-01,3855.465447
2021-10-04,3948.531138
2021-10-05,4199.992657
2021-10-06,4435.604466
2021-10-07,3983.583046
2021-10-08,3927.331424
2021-10-11,3922.334533
2021-10-12,4161.534911
2021-10-13,4309.249994
2021-10-14,4261.347698
2021-10-15,4231.519888
2021-10-18,4172.874086
2021-10-19,4099.376487
2021-10-20,3953.733357
2021-10-21,3804.887731
2021-10-22,3301.688441
2021-10-25,3393.909454
2021-10-26,3566.216498
2021-10-27,3577.118776
2021-10-28,3357.565324
2021-10-29,3105.354499
2021-11-01,2837.303345
2021-11-02,2667.345258
2021-11-03,2651.11042
2021-11-04,2951.937897
2021-11-05,2891.25916
2021-11-08,2892.293512
2021-11-09,3019.328699
2021-11-10,2932.185128
2021-11-11,2798.482766
2021-11-12,2828.943441
2021-11-15,2787.756915
2021-11-16,2720.899249
2021-11-17,2740.437351
2021-11-18,2735.252212
2021-11-19,2780.998975
2021-11-22,2808.984332
2021-11-23,2914.343809
2021-11-24,3047.972348
2021-11-25,3194.04153
2021-11-26,3254.07579
2021-11-29,3134.150094
2021-11-30,2914.917707
2021-12-01,2677.183836
2021-12-02,2827.557095
2021-12-03,2862.69579
2021-12-06,2803.314534
2021-12-07,2741.867109
2021-12-08,2831.012199
2021-12-09,2943.253783
2021-12-10,2946.411721
2021-12-13,2980.145357
2021-12-14,2994.35085
2021-12-15,3066.693619
2021-12-16,3068.497682
2021-12-17,3201.822483
2021-12-20,3236.157931
2021-12-21,3295.186062
2021-12-22,3285.951927
2021-12-23,3246.082835
2021-12-24,3165.598215
2021-12-27,3187.08821
2021-12-28,3170.198335
2021-12-29,3092.225321
2021-12-30,2958.687539
2021-12-31,2912.464687
2022-01-03,2914.002453
2022-01-04,2985.805799
2022-01-05,3067.071322
2022-01-06,3081.732538
2022-01-07,3315.621184
2022-01-10,3256.041025
2022-01-11,3179.843181
2022-01-12,3148.306054
2022-01-13,3233.82395
2022-01-14,3448.245438
2022-01-17,3552.09181
2022-01-18,3719.840262
2022-01-19,3704.731919
2022-01-20,3721.867062
2022-01-21,3613.917928
2022-01-24,3706.373904
2022-01-25,3751.709363
2022-01-26,3780.428586
2022-01-27,3905.348402
2022-01-28,3856.622729
2022-01-31,3834.072139
2022-02-01,3795.501631
2022-02-02,3743.976388
2022-02-03,3766.303012
2022-02-04,3776.318067
2022-02-07,3839.025489
2022-02-08,3947.571341
2022-02-09,4037.310147
2022-02-10,4032.35646
2022-02-11,3725.19649
2022-02-14,4102.895625
2022-02-15,3775.721304
2022-02-16,3767.117551
2022-02-17,4011.910609
2022-02-18,3984.061816
2022-02-21,3680.030712
2022-02-22,3805.107485
2022-02-23,4000.183847
2022-02-24,4153.969282
2022-02-25,4533.003479
2022-02-28,4306.564749
2022-03-01,4561.335379
2022-03-02,5021.111305
2022-03-03,6454.570525
2022-03-04,5670.197523
2022-03-07,6260.485063
2022-03-08,6641.334525
2022-03-09,6552.009017
2022-03-10,6586.169134
2022-03-11,5944.694772
2022-03-14,5972.735807
2022-03-15,5618.825637
2022-03-16,5199.715209
2022-03-17,4674.010716
2022-03-18,4537.432932
2022-03-21,4556.522528
2022-03-22,4327.468285
2022-03-23,4688.394043
2022-03-24,4907.179312
2022-03-25,5014.292907
2022-03-28,4921.483141
2022-03-29,4880.548734
2022-03-30,4826.951412
2022-03-31,4913.245455
2022-04-01,4912.252206
2022-04-04,4922.355803
2022-04-05,4987.304071
2022-04-06,5196.150218
2022-04-07,5259.898652
2022-04-08,5208.383487
2022-04-11,5348.774468
2022-04-12,5303.91559
2022-04-13,5532.166055
2022-04-14,5580.968816
2022-04-15,5485.702407
2022-04-18,5545.744533
2022-04-19,5543.145726
2022-04-20,5672.697792
2022-04-21,5690.577809
2022-04-22,5738.402727
2022-04-25,5674.767291
2022-04-26,5740.759487
2022-04-27,5501.6442
2022-04-28,5470.240854
2022-04-29,5417.17434
2022-05-02,5179.652317
2022-05-03,5185.279351
2022-05-04,5486.712458
2022-05-05,5855.422888
2022-05-06,6017.515032
2022-05-09,6064.488157
2022-05-10,5973.240462
2022-05-11,5945.903566
2022-05-12,6058.606374
2022-05-13,6089.89314
2022-05-16,6042.65362
2022-05-17,6192.242274
2022-05-18,6358.98911
2022-05-19,6303.079224
2022-05-20,6263.125212
2022-05-23,6304.324505
2022-05-24,6256.120108
2022-05-25,5861.242555
2022-05-26,5630.709141
2022-05-27,5606.971945
2022-05-30,5773.322885
2022-05-31,6129.413739
2022-06-01,6426.559059
2022-06-02,6314.884674
2022-06-03,6336.011451
2022-06-06,6360.965795
2022-06-07,6245.557254
2022-06-08,5984.178885
2022-06-09,5966.649337
2022-06-10,5922.223727
2022-06-13,5759.733336
2022-06-14,5648.669381
2022-06-15,5582.419535
2022-06-16,5707.610868
2022-06-17,5653.622618
2022-06-20,5727.577488
2022-06-21,5862.952726
2022-06-22,5921.58653
2022-06-23,5911.741142
2022-06-24,5941.182128
2022-06-27,5853.119649
2022-06-28,5903.356363
2022-06-29,5963.982791
2022-06-30,5888.563818
2022-07-01,5906.288174
2022-07-04,5741.029386
2022-07-05,5857.915735
2022-07-06,5878.48793
2022-07-07,5897.222309
2022-07-08,6099.488428
2022-07-11,6103.835681
2022-07-12,6156.420952
2022-07-13,6236.149244
2022-07-14,6096.401659
2022-07-15,5924.755921
2022-07-18,5576.131771
2022-07-19,5288.167654
2022-07-20,5517.159469
2022-07-21,5548.918688
2022-07-22,5432.824272
2022-07-25,5656.83987
2022-07-26,5818.093873
2022-07-27,6069.365415
2022-07-28,5943.170745
2022-07-29,5979.553338
2022-08-01,5943.832176
2022-08-02,5954.655863
2022-08-03,5953.93997
2022-08-04,5889.383629
2022-08-05,5761.667834
2022-08-08,5513.21732
2022-08-09,5616.344014
2022-08-10,5779.17572
2022-08-11,5883.373425
2022-08-12,5898.900718
2022-08-15,5986.195214
2022-08-16,5985.505629
2022-08-17,5962.73954
2022-08-18,6055.710956
2022-08-19,6025.458093
2022-08-22,5855.189586
2022-08-23,5901.549253
2022-08-24,5925.295272
2022-08-25,5878.344436
2022-08-26,5939.119211
2022-08-29,5968.939677
2022-08-30,6009.886802
2022-08-31,5868.030583
2022-09-01,5930.400683
2022-09-02,5934.685492
2022-09-05,5998.965536
2022-09-06,6234.558582
2022-09-07,6176.306955
2022-09-08,6054.506684
2022-09-09,6083.473854
2022-09-12,6055.869934
2022-09-13,6062.655946
2022-09-14,6152.982392
2022-09-15,6195.875374
2022-09-16,6257.87686
2022-09-19,6187.199782
2022-09-20,6220.147844
2022-09-21,6245.806042
2022-09-22,6260.043111
2022-09-23,6211.017284
2022-09-26,6220.480903
2022-09-27,6222.605936
2022-09-28,6258.585378
2022-09-29,6240.459962
2022-09-30,6235.355434
2022-10-03,6208.381103
2022-10-04,5908.63024
2022-10-05,5932.555512
2022-10-06,5858.547665
2022-10-07,5894.602838
2022-10-10,5757.16972
2022-10-11,5823.929289
2022-10-12,5874.510799
2022-10-13,5952.778892
2022-10-14,5862.272291
2022-10-17,5852.604018
2022-10-18,5825.225292
2022-10-19,5743.408743
2022-10-20,5773.365505
2022-10-21,5762.755152
2022-10-24,5778.511882
2022-10-25,5785.763636
2022-10-26,5676.566564
2022-10-27,5579.006299
2022-10-28,5551.807949
2022-10-31,5556.418316
2022-11-01,5355.269447
2022-11-02,5385.460923
2022-11-03,5438.140577
2022-11-04,5352.222104
2022-11-07,5362.18965
2022-11-08,5250.017981
2022-11-09,5100.163178
2022-11-10,4915.094828
2022-11-11,4775.931954
2022-11-14,4903.388014
2022-11-15,5040.619489
2022-11-16,5257.807208
2022-11-17,5121.034858
2022-11-18,5155.100098
2022-11-21,5348.247461
2022-11-22,5457.781347
2022-11-23,5498.719295
2022-11-24,5504.906768
2022-11-25,5543.432061
2022-11-28,5593.285606
2022-11-29,5787.505961
2022-11-30,5933.405705
2022-12-01,6019.997315
2022-12-02,5776.565833
2022-12-05,5844.922969
2022-12-06,5938.793955
2022-12-07,5741.050713
2022-12-08,5641.874754
2022-12-09,5528.709775
2022-12-12,5489.811293
2022-12-13,5535.200599
2022-12-14,5587.45946
2022-12-15,5633.076472
2022-12-16,5627.789738
2022-12-19,5581.478086
2022-12-20,5513.936592
2022-12-21,5524.540492
2022-12-22,5519.92934
2022-12-23,5494.704366
2022-12-26,5465.528938
2022-12-27,5483.084422
2022-12-28,5513.709947
2022-12-29,5547.538654
2022-12-30,5571.334707
2023-01-02,5674.99347
2023-01-03,5674.99347
2023-01-04,5657.218511
2023-01-05,5650.620894
2023-01-06,5678.520823
2023-01-09,5676.193366
2023-01-10,5415.265215
2023-01-11,5381.02427
2023-01-12,5145.982769
2023-01-13,5218.618355
2023-01-16,5158.128731
2023-01-17,5076.566904
2023-01-18,5104.364245
2023-01-19,5090.636821
2023-01-20,5024.047106
2023-01-23,4853.21662
2023-01-24,4713.328626
2023-01-25,4657.839913
2023-01-26,4322.761072
2023-01-27,4301.670857
2023-01-30,4373.720915
2023-01-31,4377.210507
2023-02-01,4206.179779
2023-02-02,4135.56007
2023-02-03,4074.006867
2023-02-06,3936.331775
2023-02-07,4175.705917
2023-02-08,4277.715814
2023-02-09,4033.200559
2023-02-10,3615.288834
2023-02-13,3788.739395
2023-02-14,3685.146397
2023-02-15,3627.332627
2023-02-16,3659.626663
2023-02-17,3554.254553
2023-02-20,3535.500397
2023-02-21,3500.619331
2023-02-22,3750.299664
2023-02-23,3788.777101
2023-02-24,3854.770248
2023-02-27,3885.525296
2023-02-28,3803.744788
2023-03-01,3740.965576
2023-03-02,3786.697991
2023-03-03,3801.08581
2023-03-06,3751.765385
2023-03-07,3660.664493
2023-03-08,3588.817807
2023-03-09,3574.619654
2023-03-10,3585.756117
2023-03-13,3716.232458
2023-03-14,3699.714692
2023-03-15,3642.678468
2023-03-16,3529.629533
2023-03-17,3495.807207
2023-03-20,3429.804188
2023-03-21,3414.599585
2023-03-22,3465.949856
2023-03-23,3503.685908
2023-03-24,3511.407123
2023-03-27,3628.368523
2023-03-28,3663.802919
2023-03-29,3618.039334
2023-03-30,3630.70126
2023-03-31,3565.057366
2023-04-03,3832.591023
2023-04-04,4129.76472
2023-04-05,3970.173589
2023-04-06,3898.568789
2023-04-07,3819.682567
2023-04-10,3826.736312
2023-04-11,3801.586271
2023-04-12,3760.822315
2023-04-13,3742.365547
2023-04-14,3615.416272
2023-04-17,3489.284904
2023-04-18,3452.843838
2023-04-19,3492.200624
2023-04-20,3639.432178
2023-04-21,3562.876601
2023-04-24,3522.469715
2023-04-25,3471.631988
2023-04-26,3501.232498
2023-04-27,3487.425618
2023-04-28,3437.714439
2023-05-01,3414.393141
2023-05-02,3414.393141
2023-05-03,3442.180947
2023-05-04,3359.178775
2023-05-05,3169.908696
2023-05-08,3177.724333
2023-05-09,3192.086942
2023-05-10,3192.263066
2023-05-11,3106.731538
2023-05-12,3046.353614
2023-05-15,3071.660472
2023-05-16,3084.937737
2023-05-17,3057.287614
2023-05-18,3109.285345
2023-05-19,2988.426836
2023-05-22,3011.729296
2023-05-23,3016.54481
2023-05-24,2989.566411
2023-05-25,2821.938354
2023-05-26,2727.719343
2023-05-29,2679.935652
2023-05-30,2685.83075
2023-05-31,2619.848356
2023-06-01,2642.027515
2023-06-02,2597.768074
2023-06-05,2655.878807
2023-06-06,2791.987912
2023-06-07,2731.325519
2023-06-08,2768.632529
2023-06-09,2797.463401
2023-06-12,2796.706802
2023-06-13,2745.092278
2023-06-14,2726.616677
2023-06-15,2727.130196
2023-06-16,2792.55042
2023-06-19,2724.583229
2023-06-20,2724.31575
2023-06-21,2730.891722
2023-06-22,2716.157405
2023-06-23,2813.208021
2023-06-26,2787.397887
2023-06-27,2762.848294
2023-06-28,2801.635794
2023-06-29,2836.730498
2023-06-30,2860.806659
2023-07-03,2917.921416
2023-07-04,2984.084467
2023-07-05,2927.532739
2023-07-06,2916.792337
2023-07-07,2831.281083
2023-07-10,2809.299315
2023-07-11,2738.821595
2023-07-12,2714.266158
2023-07-13,2649.787312
2023-07-14,2640.247865
2023-07-17,2732.982132
2023-07-18,2746.195396
2023-07-19,2819.597655
2023-07-20,2841.407939
2023-07-21,2975.601883
2023-07-24,2905.674682
2023-07-25,2911.511131
2023-07-26,3158.721043
2023-07-27,3164.976716
2023-07-28,2956.456367
2023-07-31,2876.141234
2023-08-01,2827.752685
2023-08-02,2799.156284
2023-08-03,2937.258495
2023-08-04,2899.566925
2023-08-07,2880.787138
2023-08-08,2941.393249
2023-08-09,2947.177943
2023-08-10,2992.122459
2023-08-11,3007.993458
2023-08-14,3035.602311
2023-08-15,3012.857191
2023-08-16,3024.366514
2023-08-17,3027.854665
2023-08-18,3035.686964
2023-08-21,3117.060538
2023-08-22,3138.96396
2023-08-23,3202.003856
2023-08-24,3166.591137
2023-08-25,3127.478283
2023-08-28,3183.073951
2023-08-29,3194.190173
2023-08-30,3181.63744
2023-08-31,3136.957248
2023-09-01,3166.562251
2023-09-04,3213.03131
2023-09-05,3259.59074
2023-09-06,3376.643541
2023-09-07,3330.499698
2023-09-08,3299.547748
2023-09-11,3272.844859
2023-09-12,3290.853558
2023-09-13,3363.426335
2023-09-14,3431.560411
2023-09-15,3401.743077
2023-09-18,3485.431514
2023-09-19,3489.949814
2023-09-20,3519.950511
2023-09-21,3472.690811
2023-09-22,3404.581159
2023-09-25,3422.205375
2023-09-26,3437.297782
2023-09-27,3444.241383
2023-09-28,3421.321668
2023-09-29,3441.822058
2023-10-02,3394.907367
2023-10-03,3340.425563
2023-10-04,3244.120364
2023-10-05,3166.639835
2023-10-06,3091.132268
2023-10-09,3135.276665
2023-10-10,3204.75215
2023-10-11,3209.345147
2023-10-12,3135.072453
2023-10-13,3196.244403
2023-10-16,3208.344714
2023-10-17,3228.017959
2023-10-18,3171.433558
2023-10-19,3160.524803
2023-10-20,3078.228136
2023-10-23,3098.390493
2023-10-24,3035.18265
2023-10-25,2970.025134
2023-10-26,2980.592784
2023-10-27,3006.982739
2023-10-30,3014.145954
2023-10-31,3031.418534
2023-11-01,2920.790219
2023-11-02,2908.352209
2023-11-03,2923.697085
2023-11-06,2917.477067
2023-11-07,2877.270749
2023-11-08,2902.519874
2023-11-09,2967.188603
2023-11-10,3011.204007
2023-11-13,3032.297168
2023-11-14,3002.275771
2023-11-15,2978.451544
2023-11-16,3008.952732
2023-11-17,2989.473583
2023-11-20,3008.641589
2023-11-21,2979.526922
2023-11-22,3005.01481
2023-11-23,3038.827177
2023-11-24,3061.797155
2023-11-27,3064.214337
2023-11-28,3096.358069
2023-11-29,3087.53741
2023-11-30,3078.306087
2023-12-01,3145.39865
2023-12-04,3182.878456
2023-12-05,3173.555228
2023-12-06,3123.337067
2023-12-07,3260.731742
2023-12-08,3384.948996
2023-12-11,3448.908028
2023-12-12,3411.796151
2023-12-13,3282.543537
2023-12-14,3276.886382
2023-12-15,3245.82878
2023-12-18,3241.521033
2023-12-19,3200.153573
2023-12-20,3189.462136
2023-12-21,3166.279152
2023-12-22,3223.413281
2023-12-25,3256.992275
2023-12-26,3247.797952
2023-12-27,3242.826859
2023-12-28,3213.029763
2023-12-29,3174.172398
2024-01-01,3103.587499
2024-01-02,3103.587499
2024-01-03,2998.750166
2024-01-04,3031.440086
2024-01-05,3052.532127
2024-01-08,3050.779364
2024-01-09,3014.872423
2024-01-10,3071.600128
2024-01-11,3019.63937
2024-01-12,2945.783204
2024-01-15,2971.555053
2024-01-16,2958.475848
2024-01-17,2970.151551
2024-01-18,2961.539942
2024-01-19,2950.025016
2024-01-22,2863.037913
2024-01-23,2896.651395
2024-01-24,2894.587485
2024-01-25,2878.123185
2024-01-26,2830.531706
2024-01-29,2836.875461
2024-01-30,2804.448933
2024-01-31,2880.269142
2024-02-01,2815.755113
2024-02-02,2798.269344
2024-02-05,2838.494434
2024-02-06,2898.815802
2024-02-07,2868.231512
2024-02-08,2893.102454
2024-02-09,2928.271062
2024-02-12,2936.732931
2024-02-13,2911.790323
2024-02-14,2911.790323
2024-02-15,2902.396623
2024-02-16,2907.885161
2024-02-19,2892.269854
2024-02-20,2838.246875
2024-02-21,2847.683208
2024-02-22,2912.245041
2024-02-23,2947.762491
2024-02-26,2950.11311
2024-02-27,2968.585359
2024-02-28,2991.517018
2024-02-29,3013.308156
2024-03-01,3040.057489
2024-03-04,3123.300109
2024-03-05,3169.832134
2024-03-06,3182.598344
2024-03-07,3131.860693
2024-03-08,3109.597311
2024-03-11,3082.817178
2024-03-12,3023.387246
2024-03-13,2984.39697
2024-03-14,2971.485778
2024-03-15,2926.387575
2024-03-18,2906.135818
2024-03-19,2871.38871
2024-03-20,2849.329575
2024-03-21,2866.318925
2024-03-22,2851.135992
2024-03-25,2864.511186
2024-03-26,2896.366997
2024-03-27,2917.438416
2024-03-28,2944.661257
2024-03-29,2932.519208
2024-04-01,2912.309982
2024-04-02,2894.334764
2024-04-03,2911.283224
2024-04-04,2887.210159
2024-04-05,2850.585794
2024-04-08,2870.024492
2024-04-09,2855.592566
2024-04-10,2873.050511
2024-04-11,2882.604432
2024-04-12,2913.727661
2024-04-15,2962.147411
2024-04-16,3021.639657
2024-04-17,3026.094925
2024-04-18,3085.795072
2024-04-19,3138.775751
2024-04-22,3154.139607
2024-04-23,3081.062858
2024-04-24,3043.299367
2024-04-25,3021.949758
2024-04-26,3037.851922
2024-04-29,3008.618815
2024-04-30,3050.612132
2024-05-01,3090.7474
2024-05-02,3165.351987
2024-05-03,3177.521986
2024-05-06,3142.410642
2024-05-07,3120.53461
2024-05-08,3161.586055
2024-05-09,3125.925228
2024-05-10,3064.303101
2024-05-13,3062.969794
2024-05-14,2991.274545
2024-05-15,2913.579647
2024-05-16,2954.713511
2024-05-17,2955.455026
2024-05-20,3041.989113
