기준일,기준가격,광물종합지수,희유금속지수,환율,시장전망지표,수산화리튬 수출 중량,수산화리튬 수입 중량,탄산리튬 수출 중량,탄산리튬 수입 중량,수산화리튬_무역수지,탄산리튬_무역수지,수급안정화지수
2021-06-09,81,2407.510943,1682.471447,174.5277027,35.06,74.7,5111.1,123.5,4972.3,-59756,-47671,32.46
2021-06-10,81,2436.458355,1682.471447,174.8078063,35.06,74.7,5111.1,123.5,4972.3,-59756,-47671,32.46
2021-06-11,81,2452.915918,1682.471447,173.8435285,35.06,74.7,5111.1,123.5,4972.3,-59756,-47671,32.46
2021-06-15,81,2496.551463,1741.940418,174.501333,35.06,74.7,5111.1,123.5,4972.3,-59756,-47671,32.46
2021-06-16,81,2466.150328,1741.940418,174.2435586,35.06,74.7,5111.1,123.5,4972.3,-59756,-47671,32.46
2021-06-17,81,2465.56547,1741.940418,176.9584267,35.06,74.7,5111.1,123.5,4972.3,-59756,-47671,32.46
2021-06-18,81,2460.78941,1741.940418,175.8135097,35.06,74.7,5111.1,123.5,4972.3,-59756,-47671,32.46
2021-06-21,81,2453.776789,1805.045038,175.7954829,35.06,74.7,5111.1,123.5,4972.3,-59756,-47671,32.46
2021-06-22,81,2421.023478,1805.045038,174.8155671,35.06,74.7,5111.1,123.5,4972.3,-59756,-47671,32.46
2021-06-23,80,2429.371251,1805.045038,174.7619738,35.06,74.7,5111.1,123.5,4972.3,-59756,-47671,32.46
2021-06-24,80,2459.435097,1805.045038,174.9745059,35.06,74.7,5111.1,123.5,4972.3,-59756,-47671,32.46
2021-06-25,80,2489.125328,1805.045038,174.7488819,35.06,74.7,5111.1,123.5,4972.3,-59756,-47671,32.46
2021-06-28,80,2513.630383,1805.416815,174.5714535,35.06,74.7,5111.1,123.5,4972.3,-59756,-47671,32.46
2021-06-29,80,2493.107224,1805.416815,174.9066674,35.06,74.7,5111.1,123.5,4972.3,-59756,-47671,32.46
2021-06-30,80,2502.320961,1805.416815,174.9176119,35.06,74.7,5111.1,123.5,4972.3,-59756,-47671,32.46
2021-07-01,80,2494.018102,1805.416815,174.9635938,43.64,42,2943,749,3598.9,-34338,-28542,40.41
2021-07-02,80,2493.491316,1805.416815,175.0896866,43.64,42,2943,749,3598.9,-34338,-28542,40.41
2021-07-05,80,2502.960118,1807.761399,174.5600435,43.64,42,2943,749,3598.9,-34338,-28542,40.41
2021-07-06,80,2544.846667,1807.761399,174.7601561,43.64,42,2943,749,3598.9,-34338,-28542,40.41
2021-07-07,80,2541.783908,1807.761399,175.2797906,43.64,42,2943,749,3598.9,-34338,-28542,40.41
2021-07-08,80,2520.210657,1807.761399,176.2373536,43.64,42,2943,749,3598.9,-34338,-28542,40.41
2021-07-09,80,2498.536723,1807.761399,176.6469977,43.64,42,2943,749,3598.9,-34338,-28542,40.41
2021-07-12,80,2483.036305,1831.065083,176.6455742,43.64,42,2943,749,3598.9,-34338,-28542,40.41
2021-07-13,80,2481.488963,1831.065083,176.2425484,43.64,42,2943,749,3598.9,-34338,-28542,40.41
2021-07-14,80,2514.98717,1831.065083,177.6111193,43.64,42,2943,749,3598.9,-34338,-28542,40.41
2021-07-15,80,2538.227519,1831.065083,176.7713399,43.64,42,2943,749,3598.9,-34338,-28542,40.41
2021-07-16,80,2547.131936,1831.065083,176.4864266,43.64,42,2943,749,3598.9,-34338,-28542,40.41
2021-07-19,80,2578.960621,1830.129722,176.2063547,43.64,42,2943,749,3598.9,-34338,-28542,40.41
2021-07-20,80,2558.310606,1830.129722,177.2228499,43.64,42,2943,749,3598.9,-34338,-28542,40.41
2021-07-21,80,2547.505947,1830.129722,176.97373,43.64,42,2943,749,3598.9,-34338,-28542,40.41
2021-07-22,80,2548.877636,1830.129722,177.6233091,43.64,42,2943,749,3598.9,-34338,-28542,40.41
2021-07-23,80,2533.774224,1830.129722,177.7377713,43.64,42,2943,749,3598.9,-34338,-28542,40.41
2021-07-26,82,2545.530409,1838.858226,177.6310073,43.64,42,2943,749,3598.9,-34338,-28542,40.41
2021-07-27,82,2572.042436,1838.858226,177.6941265,43.64,42,2943,749,3598.9,-34338,-28542,40.41
2021-07-28,83,2577.70537,1838.858226,177.2063367,43.64,42,2943,749,3598.9,-34338,-28542,40.41
2021-07-29,84,2587.23806,1838.858226,177.1211591,43.64,42,2943,749,3598.9,-34338,-28542,40.41
2021-07-30,85,2604.019229,1838.858226,176.9274892,43.64,42,2943,749,3598.9,-34338,-28542,40.41
2021-08-02,85,2610.779956,1914.577449,178.1487649,43.92,393.2,5194.3,344.1,2775.5,-61457,-20514,40.67
2021-08-03,87,2609.217786,1914.577449,177.9229322,43.92,393.2,5194.3,344.1,2775.5,-61457,-20514,40.67
2021-08-04,87,2591.609331,1914.577449,177.5458994,43.92,393.2,5194.3,344.1,2775.5,-61457,-20514,40.67
2021-08-05,87,2593.787883,1914.577449,176.9566398,43.92,393.2,5194.3,344.1,2775.5,-61457,-20514,40.67
2021-08-06,87,2579.166163,1914.577449,176.9453432,43.92,393.2,5194.3,344.1,2775.5,-61457,-20514,40.67
2021-08-09,89,2608.60048,1962.704311,176.6170506,43.92,393.2,5194.3,344.1,2775.5,-61457,-20514,40.67
2021-08-10,91,2600.334859,1962.704311,176.69309,43.92,393.2,5194.3,344.1,2775.5,-61457,-20514,40.67
2021-08-11,92,2583.193494,1962.704311,177.7174638,43.92,393.2,5194.3,344.1,2775.5,-61457,-20514,40.67
2021-08-12,93,2588.317173,1962.704311,177.9583809,43.92,393.2,5194.3,344.1,2775.5,-61457,-20514,40.67
2021-08-13,94,2607.986668,1962.704311,179.3773122,43.92,393.2,5194.3,344.1,2775.5,-61457,-20514,40.67
2021-08-16,96,2611.001738,2041.301641,179.3249372,43.92,393.2,5194.3,344.1,2775.5,-61457,-20514,40.67
2021-08-17,98,2623.611668,2041.301641,179.8844563,43.92,393.2,5194.3,344.1,2775.5,-61457,-20514,40.67
2021-08-18,100,2601.482515,2041.301641,181.4081493,43.92,393.2,5194.3,344.1,2775.5,-61457,-20514,40.67
2021-08-19,100,2577.312,2041.301641,180.4170842,43.92,393.2,5194.3,344.1,2775.5,-61457,-20514,40.67
2021-08-20,100,2483.061895,2041.301641,181.0046676,43.92,393.2,5194.3,344.1,2775.5,-61457,-20514,40.67
2021-08-23,102,2510.761269,2099.661603,180.8860656,43.92,393.2,5194.3,344.1,2775.5,-61457,-20514,40.67
2021-08-24,104,2538.973392,2099.661603,180.1867256,43.92,393.2,5194.3,344.1,2775.5,-61457,-20514,40.67
2021-08-25,106,2596.592887,2099.661603,179.828119,43.92,393.2,5194.3,344.1,2775.5,-61457,-20514,40.67
2021-08-26,107,2620.763682,2099.661603,179.6676393,43.92,393.2,5194.3,344.1,2775.5,-61457,-20514,40.67
2021-08-27,108,2629.343996,2099.661603,180.5416187,43.92,393.2,5194.3,344.1,2775.5,-61457,-20514,40.67
2021-08-30,110,2660.725415,2154.227103,179.4723944,43.92,393.2,5194.3,344.1,2775.5,-61457,-20514,40.67
2021-08-31,112,2662.61886,2154.227103,180.2771873,43.92,393.2,5194.3,344.1,2775.5,-61457,-20514,40.67
2021-09-01,115,2676.096434,2154.227103,179.3315436,32.16,1.9,4579.7,218.9,3025.3,-57217,-25123,29.78
2021-09-02,118,2641.074184,2154.227103,178.8636026,32.16,1.9,4579.7,218.9,3025.3,-57217,-25123,29.78
2021-09-03,120,2658.014736,2154.227103,179.2499313,32.16,1.9,4579.7,218.9,3025.3,-57217,-25123,29.78
2021-09-06,122,2684.488698,2218.062364,178.9782853,32.16,1.9,4579.7,218.9,3025.3,-57217,-25123,29.78
2021-09-07,125,2668.408453,2218.062364,178.9675943,32.16,1.9,4579.7,218.9,3025.3,-57217,-25123,29.78
2021-09-08,128,2680.220681,2218.062364,179.5684822,32.16,1.9,4579.7,218.9,3025.3,-57217,-25123,29.78
2021-09-09,131,2672.456711,2218.062364,180.5516405,32.16,1.9,4579.7,218.9,3025.3,-57217,-25123,29.78
2021-09-10,134,2687.380082,2218.062364,181.1397081,32.16,1.9,4579.7,218.9,3025.3,-57217,-25123,29.78
2021-09-13,137,2733.659123,2316.027118,181.4849337,32.16,1.9,4579.7,218.9,3025.3,-57217,-25123,29.78
2021-09-14,139,2727.331208,2316.027118,181.544924,32.16,1.9,4579.7,218.9,3025.3,-57217,-25123,29.78
2021-09-15,142,2678.343643,2316.027118,181.8492498,32.16,1.9,4579.7,218.9,3025.3,-57217,-25123,29.78
2021-09-16,145,2670.8981,2316.027118,181.1767271,32.16,1.9,4579.7,218.9,3025.3,-57217,-25123,29.78
2021-09-17,148,2627.354807,2316.027118,181.894497,32.16,1.9,4579.7,218.9,3025.3,-57217,-25123,29.78
2021-09-22,154,2568.787705,2411.364439,182.944638,32.16,1.9,4579.7,218.9,3025.3,-57217,-25123,29.78
2021-09-23,157,2665.196685,2411.364439,182.7993434,32.16,1.9,4579.7,218.9,3025.3,-57217,-25123,29.78
2021-09-24,160,2704.062986,2411.364439,181.9012284,32.16,1.9,4579.7,218.9,3025.3,-57217,-25123,29.78
2021-09-27,166,2718.900965,2490.49861,182.3777664,32.16,1.9,4579.7,218.9,3025.3,-57217,-25123,29.78
2021-09-28,169,2780.847605,2490.49861,182.3048309,32.16,1.9,4579.7,218.9,3025.3,-57217,-25123,29.78
2021-09-29,171,2766.002893,2490.49861,183.7575467,32.16,1.9,4579.7,218.9,3025.3,-57217,-25123,29.78
2021-10-11,173,2860.247889,2668.326718,185.5827865,10.37,120.3,4520.4,390.2,4566.9,-56846,-36927,9.6
2021-10-12,173,2994.413641,2668.326718,185.4068482,10.37,120.3,4520.4,390.2,4566.9,-56846,-36927,9.6
2021-10-13,173,3015.549436,2668.326718,185.6219019,10.37,120.3,4520.4,390.2,4566.9,-56846,-36927,9.6
2021-10-14,173,3007.404935,2668.326718,184.6559557,10.37,120.3,4520.4,390.2,4566.9,-56846,-36927,9.6
2021-10-15,173,3044.024671,2668.326718,183.5890637,10.37,120.3,4520.4,390.2,4566.9,-56846,-36927,9.6
2021-10-18,173,3086.644397,2729.374588,183.6560595,10.37,120.3,4520.4,390.2,4566.9,-56846,-36927,9.6
2021-10-19,173,3073.746503,2729.374588,184.4296998,10.37,120.3,4520.4,390.2,4566.9,-56846,-36927,9.6
2021-10-20,173,3045.634074,2729.374588,184.2191846,10.37,120.3,4520.4,390.2,4566.9,-56846,-36927,9.6
2021-10-21,174.5,2961.035323,2729.374588,183.7335118,10.37,120.3,4520.4,390.2,4566.9,-56846,-36927,9.6
2021-10-22,172.5,2817.93646,2729.374588,184.0717892,10.37,120.3,4520.4,390.2,4566.9,-56846,-36927,9.6
2021-10-25,175.5,2837.518884,2804.611706,184.298001,10.37,120.3,4520.4,390.2,4566.9,-56846,-36927,9.6
2021-10-26,175.5,2875.983966,2804.611706,182.7901219,10.37,120.3,4520.4,390.2,4566.9,-56846,-36927,9.6
2021-10-27,175.5,2869.244214,2804.611706,182.9240772,10.37,120.3,4520.4,390.2,4566.9,-56846,-36927,9.6
2021-10-28,175.5,2774.196109,2804.611706,183.3922679,10.37,120.3,4520.4,390.2,4566.9,-56846,-36927,9.6
2021-10-29,175.5,2696.182048,2804.611706,182.675577,10.37,120.3,4520.4,390.2,4566.9,-56846,-36927,9.6
2021-11-01,175.5,2614.225342,2820.840048,183.3622248,4.54,36.8,4806.4,204.7,2317.2,-70986,-20715,4.21
2021-11-02,175.5,2555.863993,2820.840048,183.9482682,4.54,36.8,4806.4,204.7,2317.2,-70986,-20715,4.21
2021-11-03,175.5,2513.569325,2820.840048,184.1003974,4.54,36.8,4806.4,204.7,2317.2,-70986,-20715,4.21
2021-11-04,175.5,2613.691474,2820.840048,184.093531,4.54,36.8,4806.4,204.7,2317.2,-70986,-20715,4.21
2021-11-05,175.5,2583.233885,2820.840048,185.3902134,4.54,36.8,4806.4,204.7,2317.2,-70986,-20715,4.21
2021-11-08,175.5,2519.596197,2801.670621,184.5136655,4.54,36.8,4806.4,204.7,2317.2,-70986,-20715,4.21
2021-11-09,175.5,2570.266197,2801.670621,187.7245073,4.54,36.8,4806.4,204.7,2317.2,-70986,-20715,4.21
2021-11-10,177.5,2561.416789,2801.670621,184.2232956,4.54,36.8,4806.4,204.7,2317.2,-70986,-20715,4.21
2021-11-11,178.5,2496.748825,2801.670621,185.3665389,4.54,36.8,4806.4,204.7,2317.2,-70986,-20715,4.21
2021-11-12,178.5,2541.758019,2801.670621,185.164717,4.54,36.8,4806.4,204.7,2317.2,-70986,-20715,4.21
2021-11-15,178.5,2527.245722,2843.663136,184.8540374,4.54,36.8,4806.4,204.7,2317.2,-70986,-20715,4.21
2021-11-16,178.5,2507.206329,2843.663136,185.4420943,4.54,36.8,4806.4,204.7,2317.2,-70986,-20715,4.21
2021-11-17,180.5,2495.09592,2843.663136,185.2654569,4.54,36.8,4806.4,204.7,2317.2,-70986,-20715,4.21
2021-11-18,180.5,2487.831012,2843.663136,185.2357641,4.54,36.8,4806.4,204.7,2317.2,-70986,-20715,4.21
2021-11-19,180.5,2473.064842,2843.663136,185.2623308,4.54,36.8,4806.4,204.7,2317.2,-70986,-20715,4.21
2021-11-22,182.5,2519.134495,2848.788896,186.5945342,4.54,36.8,4806.4,204.7,2317.2,-70986,-20715,4.21
2021-11-23,185.5,2569.466881,2848.788896,186.3164257,4.54,36.8,4806.4,204.7,2317.2,-70986,-20715,4.21
2021-11-24,185.5,2639.723671,2848.788896,186.1973386,4.54,36.8,4806.4,204.7,2317.2,-70986,-20715,4.21
2021-11-25,185.5,2694.698885,2848.788896,185.844366,4.54,36.8,4806.4,204.7,2317.2,-70986,-20715,4.21
2021-11-26,185.5,2719.04557,2848.788896,186.3795712,4.54,36.8,4806.4,204.7,2317.2,-70986,-20715,4.21
2021-11-29,185.5,2623.529398,2865.762818,186.8914187,4.54,36.8,4806.4,204.7,2317.2,-70986,-20715,4.21
2021-11-30,185.5,2614.140691,2865.762818,186.4318106,4.54,36.8,4806.4,204.7,2317.2,-70986,-20715,4.21
2021-12-01,187.5,2541.768626,2865.762818,185.890739,12.14,22.4,5888.9,458.9,3671.4,-98684,-31972,11.24
2021-12-02,189.5,2591.556008,2865.762818,184.8679941,12.14,22.4,5888.9,458.9,3671.4,-98684,-31972,11.24
2021-12-03,190.5,2582.82628,2865.762818,184.574008,12.14,22.4,5888.9,458.9,3671.4,-98684,-31972,11.24
2021-12-06,190.5,2567.712423,2877.611253,185.5818593,12.14,22.4,5888.9,458.9,3671.4,-98684,-31972,11.24
2021-12-07,190.5,2540.28312,2877.611253,185.1916955,12.14,22.4,5888.9,458.9,3671.4,-98684,-31972,11.24
2021-12-08,194.5,2608.197169,2877.611253,184.8546167,12.14,22.4,5888.9,458.9,3671.4,-98684,-31972,11.24
2021-12-09,198.5,2636.943301,2877.611253,184.8385124,12.14,22.4,5888.9,458.9,3671.4,-98684,-31972,11.24
2021-12-10,202.5,2632.723096,2877.611253,184.6357613,12.14,22.4,5888.9,458.9,3671.4,-98684,-31972,11.24
2021-12-13,207.5,2635.997773,2919.758338,185.372633,12.14,22.4,5888.9,458.9,3671.4,-98684,-31972,11.24
2021-12-14,207.5,2673.43959,2919.758338,186.1754741,12.14,22.4,5888.9,458.9,3671.4,-98684,-31972,11.24
2021-12-15,209.5,2672.389989,2919.758338,186.0095812,12.14,22.4,5888.9,458.9,3671.4,-98684,-31972,11.24
2021-12-16,210.5,2646.846579,2919.758338,186.0362904,12.14,22.4,5888.9,458.9,3671.4,-98684,-31972,11.24
2021-12-17,215.5,2722.594468,2919.758338,186.290684,12.14,22.4,5888.9,458.9,3671.4,-98684,-31972,11.24
2021-12-20,221.5,2760.427416,2967.510881,186.1295891,12.14,22.4,5888.9,458.9,3671.4,-98684,-31972,11.24
2021-12-21,224.5,2769.444626,2967.510881,186.6972057,12.14,22.4,5888.9,458.9,3671.4,-98684,-31972,11.24
2021-12-22,224.5,2796.794118,2967.510881,186.994942,12.14,22.4,5888.9,458.9,3671.4,-98684,-31972,11.24
2021-12-23,230.5,2809.228196,2967.510881,186.4894572,12.14,22.4,5888.9,458.9,3671.4,-98684,-31972,11.24
2021-12-24,236.5,2801.467793,2967.510881,186.1418116,12.14,22.4,5888.9,458.9,3671.4,-98684,-31972,11.24
2021-12-27,243.5,2818.827581,3050.712939,186.2721134,12.14,22.4,5888.9,458.9,3671.4,-98684,-31972,11.24
2021-12-28,250.5,2803.46088,3050.712939,186.1361436,12.14,22.4,5888.9,458.9,3671.4,-98684,-31972,11.24
2021-12-29,252.5,2771.694355,3050.712939,186.5576697,12.14,22.4,5888.9,458.9,3671.4,-98684,-31972,11.24
2021-12-30,257.5,2734.570114,3050.712939,185.8982674,12.14,22.4,5888.9,458.9,3671.4,-98684,-31972,11.24
2021-12-31,264.5,2732.838089,3050.712939,186.7343635,12.14,22.4,5888.9,458.9,3671.4,-98684,-31972,11.24
2022-01-04,264.5,2767.365497,3160.455304,187.9876044,6.26,9.6,6157.7,310.8,5756.3,-127886,-58327,5.79
2022-01-05,267.5,2788.914006,3160.455304,188.2976875,6.26,9.6,6157.7,310.8,5756.3,-127886,-58327,5.79
2022-01-06,275.5,2811.658547,3160.455304,188.7393741,6.26,9.6,6157.7,310.8,5756.3,-127886,-58327,5.79
2022-01-07,282.5,2875.717955,3160.455304,188.9374733,6.26,9.6,6157.7,310.8,5756.3,-127886,-58327,5.79
2022-01-10,290.5,2875.854446,3210.780442,187.7105435,6.26,9.6,6157.7,310.8,5756.3,-127886,-58327,5.79
2022-01-11,298.5,2858.528465,3210.780442,187.9681165,6.26,9.6,6157.7,310.8,5756.3,-127886,-58327,5.79
2022-01-12,306.5,2861.429867,3210.780442,186.6387441,6.26,9.6,6157.7,310.8,5756.3,-127886,-58327,5.79
2022-01-13,312.5,2928.586903,3210.780442,186.5295025,6.26,9.6,6157.7,310.8,5756.3,-127886,-58327,5.79
2022-01-14,312.5,2977.096807,3210.780442,186.629653,6.26,9.6,6157.7,310.8,5756.3,-127886,-58327,5.79
2022-01-17,312.5,2995.19195,3327.351148,187.1935692,6.26,9.6,6157.7,310.8,5756.3,-127886,-58327,5.79
2022-01-18,317.5,3016.314728,3327.351148,187.5084725,6.26,9.6,6157.7,310.8,5756.3,-127886,-58327,5.79
2022-01-19,325.5,3023.556327,3327.351148,187.8057956,6.26,9.6,6157.7,310.8,5756.3,-127886,-58327,5.79
2022-01-20,333.5,3053.123453,3327.351148,187.3035404,6.26,9.6,6157.7,310.8,5756.3,-127886,-58327,5.79
2022-01-21,342.5,3071.471499,3327.351148,188.0952856,6.26,9.6,6157.7,310.8,5756.3,-127886,-58327,5.79
2022-01-24,350.5,3110.784265,3455.766878,188.0019598,6.26,9.6,6157.7,310.8,5756.3,-127886,-58327,5.79
2022-01-25,352.5,3086.856265,3455.766878,188.8938055,6.26,9.6,6157.7,310.8,5756.3,-127886,-58327,5.79
2022-01-26,352.5,3102.525443,3455.766878,189.0618805,6.26,9.6,6157.7,310.8,5756.3,-127886,-58327,5.79
2022-01-27,352.5,3155.900789,3455.766878,189.9851232,6.26,9.6,6157.7,310.8,5756.3,-127886,-58327,5.79
2022-01-28,362.5,3141.159763,3455.766878,189.0181984,6.26,9.6,6157.7,310.8,5756.3,-127886,-58327,5.79
2022-02-07,367.5,3162.285922,3574.390457,188.2364932,2.09,57,3048.6,242.4,2910.5,-62502,-23374,1.94
2022-02-08,367.5,3200.525097,3574.390457,188.4120624,2.09,57,3048.6,242.4,2910.5,-62502,-23374,1.94
2022-02-09,377.5,3238.880267,3574.390457,187.9384874,2.09,57,3048.6,242.4,2910.5,-62502,-23374,1.94
2022-02-10,377.5,3236.26988,3574.390457,187.6992494,2.09,57,3048.6,242.4,2910.5,-62502,-23374,1.94
2022-02-11,387.5,3231.639186,3574.390457,188.7967064,2.09,57,3048.6,242.4,2910.5,-62502,-23374,1.94
2022-02-14,392.5,3279.688389,3618.256503,188.7645439,2.09,57,3048.6,242.4,2910.5,-62502,-23374,1.94
2022-02-15,397.5,3212.797536,3618.256503,188.3855978,2.09,57,3048.6,242.4,2910.5,-62502,-23374,1.94
2022-02-16,408.5,3162.30021,3618.256503,188.8340154,2.09,57,3048.6,242.4,2910.5,-62502,-23374,1.94
2022-02-17,417.5,3233.97952,3618.256503,188.8929255,2.09,57,3048.6,242.4,2910.5,-62502,-23374,1.94
2022-02-18,422.5,3244.161141,3618.256503,189.1884216,2.09,57,3048.6,242.4,2910.5,-62502,-23374,1.94
2022-02-21,432.5,3162.380775,3742.947173,188.9677615,2.09,57,3048.6,242.4,2910.5,-62502,-23374,1.94
2022-02-22,432.5,3190.131968,3742.947173,188.607886,2.09,57,3048.6,242.4,2910.5,-62502,-23374,1.94
2022-02-23,444.5,3279.613296,3742.947173,188.5570665,2.09,57,3048.6,242.4,2910.5,-62502,-23374,1.94
2022-02-24,447.5,3293.737332,3742.947173,188.9010322,2.09,57,3048.6,242.4,2910.5,-62502,-23374,1.94
2022-02-25,450.5,3426.537774,3742.947173,190.6176938,2.09,57,3048.6,242.4,2910.5,-62502,-23374,1.94
2022-02-28,452.5,3344.260071,3844.378117,189.6120913,2.09,57,3048.6,242.4,2910.5,-62502,-23374,1.94
2022-03-01,452.5,3431.758631,3844.378117,190.3699867,1.62,10,5408.4,590.2,4793,-172147,-151979,1.5
2022-03-02,462.5,3539.906454,3844.378117,190.9799543,1.62,10,5408.4,590.2,4793,-172147,-151979,1.5
2022-03-03,467.5,3900.406806,3844.378117,190.3838857,1.62,10,5408.4,590.2,4793,-172147,-151979,1.5
2022-03-04,467.5,3856.392767,3844.378117,190.8453575,1.62,10,5408.4,590.2,4793,-172147,-151979,1.5
2022-03-07,467.5,4010.222777,3979.610227,192.6179753,1.62,10,5408.4,590.2,4793,-172147,-151979,1.5
2022-03-08,467.5,4212.575581,3979.610227,195.0057783,1.62,10,5408.4,590.2,4793,-172147,-151979,1.5
2022-03-09,467.5,4095.184037,3979.610227,195.1864679,1.62,10,5408.4,590.2,4793,-172147,-151979,1.5
2022-03-10,467.5,4082.886259,3979.610227,193.6532328,1.62,10,5408.4,590.2,4793,-172147,-151979,1.5
2022-03-11,467.5,3966.655828,3979.610227,194.3741313,1.62,10,5408.4,590.2,4793,-172147,-151979,1.5
2022-03-14,467.5,3966.836146,4273.453493,195.1330794,1.62,10,5408.4,590.2,4793,-172147,-151979,1.5
2022-03-15,472.5,3851.166569,4273.453493,195.152807,1.62,10,5408.4,590.2,4793,-172147,-151979,1.5
2022-03-16,472.5,3684.040869,4273.453493,194.9537667,1.62,10,5408.4,590.2,4793,-172147,-151979,1.5
2022-03-17,472.5,3591.35838,4273.453493,192.5620324,1.62,10,5408.4,590.2,4793,-172147,-151979,1.5
2022-03-18,472.5,3595.52342,4273.453493,190.7383118,1.62,10,5408.4,590.2,4793,-172147,-151979,1.5
2022-03-21,472.5,3632.140519,4359.038946,190.3037654,1.62,10,5408.4,590.2,4793,-172147,-151979,1.5
2022-03-22,472.5,3622.699182,4359.038946,191.9553174,1.62,10,5408.4,590.2,4793,-172147,-151979,1.5
2022-03-23,472.5,3682.954247,4359.038946,190.8708022,1.62,10,5408.4,590.2,4793,-172147,-151979,1.5
2022-03-24,472.5,3723.581048,4359.038946,191.1713414,1.62,10,5408.4,590.2,4793,-172147,-151979,1.5
2022-03-25,472.5,3811.471115,4359.038946,191.2492387,1.62,10,5408.4,590.2,4793,-172147,-151979,1.5
2022-03-28,472.5,3766.183559,4477.963611,192.3553065,1.62,10,5408.4,590.2,4793,-172147,-151979,1.5
2022-03-29,471.5,3773.077672,4477.963611,192.0762329,1.62,10,5408.4,590.2,4793,-172147,-151979,1.5
2022-03-30,471.5,3765.221779,4477.963611,190.0221582,1.62,10,5408.4,590.2,4793,-172147,-151979,1.5
2022-03-31,471.5,3780.208675,4477.963611,190.7346039,1.62,10,5408.4,590.2,4793,-172147,-151979,1.5
2022-04-01,471.5,3807.020314,4477.963611,191.5947535,2.16,0.5,3919.5,701,2657.2,-159399,-29522,2
2022-04-06,471.5,3867.332916,4496.201723,191.5339992,2.16,0.5,3919.5,701,2657.2,-159399,-29522,2
2022-04-07,471.5,3880.826025,4496.201723,191.4917001,2.16,0.5,3919.5,701,2657.2,-159399,-29522,2
2022-04-08,471.5,3839.539694,4496.201723,192.2512061,2.16,0.5,3919.5,701,2657.2,-159399,-29522,2
2022-04-11,457.5,3878.507676,4470.741866,192.9981176,2.16,0.5,3919.5,701,2657.2,-159399,-29522,2
2022-04-12,452.5,3815.210838,4470.741866,193.9249837,2.16,0.5,3919.5,701,2657.2,-159399,-29522,2
2022-04-13,452.5,3839.199678,4470.741866,193.024355,2.16,0.5,3919.5,701,2657.2,-159399,-29522,2
2022-04-14,452.5,3880.814975,4470.741866,192.0969994,2.16,0.5,3919.5,701,2657.2,-159399,-29522,2
2022-04-15,450.5,3854.142943,4470.741866,192.884246,2.16,0.5,3919.5,701,2657.2,-159399,-29522,2
2022-04-18,450.5,3874.684024,4512.26093,192.7867156,2.16,0.5,3919.5,701,2657.2,-159399,-29522,2
2022-04-19,450.5,3874.179565,4512.26093,194.0482519,2.16,0.5,3919.5,701,2657.2,-159399,-29522,2
2022-04-20,448.5,3926.170098,4512.26093,193.91778,2.16,0.5,3919.5,701,2657.2,-159399,-29522,2
2022-04-21,448.5,3890.177713,4512.26093,192.2947476,2.16,0.5,3919.5,701,2657.2,-159399,-29522,2
2022-04-22,447.5,3907.029452,4512.26093,192.6550209,2.16,0.5,3919.5,701,2657.2,-159399,-29522,2
2022-04-25,442.5,3890.24367,4552.847403,191.2465652,2.16,0.5,3919.5,701,2657.2,-159399,-29522,2
2022-04-26,439.5,3830.49345,4552.847403,190.4893289,2.16,0.5,3919.5,701,2657.2,-159399,-29522,2
2022-04-27,435.5,3790.893153,4552.847403,192.2898479,2.16,0.5,3919.5,701,2657.2,-159399,-29522,2
2022-04-28,432.5,3739.781916,4552.847403,193.0451997,2.16,0.5,3919.5,701,2657.2,-159399,-29522,2
2022-04-29,432.5,3708.614154,4552.847403,192.0350856,2.16,0.5,3919.5,701,2657.2,-159399,-29522,2
2022-05-05,427.5,3732.409201,4514.43025,189.4059759,2.96,0,5922.3,825.3,4770.9,-341946,-105039,2.74
2022-05-06,427.5,3766.158518,4514.43025,190.6500652,2.96,0,5922.3,825.3,4770.9,-341946,-105039,2.74
2022-05-09,427.5,3730.24108,4423.911756,190.5499938,2.96,0,5922.3,825.3,4770.9,-341946,-105039,2.74
2022-05-10,427.5,3617.197369,4423.911756,189.4350416,2.96,0,5922.3,825.3,4770.9,-341946,-105039,2.74
2022-05-11,427.5,3578.327191,4423.911756,189.5791289,2.96,0,5922.3,825.3,4770.9,-341946,-105039,2.74
2022-05-12,427.5,3599.790745,4423.911756,190.181092,2.96,0,5922.3,825.3,4770.9,-341946,-105039,2.74
2022-05-13,427.5,3585.999699,4423.911756,190.2105805,2.96,0,5922.3,825.3,4770.9,-341946,-105039,2.74
2022-05-16,427.5,3561.058707,4425.013116,188.2100657,2.96,0,5922.3,825.3,4770.9,-341946,-105039,2.74
2022-05-17,428.5,3621.593825,4425.013116,188.6265462,2.96,0,5922.3,825.3,4770.9,-341946,-105039,2.74
2022-05-18,428.5,3674.094012,4425.013116,188.0377752,2.96,0,5922.3,825.3,4770.9,-341946,-105039,2.74
2022-05-19,428.5,3657.240187,4425.013116,188.8796731,2.96,0,5922.3,825.3,4770.9,-341946,-105039,2.74
2022-05-20,428.5,3633.023858,4425.013116,188.2495856,2.96,0,5922.3,825.3,4770.9,-341946,-105039,2.74
2022-05-23,428.5,3704.851834,4394.495983,190.2585143,2.96,0,5922.3,825.3,4770.9,-341946,-105039,2.74
2022-05-24,428.5,3732.732282,4394.495983,189.3019308,2.96,0,5922.3,825.3,4770.9,-341946,-105039,2.74
2022-05-25,429.5,3647.863254,4394.495983,189.537053,2.96,0,5922.3,825.3,4770.9,-341946,-105039,2.74
2022-05-26,433.5,3563.40613,4394.495983,189.2792533,2.96,0,5922.3,825.3,4770.9,-341946,-105039,2.74
2022-05-27,438.5,3571.654739,4394.495983,186.8399169,2.96,0,5922.3,825.3,4770.9,-341946,-105039,2.74
2022-05-30,439.5,3599.058556,4361.376925,186.8714147,2.96,0,5922.3,825.3,4770.9,-341946,-105039,2.74
2022-05-31,439.5,3719.797488,4361.376925,185.6027634,2.96,0,5922.3,825.3,4770.9,-341946,-105039,2.74
2022-06-01,439.5,3763.592951,4361.376925,186.1204776,3.4,1.9,8364.4,664.7,4297.2,-533907,-86285,3.15
2022-06-02,439.5,3706.487679,4361.376925,186.5239501,3.4,1.9,8364.4,664.7,4297.2,-533907,-86285,3.15
2022-06-06,447.5,3725.586595,4375.435525,187.7870133,3.4,1.9,8364.4,664.7,4297.2,-533907,-86285,3.15
2022-06-07,452.5,3756.866134,4375.435525,188.5613701,3.4,1.9,8364.4,664.7,4297.2,-533907,-86285,3.15
2022-06-08,452.5,3687.230981,4375.435525,188.1014032,3.4,1.9,8364.4,664.7,4297.2,-533907,-86285,3.15
2022-06-09,452.5,3707.837462,4375.435525,188.0587129,3.4,1.9,8364.4,664.7,4297.2,-533907,-86285,3.15
2022-06-10,452.5,3686.858425,4375.435525,188.9191104,3.4,1.9,8364.4,664.7,4297.2,-533907,-86285,3.15
2022-06-13,455.5,3624.165844,4375.488042,190.5633686,3.4,1.9,8364.4,664.7,4297.2,-533907,-86285,3.15
2022-06-14,457.5,3533.558016,4375.488042,191.2786039,3.4,1.9,8364.4,664.7,4297.2,-533907,-86285,3.15
2022-06-15,457.5,3508.659451,4375.488042,191.331697,3.4,1.9,8364.4,664.7,4297.2,-533907,-86285,3.15
2022-06-16,457.5,3529.769963,4375.488042,190.4205813,3.4,1.9,8364.4,664.7,4297.2,-533907,-86285,3.15
2022-06-17,457.5,3475.563691,4375.488042,192.1681576,3.4,1.9,8364.4,664.7,4297.2,-533907,-86285,3.15
2022-06-20,457.5,3462.038568,4432.142861,192.1616468,3.4,1.9,8364.4,664.7,4297.2,-533907,-86285,3.15
2022-06-21,457.5,3422.692802,4432.142861,193.1404482,3.4,1.9,8364.4,664.7,4297.2,-533907,-86285,3.15
2022-06-22,457.5,3454.97378,4432.142861,193.1104623,3.4,1.9,8364.4,664.7,4297.2,-533907,-86285,3.15
2022-06-23,457.5,3395.535663,4432.142861,193.6518002,3.4,1.9,8364.4,664.7,4297.2,-533907,-86285,3.15
2022-06-24,457.5,3381.907023,4432.142861,194.0797137,3.4,1.9,8364.4,664.7,4297.2,-533907,-86285,3.15
2022-06-27,457.5,3321.181972,4349.135294,192.6040645,3.4,1.9,8364.4,664.7,4297.2,-533907,-86285,3.15
2022-06-28,457.5,3355.6841,4349.135294,192.2369768,3.4,1.9,8364.4,664.7,4297.2,-533907,-86285,3.15
2022-06-29,455.5,3408.188835,4349.135294,192.6304166,3.4,1.9,8364.4,664.7,4297.2,-533907,-86285,3.15
2022-06-30,455.5,3395.303663,4349.135294,194.2938562,3.4,1.9,8364.4,664.7,4297.2,-533907,-86285,3.15
2022-07-01,455.5,3343.461866,4349.135294,192.2471586,8.86,80.5,5720.3,490.3,3420.8,-335136,-86777,8.21
2022-07-04,455.5,3253.569865,4300.541299,193.700472,8.86,80.5,5720.3,490.3,3420.8,-335136,-86777,8.21
2022-07-05,455.5,3272.969651,4300.541299,193.4255052,8.86,80.5,5720.3,490.3,3420.8,-335136,-86777,8.21
2022-07-06,455.5,3232.626713,4300.541299,194.7758559,8.86,80.5,5720.3,490.3,3420.8,-335136,-86777,8.21
2022-07-07,455.5,3212.936172,4300.541299,194.5649691,8.86,80.5,5720.3,490.3,3420.8,-335136,-86777,8.21
2022-07-08,455.5,3302.364708,4300.541299,193.6646552,8.86,80.5,5720.3,490.3,3420.8,-335136,-86777,8.21
2022-07-11,455.5,3294.661645,4258.539497,193.2674074,8.86,80.5,5720.3,490.3,3420.8,-335136,-86777,8.21
2022-07-12,455.5,3275.792175,4258.539497,195.1497683,8.86,80.5,5720.3,490.3,3420.8,-335136,-86777,8.21
2022-07-13,455.5,3235.142071,4258.539497,194.2245564,8.86,80.5,5720.3,490.3,3420.8,-335136,-86777,8.21
2022-07-14,455.5,3200.558639,4258.539497,194.24348,8.86,80.5,5720.3,490.3,3420.8,-335136,-86777,8.21
2022-07-15,455.5,3153.782126,4258.539497,194.8395416,8.86,80.5,5720.3,490.3,3420.8,-335136,-86777,8.21
2022-07-18,455.5,3034.994161,4186.482244,195.0891794,8.86,80.5,5720.3,490.3,3420.8,-335136,-86777,8.21
2022-07-19,455.5,3052.453296,4186.482244,195.6172267,8.86,80.5,5720.3,490.3,3420.8,-335136,-86777,8.21
2022-07-20,455.5,3100.960957,4186.482244,193.5880888,8.86,80.5,5720.3,490.3,3420.8,-335136,-86777,8.21
2022-07-21,455.5,3121.805085,4186.482244,194.3581695,8.86,80.5,5720.3,490.3,3420.8,-335136,-86777,8.21
2022-07-22,455.5,3079.422728,4186.482244,193.1609814,8.86,80.5,5720.3,490.3,3420.8,-335136,-86777,8.21
2022-07-25,455.5,3134.327202,4085.283977,193.9589522,8.86,80.5,5720.3,490.3,3420.8,-335136,-86777,8.21
2022-07-26,457.5,3202.327735,4085.283977,194.1477241,8.86,80.5,5720.3,490.3,3420.8,-335136,-86777,8.21
2022-07-27,458.5,3264.813571,4085.283977,193.8541652,8.86,80.5,5720.3,490.3,3420.8,-335136,-86777,8.21
2022-07-28,458.5,3237.459035,4085.283977,193.2621932,8.86,80.5,5720.3,490.3,3420.8,-335136,-86777,8.21
2022-07-29,458.5,3299.489294,4085.283977,191.9935398,8.86,80.5,5720.3,490.3,3420.8,-335136,-86777,8.21
2022-08-01,458.5,3313.462598,3967.567606,193.1249352,9.08,5.5,6030.4,912.8,4750.7,-384914,-165071,8.41
2022-08-02,458.5,3360.230602,3967.567606,193.0862719,9.08,5.5,6030.4,912.8,4750.7,-384914,-165071,8.41
2022-08-03,458.5,3336.783484,3967.567606,194.7080768,9.08,5.5,6030.4,912.8,4750.7,-384914,-165071,8.41
2022-08-04,458.5,3303.188051,3967.567606,193.4852761,9.08,5.5,6030.4,912.8,4750.7,-384914,-165071,8.41
2022-08-05,458.5,3254.592622,3967.567606,192.9636297,9.08,5.5,6030.4,912.8,4750.7,-384914,-165071,8.41
2022-08-08,458.5,3260.625141,3914.118878,192.6873621,9.08,5.5,6030.4,912.8,4750.7,-384914,-165071,8.41
2022-08-09,458.5,3243.187051,3914.118878,192.4517482,9.08,5.5,6030.4,912.8,4750.7,-384914,-165071,8.41
2022-08-10,458.5,3297.145679,3914.118878,193.6638288,9.08,5.5,6030.4,912.8,4750.7,-384914,-165071,8.41
2022-08-11,458.5,3296.857745,3914.118878,192.8809416,9.08,5.5,6030.4,912.8,4750.7,-384914,-165071,8.41
2022-08-12,462.5,3345.619023,3914.118878,193.7881809,9.08,5.5,6030.4,912.8,4750.7,-384914,-165071,8.41
2022-08-15,464.5,3339.464534,3926.479594,193.0315402,9.08,5.5,6030.4,912.8,4750.7,-384914,-165071,8.41
2022-08-16,464.5,3289.250839,3926.479594,193.9131845,9.08,5.5,6030.4,912.8,4750.7,-384914,-165071,8.41
2022-08-17,464.5,3319.249236,3926.479594,193.1520236,9.08,5.5,6030.4,912.8,4750.7,-384914,-165071,8.41
2022-08-18,464.5,3298.60171,3926.479594,193.9305803,9.08,5.5,6030.4,912.8,4750.7,-384914,-165071,8.41
2022-08-19,465.5,3277.096785,3926.479594,195.5767587,9.08,5.5,6030.4,912.8,4750.7,-384914,-165071,8.41
2022-08-22,469.5,3232.9519,3878.763733,195.8507526,9.08,5.5,6030.4,912.8,4750.7,-384914,-165071,8.41
2022-08-23,472.5,3246.285803,3878.763733,196.1710893,9.08,5.5,6030.4,912.8,4750.7,-384914,-165071,8.41
2022-08-24,475.5,3271.029023,3878.763733,195.9552721,9.08,5.5,6030.4,912.8,4750.7,-384914,-165071,8.41
2022-08-25,475.5,3258.064014,3878.763733,195.377998,9.08,5.5,6030.4,912.8,4750.7,-384914,-165071,8.41
2022-08-26,475.5,3290.981306,3878.763733,194.8571098,9.08,5.5,6030.4,912.8,4750.7,-384914,-165071,8.41
2022-08-29,475.5,3332.824131,3896.916826,195.199984,9.08,5.5,6030.4,912.8,4750.7,-384914,-165071,8.41
2022-08-30,475.5,3333.421026,3896.916826,194.8356693,9.08,5.5,6030.4,912.8,4750.7,-384914,-165071,8.41
2022-08-31,475.5,3240.242484,3896.916826,195.3738996,9.08,5.5,6030.4,912.8,4750.7,-384914,-165071,8.41
2022-09-01,475.5,3208.816281,3896.916826,194.8438863,8.97,127.8,5664.8,432.6,3942.7,-345988,-161690,8.3
2022-09-02,476.5,3176.114104,3896.916826,196.2348835,8.97,127.8,5664.8,432.6,3942.7,-345988,-161690,8.3
2022-09-05,478.5,3151.884026,3961.776898,197.3488878,8.97,127.8,5664.8,432.6,3942.7,-345988,-161690,8.3
2022-09-06,482.5,3204.604997,3961.776898,196.4215163,8.97,127.8,5664.8,432.6,3942.7,-345988,-161690,8.3
2022-09-07,482.5,3205.983975,3961.776898,198.2007946,8.97,127.8,5664.8,432.6,3942.7,-345988,-161690,8.3
2022-09-08,482.5,3175.728879,3961.776898,197.3080904,8.97,127.8,5664.8,432.6,3942.7,-345988,-161690,8.3
2022-09-09,482.5,3208.595809,3961.776898,198.8068697,8.97,127.8,5664.8,432.6,3942.7,-345988,-161690,8.3
2022-09-13,482.5,3260.019244,3999.959874,198.6729272,8.97,127.8,5664.8,432.6,3942.7,-345988,-161690,8.3
2022-09-14,482.5,3315.38032,3999.959874,201.2492579,8.97,127.8,5664.8,432.6,3942.7,-345988,-161690,8.3
2022-09-15,482.5,3253.945625,3999.959874,199.853478,8.97,127.8,5664.8,432.6,3942.7,-345988,-161690,8.3
2022-09-16,485.5,3271.927416,3999.959874,200.0042898,8.97,127.8,5664.8,432.6,3942.7,-345988,-161690,8.3
2022-09-19,485.5,3243.752342,4004.425252,198.485451,8.97,127.8,5664.8,432.6,3942.7,-345988,-161690,8.3
2022-09-20,486.5,3248.298661,4004.425252,198.4283987,8.97,127.8,5664.8,432.6,3942.7,-345988,-161690,8.3
2022-09-21,486.5,3253.952605,4004.425252,198.4424003,8.97,127.8,5664.8,432.6,3942.7,-345988,-161690,8.3
2022-09-22,486.5,3248.24271,4004.425252,198.2945301,8.97,127.8,5664.8,432.6,3942.7,-345988,-161690,8.3
2022-09-23,486.5,3234.907331,4004.425252,198.3523188,8.97,127.8,5664.8,432.6,3942.7,-345988,-161690,8.3
2022-09-26,489.5,3190.137005,4049.25233,199.4850961,8.97,127.8,5664.8,432.6,3942.7,-345988,-161690,8.3
2022-09-27,494.5,3161.425913,4049.25233,200.0237922,8.97,127.8,5664.8,432.6,3942.7,-345988,-161690,8.3
2022-09-28,494.5,3162.63845,4049.25233,198.732033,8.97,127.8,5664.8,432.6,3942.7,-345988,-161690,8.3
2022-09-29,494.5,3137.442996,4049.25233,197.5204854,8.97,127.8,5664.8,432.6,3942.7,-345988,-161690,8.3
2022-10-10,501.5,3209.233043,3990.950918,199.0133557,16.44,11.7,7474.9,226,3620.1,-434771,-153184,15.23
2022-10-11,507.5,3218.123053,3990.950918,199.6686888,16.44,11.7,7474.9,226,3620.1,-434771,-153184,15.23
2022-10-12,509.5,3193.005387,3990.950918,199.7096796,16.44,11.7,7474.9,226,3620.1,-434771,-153184,15.23
2022-10-13,514.5,3195.519889,3990.950918,198.4778634,16.44,11.7,7474.9,226,3620.1,-434771,-153184,15.23
2022-10-14,524.5,3218.279744,3990.950918,199.4978832,16.44,11.7,7474.9,226,3620.1,-434771,-153184,15.23
2022-10-17,525.5,3201.367574,4053.244413,200.3838662,16.44,11.7,7474.9,226,3620.1,-434771,-153184,15.23
2022-10-18,525.5,3169.257277,4053.244413,198.7561733,16.44,11.7,7474.9,226,3620.1,-434771,-153184,15.23
2022-10-19,525.5,3127.662076,4053.244413,197.9029512,16.44,11.7,7474.9,226,3620.1,-434771,-153184,15.23
2022-10-20,525.5,3116.090799,4053.244413,198.5540903,16.44,11.7,7474.9,226,3620.1,-434771,-153184,15.23
2022-10-21,540.5,3130.723215,4053.244413,198.2191991,16.44,11.7,7474.9,226,3620.1,-434771,-153184,15.23
2022-10-24,540.5,3113.488978,4066.102671,197.1764979,16.44,11.7,7474.9,226,3620.1,-434771,-153184,15.23
2022-10-25,540.5,3132.774624,4066.102671,198.8405199,16.44,11.7,7474.9,226,3620.1,-434771,-153184,15.23
2022-10-26,547.5,3093.414892,4066.102671,195.368169,16.44,11.7,7474.9,226,3620.1,-434771,-153184,15.23
2022-10-27,547.5,3126.278941,4066.102671,196.9756943,16.44,11.7,7474.9,226,3620.1,-434771,-153184,15.23
2022-10-28,549.5,3118.255264,4066.102671,196.550868,16.44,11.7,7474.9,226,3620.1,-434771,-153184,15.23
2022-10-31,550.5,3075.856858,4088.526084,196.0518004,16.44,11.7,7474.9,226,3620.1,-434771,-153184,15.23
2022-11-01,557.5,3005.044921,4088.526084,195.1121762,13.31,12.4,6128.8,271.8,4325.9,-355138,-169516,12.33
2022-11-02,557.5,3049.663212,4088.526084,194.6788333,13.31,12.4,6128.8,271.8,4325.9,-355138,-169516,12.33
2022-11-03,562.5,3060.93131,4088.526084,195.2474317,13.31,12.4,6128.8,271.8,4325.9,-355138,-169516,12.33
2022-11-04,572.5,3030.909244,4088.526084,194.9991856,13.31,12.4,6128.8,271.8,4325.9,-355138,-169516,12.33
2022-11-07,574.5,3114.091725,4114.969451,195.4133064,13.31,12.4,6128.8,271.8,4325.9,-355138,-169516,12.33
2022-11-08,577.5,3108.252211,4114.969451,192.6599139,13.31,12.4,6128.8,271.8,4325.9,-355138,-169516,12.33
2022-11-09,577.5,3107.192763,4114.969451,189.5850054,13.31,12.4,6128.8,271.8,4325.9,-355138,-169516,12.33
2022-11-10,577.5,3106.522637,4114.969451,189.2815804,13.31,12.4,6128.8,271.8,4325.9,-355138,-169516,12.33
2022-11-11,581.5,3062.253934,4114.969451,187.7802301,13.31,12.4,6128.8,271.8,4325.9,-355138,-169516,12.33
2022-11-14,581.5,3189.198725,4181.342036,184.7490576,13.31,12.4,6128.8,271.8,4325.9,-355138,-169516,12.33
2022-11-15,578.5,3228.594162,4181.342036,187.2046813,13.31,12.4,6128.8,271.8,4325.9,-355138,-169516,12.33
2022-11-16,576.5,3288.904732,4181.342036,186.8891053,13.31,12.4,6128.8,271.8,4325.9,-355138,-169516,12.33
2022-11-17,576.5,3262.56458,4181.342036,188.569537,13.31,12.4,6128.8,271.8,4325.9,-355138,-169516,12.33
2022-11-18,576.5,3223.231968,4181.342036,187.6345005,13.31,12.4,6128.8,271.8,4325.9,-355138,-169516,12.33
2022-11-21,576.5,3258.604496,4166.613813,188.0950797,13.31,12.4,6128.8,271.8,4325.9,-355138,-169516,12.33
2022-11-22,576.5,3242.509729,4166.613813,189.7978885,13.31,12.4,6128.8,271.8,4325.9,-355138,-169516,12.33
2022-11-23,575.5,3268.46791,4166.613813,189.4709518,13.31,12.4,6128.8,271.8,4325.9,-355138,-169516,12.33
2022-11-24,565.5,3249.390436,4166.613813,186.5541937,13.31,12.4,6128.8,271.8,4325.9,-355138,-169516,12.33
2022-11-25,562.5,3268.836161,4166.613813,184.3125477,13.31,12.4,6128.8,271.8,4325.9,-355138,-169516,12.33
2022-11-28,562.5,3280.556606,4119.639199,186.1181362,13.31,12.4,6128.8,271.8,4325.9,-355138,-169516,12.33
2022-11-29,562.5,3300.860961,4119.639199,185.9444175,13.31,12.4,6128.8,271.8,4325.9,-355138,-169516,12.33
2022-11-30,562.5,3356.374012,4119.639199,185.1230547,13.31,12.4,6128.8,271.8,4325.9,-355138,-169516,12.33
2022-12-01,562.5,3394.59025,4119.639199,180.8597902,10.73,505.4,7030.7,495.1,3286.5,-367188,-152481,9.94
2022-12-02,559.5,3382.563021,4119.639199,185.0234904,10.73,505.4,7030.7,495.1,3286.5,-367188,-152481,9.94
2022-12-05,559.5,3413.851574,4126.400608,184.9641991,10.73,505.4,7030.7,495.1,3286.5,-367188,-152481,9.94
2022-12-06,543.5,3470.509806,4126.400608,187.3852558,10.73,505.4,7030.7,495.1,3286.5,-367188,-152481,9.94
2022-12-07,540.5,3423.954025,4126.400608,188.667446,10.73,505.4,7030.7,495.1,3286.5,-367188,-152481,9.94
2022-12-08,540.5,3404.244915,4126.400608,188.4662793,10.73,505.4,7030.7,495.1,3286.5,-367188,-152481,9.94
2022-12-09,537.5,3422.597692,4126.400608,188.9998999,10.73,505.4,7030.7,495.1,3286.5,-367188,-152481,9.94
2022-12-12,535.5,3432.652908,4173.283778,187.3285813,10.73,505.4,7030.7,495.1,3286.5,-367188,-152481,9.94
2022-12-13,532.5,3412.670836,4173.283778,187.1884236,10.73,505.4,7030.7,495.1,3286.5,-367188,-152481,9.94
2022-12-14,527.5,3410.540628,4173.283778,185.6410401,10.73,505.4,7030.7,495.1,3286.5,-367188,-152481,9.94
2022-12-15,527.5,3412.332974,4173.283778,186.4314631,10.73,505.4,7030.7,495.1,3286.5,-367188,-152481,9.94
2022-12-16,520.5,3423.546976,4173.283778,188.9073738,10.73,505.4,7030.7,495.1,3286.5,-367188,-152481,9.94
2022-12-19,519.5,3399.26589,4179.3113,187.7282349,10.73,505.4,7030.7,495.1,3286.5,-367188,-152481,9.94
2022-12-20,517.5,3365.503669,4179.3113,186.4743575,10.73,505.4,7030.7,495.1,3286.5,-367188,-152481,9.94
2022-12-21,512.5,3369.10376,4179.3113,184.4098355,10.73,505.4,7030.7,495.1,3286.5,-367188,-152481,9.94
2022-12-22,510.5,3388.276678,4179.3113,183.4756384,10.73,505.4,7030.7,495.1,3286.5,-367188,-152481,9.94
2022-12-23,497.5,3402.501149,4179.3113,184.7629941,10.73,505.4,7030.7,495.1,3286.5,-367188,-152481,9.94
2022-12-26,492.5,3392.82571,4266.785397,183.0440577,10.73,505.4,7030.7,495.1,3286.5,-367188,-152481,9.94
2022-12-27,482.5,3398.411875,4266.785397,183.1767456,10.73,505.4,7030.7,495.1,3286.5,-367188,-152481,9.94
2022-12-28,482.5,3409.248405,4266.785397,182.8251199,10.73,505.4,7030.7,495.1,3286.5,-367188,-152481,9.94
2022-12-29,477.5,3438.137431,4266.785397,182.6301205,10.73,505.4,7030.7,495.1,3286.5,-367188,-152481,9.94
2022-12-30,474.5,3447.039556,4266.785397,180.9912277,10.73,505.4,7030.7,495.1,3286.5,-367188,-152481,9.94
2023-01-03,474.5,3469.821852,4180.686652,184.1498573,14.88,1.8,8454.3,513.8,5181.9,-647090,-206461,13.78
2023-01-04,472.5,3459.616506,4180.686652,184.9958671,14.88,1.8,8454.3,513.8,5181.9,-647090,-206461,13.78
2023-01-05,467.5,3415.862253,4180.686652,184.5407701,14.88,1.8,8454.3,513.8,5181.9,-647090,-206461,13.78
2023-01-06,459.5,3428.803581,4180.686652,185.1602262,14.88,1.8,8454.3,513.8,5181.9,-647090,-206461,13.78
2023-01-09,452.5,3407.729508,4200.658622,183.2392448,14.88,1.8,8454.3,513.8,5181.9,-647090,-206461,13.78
2023-01-10,452.5,3425.573125,4200.658622,183.0276246,14.88,1.8,8454.3,513.8,5181.9,-647090,-206461,13.78
2023-01-11,449.5,3437.029233,4200.658622,182.98463,14.88,1.8,8454.3,513.8,5181.9,-647090,-206461,13.78
2023-01-12,449.5,3435.965111,4200.658622,183.4244299,14.88,1.8,8454.3,513.8,5181.9,-647090,-206461,13.78
2023-01-13,447.5,3451.611303,4200.658622,183.9072075,14.88,1.8,8454.3,513.8,5181.9,-647090,-206461,13.78
2023-01-16,447.5,3480.242642,4055.342698,184.5160986,14.88,1.8,8454.3,513.8,5181.9,-647090,-206461,13.78
2023-01-17,447.5,3482.150432,4055.342698,184.2866613,14.88,1.8,8454.3,513.8,5181.9,-647090,-206461,13.78
2023-01-18,447.5,3457.316656,4055.342698,182.6531241,14.88,1.8,8454.3,513.8,5181.9,-647090,-206461,13.78
2023-01-30,447.5,3404.278456,4178.687599,181.1969107,14.88,1.8,8454.3,513.8,5181.9,-647090,-206461,13.78
2023-01-31,447.5,3402.377125,4178.687599,182.5039306,14.88,1.8,8454.3,513.8,5181.9,-647090,-206461,13.78
2023-02-01,440.5,3341.68086,4178.687599,182.4434379,21.86,10.1,8754.3,419.8,2707.6,-674560,-158830,20.24
2023-02-02,437.5,3356.205705,4178.687599,181.2766984,21.86,10.1,8754.3,419.8,2707.6,-674560,-158830,20.24
2023-02-03,427.5,3309.668746,4178.687599,181.9653862,21.86,10.1,8754.3,419.8,2707.6,-674560,-158830,20.24
2023-02-06,427.5,3279.127243,4319.167171,184.0438734,21.86,10.1,8754.3,419.8,2707.6,-674560,-158830,20.24
2023-02-07,427.5,3282.262309,4319.167171,185.638792,21.86,10.1,8754.3,419.8,2707.6,-674560,-158830,20.24
2023-02-08,422.5,3285.178305,4319.167171,184.8495032,21.86,10.1,8754.3,419.8,2707.6,-674560,-158830,20.24
2023-02-09,420.5,3258.97939,4319.167171,185.6854525,21.86,10.1,8754.3,419.8,2707.6,-674560,-158830,20.24
2023-02-10,415.5,3171.418114,4319.167171,186.5200651,21.86,10.1,8754.3,419.8,2707.6,-674560,-158830,20.24
2023-02-13,415.5,3201.422153,4195.226864,186.0772868,21.86,10.1,8754.3,419.8,2707.6,-674560,-158830,20.24
2023-02-14,415.5,3154.430853,4195.226864,186.596104,21.86,10.1,8754.3,419.8,2707.6,-674560,-158830,20.24
2023-02-15,403.5,3146.942087,4195.226864,186.385676,21.86,10.1,8754.3,419.8,2707.6,-674560,-158830,20.24
2023-02-16,402.5,3141.207465,4195.226864,187.3524062,21.86,10.1,8754.3,419.8,2707.6,-674560,-158830,20.24
2023-02-17,397.5,3119.112573,4195.226864,187.9032498,21.86,10.1,8754.3,419.8,2707.6,-674560,-158830,20.24
2023-02-20,389.5,3116.468359,4117.644441,188.6840883,21.86,10.1,8754.3,419.8,2707.6,-674560,-158830,20.24
2023-02-21,383.5,3141.620849,4117.644441,189.0999464,21.86,10.1,8754.3,419.8,2707.6,-674560,-158830,20.24
2023-02-22,372.5,3238.55413,4117.644441,190.0079981,21.86,10.1,8754.3,419.8,2707.6,-674560,-158830,20.24
2023-02-23,361.5,3231.167542,4117.644441,189.054303,21.86,10.1,8754.3,419.8,2707.6,-674560,-158830,20.24
2023-02-24,351.5,3226.902209,4117.644441,187.9368675,21.86,10.1,8754.3,419.8,2707.6,-674560,-158830,20.24
2023-02-27,351.5,3182.500574,3988.954118,188.8856888,21.86,10.1,8754.3,419.8,2707.6,-674560,-158830,20.24
2023-02-28,341.5,3157.807973,3988.954118,189.8572783,21.86,10.1,8754.3,419.8,2707.6,-674560,-158830,20.24
2023-03-01,331.5,3141.974323,3988.954118,190.6437919,28.39,108,11907.3,711.1,4490.2,-828383,-260560,26.29
2023-03-02,325.5,3196.633784,3988.954118,190.1179346,28.39,108,11907.3,711.1,4490.2,-828383,-260560,26.29
2023-03-03,322.5,3187.849321,3988.954118,189.6294518,28.39,108,11907.3,711.1,4490.2,-828383,-260560,26.29
2023-03-06,322.5,3179.367101,3863.862348,187.4645376,28.39,108,11907.3,711.1,4490.2,-828383,-260560,26.29
2023-03-07,313.5,3127.147765,3863.862348,187.4621188,28.39,108,11907.3,711.1,4490.2,-828383,-260560,26.29
2023-03-08,304.5,3108.995251,3863.862348,189.3153702,28.39,108,11907.3,711.1,4490.2,-828383,-260560,26.29
2023-03-09,295.5,3098.910152,3863.862348,189.4090773,28.39,108,11907.3,711.1,4490.2,-828383,-260560,26.29
2023-03-10,285.5,3096.553792,3863.862348,190.3541298,28.39,108,11907.3,711.1,4490.2,-828383,-260560,26.29
2023-03-13,282.5,3105.372384,3718.46886,191.0936741,28.39,108,11907.3,711.1,4490.2,-828383,-260560,26.29
2023-03-14,274.5,3088.135093,3718.46886,189.4018594,28.39,108,11907.3,711.1,4490.2,-828383,-260560,26.29
2023-03-15,269.5,3112.666322,3718.46886,189.8813681,28.39,108,11907.3,711.1,4490.2,-828383,-260560,26.29
2023-03-16,267.5,3051.511564,3718.46886,189.9448283,28.39,108,11907.3,711.1,4490.2,-828383,-260560,26.29
2023-03-17,262.5,3030.097403,3718.46886,188.7089508,28.39,108,11907.3,711.1,4490.2,-828383,-260560,26.29
2023-03-20,255.5,3016.238228,3587.514485,189.8970476,28.39,108,11907.3,711.1,4490.2,-828383,-260560,26.29
2023-03-21,248.5,3013.669781,3587.514485,189.734936,28.39,108,11907.3,711.1,4490.2,-828383,-260560,26.29
2023-03-22,242.5,3024.766192,3587.514485,189.3709082,28.39,108,11907.3,711.1,4490.2,-828383,-260560,26.29
2023-03-23,235.5,3027.30162,3587.514485,188.7210727,28.39,108,11907.3,711.1,4490.2,-828383,-260560,26.29
2023-03-24,228.5,3032.507637,3587.514485,188.6498382,28.39,108,11907.3,711.1,4490.2,-828383,-260560,26.29
2023-03-27,222.5,3047.766219,3445.247874,188.5583132,28.39,108,11907.3,711.1,4490.2,-828383,-260560,26.29
2023-03-28,216.5,3074.603517,3445.247874,188.5131703,28.39,108,11907.3,711.1,4490.2,-828383,-260560,26.29
2023-03-29,210.5,3082.015391,3445.247874,188.6982914,28.39,108,11907.3,711.1,4490.2,-828383,-260560,26.29
2023-03-30,204.5,3121.329047,3445.247874,189.8353067,28.39,108,11907.3,711.1,4490.2,-828383,-260560,26.29
2023-03-31,198.5,3097.669221,3445.247874,188.7080824,28.39,108,11907.3,711.1,4490.2,-828383,-260560,26.29
2023-04-03,193.5,3131.593984,3215.535132,190.0815339,49.88,0,8524.1,405.4,6907.3,-550885,-392109,46.18
2023-04-04,188.5,3201.028506,3215.535132,190.1982013,49.88,0,8524.1,405.4,6907.3,-550885,-392109,46.18
2023-04-06,188.5,3105.863154,3215.535132,191.3513068,49.88,0,8524.1,405.4,6907.3,-550885,-392109,46.18
2023-04-07,188.5,3033.213622,3215.535132,191.7031473,49.88,0,8524.1,405.4,6907.3,-550885,-392109,46.18
2023-04-10,185.5,3023.309362,3094.272129,191.4969462,49.88,0,8524.1,405.4,6907.3,-550885,-392109,46.18
2023-04-11,182.5,3015.156555,3094.272129,191.9576769,49.88,0,8524.1,405.4,6907.3,-550885,-392109,46.18
2023-04-12,182.5,2998.865647,3094.272129,192.0107435,49.88,0,8524.1,405.4,6907.3,-550885,-392109,46.18
2023-04-13,179.5,2996.164629,3094.272129,192.4480162,49.88,0,8524.1,405.4,6907.3,-550885,-392109,46.18
2023-04-14,174.5,2995.600039,3094.272129,189.4973658,49.88,0,8524.1,405.4,6907.3,-550885,-392109,46.18
2023-04-17,169.5,2982.277403,2953.43124,189.7094804,49.88,0,8524.1,405.4,6907.3,-550885,-392109,46.18
2023-04-18,164.5,2962.811355,2953.43124,191.322609,49.88,0,8524.1,405.4,6907.3,-550885,-392109,46.18
2023-04-19,160.5,2995.168898,2953.43124,191.4064278,49.88,0,8524.1,405.4,6907.3,-550885,-392109,46.18
2023-04-20,160.5,3006.394831,2953.43124,192.7001832,49.88,0,8524.1,405.4,6907.3,-550885,-392109,46.18
2023-04-21,157.5,2994.941507,2953.43124,192.6048805,49.88,0,8524.1,405.4,6907.3,-550885,-392109,46.18
2023-04-24,152.5,2943.652737,2794.513335,192.873416,49.88,0,8524.1,405.4,6907.3,-550885,-392109,46.18
2023-04-25,152.5,2901.081726,2794.513335,193.3023073,49.88,0,8524.1,405.4,6907.3,-550885,-392109,46.18
2023-04-26,154.5,2871.242884,2788.886075,193.4618244,49.88,0,8524.1,405.4,6907.3,-550885,-392109,46.18
2023-04-27,157.5,2866.279067,2788.886075,193.1661304,49.88,0,8524.1,405.4,6907.3,-550885,-392109,46.18
2023-04-28,161.5,2849.917322,2788.886075,193.4891642,49.88,0,8524.1,405.4,6907.3,-550885,-392109,46.18
2023-05-04,161.5,2846.229543,2774.833467,193.2147635,67.31,2,8723.6,306.6,4561.4,-464464,-218278,62.32
2023-05-05,165.5,2794.247344,2774.833467,191.1681632,67.31,2,8723.6,306.6,4561.4,-464464,-218278,62.32
2023-05-08,174.5,2772.106922,2822.892389,190.601337,67.31,2,8723.6,306.6,4561.4,-464464,-218278,62.32
2023-05-09,179.5,2788.357796,2822.892389,191.3347375,67.31,2,8723.6,306.6,4561.4,-464464,-218278,62.32
2023-05-10,184.5,2818.587977,2822.892389,191.64234,67.31,2,8723.6,306.6,4561.4,-464464,-218278,62.32
2023-05-11,189.5,2778.13874,2822.892389,190.1344533,67.31,2,8723.6,306.6,4561.4,-464464,-218278,62.32
2023-05-12,189.5,2728.276167,2822.892389,191.4129856,67.31,2,8723.6,306.6,4561.4,-464464,-218278,62.32
2023-05-15,199.5,2727.407904,2981.334242,192.8219257,67.31,2,8723.6,306.6,4561.4,-464464,-218278,62.32
2023-05-16,209.5,2753.669417,2981.334242,192.099662,67.31,2,8723.6,306.6,4561.4,-464464,-218278,62.32
2023-05-17,219.5,2727.590021,2981.334242,192.4189463,67.31,2,8723.6,306.6,4561.4,-464464,-218278,62.32
2023-05-18,232.5,2758.084344,2981.334242,190.6718566,67.31,2,8723.6,306.6,4561.4,-464464,-218278,62.32
2023-05-19,247.5,2748.379221,2981.334242,189.7258025,67.31,2,8723.6,306.6,4561.4,-464464,-218278,62.32
2023-05-22,267.5,2763.47842,3164.931433,188.9865693,67.31,2,8723.6,306.6,4561.4,-464464,-218278,62.32
2023-05-23,282.5,2739.606629,3164.931433,186.8651177,67.31,2,8723.6,306.6,4561.4,-464464,-218278,62.32
2023-05-24,282.5,2695.04781,3164.931433,187.0415508,67.31,2,8723.6,306.6,4561.4,-464464,-218278,62.32
2023-05-25,280.5,2646.000354,3164.931433,186.7644964,67.31,2,8723.6,306.6,4561.4,-464464,-218278,62.32
2023-05-26,280.5,2611.3023,3164.931433,188.0478672,67.31,2,8723.6,306.6,4561.4,-464464,-218278,62.32
2023-05-29,280.5,2635.668377,3405.617809,187.4511038,67.31,2,8723.6,306.6,4561.4,-464464,-218278,62.32
2023-05-30,280.5,2653.845149,3405.617809,187.2926734,67.31,2,8723.6,306.6,4561.4,-464464,-218278,62.32
2023-05-31,280.5,2641.756575,3405.617809,186.4373555,67.31,2,8723.6,306.6,4561.4,-464464,-218278,62.32
2023-06-01,280.5,2626.25818,3405.617809,185.8778238,47.55,220.1,9596.9,638.9,4838.6,-506737,-181533,44.03
2023-06-02,287.5,2648.697814,3405.617809,185.090933,47.55,220.1,9596.9,638.9,4838.6,-506737,-181533,44.03
2023-06-05,292.5,2685.713848,3392.88251,184.2429267,47.55,220.1,9596.9,638.9,4838.6,-506737,-181533,44.03
2023-06-06,292.5,2709.524517,3392.88251,182.940188,47.55,220.1,9596.9,638.9,4838.6,-506737,-181533,44.03
2023-06-07,292.5,2700.242181,3392.88251,182.5026579,47.55,220.1,9596.9,638.9,4838.6,-506737,-181533,44.03
2023-06-08,300.5,2717.725458,3392.88251,183.528782,47.55,220.1,9596.9,638.9,4838.6,-506737,-181533,44.03
2023-06-09,305.5,2729.692037,3392.88251,182.2941251,47.55,220.1,9596.9,638.9,4838.6,-506737,-181533,44.03
2023-06-12,305.5,2759.164139,3381.59888,180.5221823,47.55,220.1,9596.9,638.9,4838.6,-506737,-181533,44.03
2023-06-13,305.5,2729.981318,3381.59888,179.7973255,47.55,220.1,9596.9,638.9,4838.6,-506737,-181533,44.03
2023-06-14,305.5,2735.966722,3381.59888,176.8813199,47.55,220.1,9596.9,638.9,4838.6,-506737,-181533,44.03
2023-06-15,305.5,2758.627929,3381.59888,177.8669733,47.55,220.1,9596.9,638.9,4838.6,-506737,-181533,44.03
2023-06-16,305.5,2787.960791,3381.59888,178.3803155,47.55,220.1,9596.9,638.9,4838.6,-506737,-181533,44.03
2023-06-19,305.5,2787.029596,3437.732262,179.1161563,47.55,220.1,9596.9,638.9,4838.6,-506737,-181533,44.03
2023-06-20,305.5,2777.008562,3437.732262,179.2134526,47.55,220.1,9596.9,638.9,4838.6,-506737,-181533,44.03
2023-06-21,304.5,2765.351812,3437.732262,179.3031481,47.55,220.1,9596.9,638.9,4838.6,-506737,-181533,44.03
2023-06-26,304.5,2755.276923,3450.691298,182.1647993,47.55,220.1,9596.9,638.9,4838.6,-506737,-181533,44.03
2023-06-27,302.5,2730.09731,3450.691298,180.012447,47.55,220.1,9596.9,638.9,4838.6,-506737,-181533,44.03
2023-06-28,302.5,2757.18214,3450.691298,179.6168268,47.55,220.1,9596.9,638.9,4838.6,-506737,-181533,44.03
2023-06-29,302.5,2759.302333,3450.691298,180.7176177,47.55,220.1,9596.9,638.9,4838.6,-506737,-181533,44.03
2023-06-30,302.5,2749.504251,3450.691298,182.4471077,47.55,220.1,9596.9,638.9,4838.6,-506737,-181533,44.03
2023-07-03,302.5,2770.931185,3437.291535,181.6110706,30.24,247.5,9952.6,1219,3754.4,-478370,-128062,28
2023-07-04,302.5,2793.330494,3437.291535,180.4055333,30.24,247.5,9952.6,1219,3754.4,-478370,-128062,28
2023-07-05,302.5,2779.726999,3437.291535,179.5938166,30.24,247.5,9952.6,1219,3754.4,-478370,-128062,28
2023-07-06,302.5,2766.040049,3437.291535,179.8092836,30.24,247.5,9952.6,1219,3754.4,-478370,-128062,28
2023-07-07,302.5,2756.822543,3437.291535,180.6019967,30.24,247.5,9952.6,1219,3754.4,-478370,-128062,28
2023-07-10,302.5,2740.473735,3449.55456,179.9079242,30.24,247.5,9952.6,1219,3754.4,-478370,-128062,28
2023-07-11,302.5,2718.04216,3449.55456,179.7278318,30.24,247.5,9952.6,1219,3754.4,-478370,-128062,28
2023-07-12,302.5,2722.41978,3449.55456,179.1474819,30.24,247.5,9952.6,1219,3754.4,-478370,-128062,28
2023-07-13,297.5,2718.31485,3449.55456,177.8990371,30.24,247.5,9952.6,1219,3754.4,-478370,-128062,28
2023-07-14,297.5,2762.425531,3449.55456,177.1790125,30.24,247.5,9952.6,1219,3754.4,-478370,-128062,28
2023-07-17,297.5,2793.673105,3444.733868,177.6311922,30.24,247.5,9952.6,1219,3754.4,-478370,-128062,28
2023-07-18,292.5,2771.40999,3444.733868,176.4775559,30.24,247.5,9952.6,1219,3754.4,-478370,-128062,28
2023-07-19,292.5,2782.397365,3444.733868,176.192661,30.24,247.5,9952.6,1219,3754.4,-478370,-128062,28
2023-07-20,292.5,2776.258896,3444.733868,175.0771441,30.24,247.5,9952.6,1219,3754.4,-478370,-128062,28
2023-07-21,287.5,2840.93644,3444.733868,178.1369821,30.24,247.5,9952.6,1219,3754.4,-478370,-128062,28
2023-07-24,287.5,2801.444829,3359.083646,179.1122826,30.24,247.5,9952.6,1219,3754.4,-478370,-128062,28
2023-07-25,280.5,2804.181174,3359.083646,178.2152522,30.24,247.5,9952.6,1219,3754.4,-478370,-128062,28
2023-07-26,275.5,2896.331807,3359.083646,178.5632239,30.24,247.5,9952.6,1219,3754.4,-478370,-128062,28
2023-07-27,270.5,2899.202061,3359.083646,178.3454583,30.24,247.5,9952.6,1219,3754.4,-478370,-128062,28
2023-07-28,262.5,2851.621871,3359.083646,178.9853767,30.24,247.5,9952.6,1219,3754.4,-478370,-128062,28
2023-07-31,257.5,2807.702155,3230.12391,179.1392175,30.24,247.5,9952.6,1219,3754.4,-478370,-128062,28
2023-08-01,257.5,2804.314326,3230.12391,180.099228,32.37,0,10345.2,433.2,5216.1,-493567,-227922,29.98
2023-08-02,257.5,2814.611875,3230.12391,179.6209959,32.37,0,10345.2,433.2,5216.1,-493567,-227922,29.98
2023-08-03,257.5,2824.777332,3230.12391,180.1526998,32.37,0,10345.2,433.2,5216.1,-493567,-227922,29.98
2023-08-04,257.5,2790.993677,3230.12391,180.9906816,32.37,0,10345.2,433.2,5216.1,-493567,-227922,29.98
2023-08-07,257.5,2777.09585,3091.459767,182.7252186,32.37,0,10345.2,433.2,5216.1,-493567,-227922,29.98
2023-08-08,252.5,2745.518685,3091.459767,181.8264016,32.37,0,10345.2,433.2,5216.1,-493567,-227922,29.98
2023-08-09,247.5,2721.909964,3091.459767,182.4729433,32.37,0,10345.2,433.2,5216.1,-493567,-227922,29.98
2023-08-10,247.5,2740.725955,3091.459767,182.2323345,32.37,0,10345.2,433.2,5216.1,-493567,-227922,29.98
2023-08-11,247.5,2749.274813,3091.459767,182.7283069,32.37,0,10345.2,433.2,5216.1,-493567,-227922,29.98
2023-08-14,240.5,2736.67432,3107.990979,184.8657612,32.37,0,10345.2,433.2,5216.1,-493567,-227922,29.98
2023-08-15,233.5,2718.633648,3107.990979,183.9168849,32.37,0,10345.2,433.2,5216.1,-493567,-227922,29.98
2023-08-16,227.5,2712.110241,3107.990979,183.8549771,32.37,0,10345.2,433.2,5216.1,-493567,-227922,29.98
2023-08-17,222.5,2717.354249,3107.990979,184.0934588,32.37,0,10345.2,433.2,5216.1,-493567,-227922,29.98
2023-08-18,212.5,2743.865908,3107.990979,183.9294535,32.37,0,10345.2,433.2,5216.1,-493567,-227922,29.98
2023-08-21,202.5,2747.432031,2910.927765,183.9342379,32.37,0,10345.2,433.2,5216.1,-493567,-227922,29.98
2023-08-22,202.5,2752.778088,2910.927765,186.1267017,32.37,0,10345.2,433.2,5216.1,-493567,-227922,29.98
2023-08-23,202.5,2801.608502,2910.927765,183.7104332,32.37,0,10345.2,433.2,5216.1,-493567,-227922,29.98
2023-08-24,202.5,2815.032134,2910.927765,185.1725913,32.37,0,10345.2,433.2,5216.1,-493567,-227922,29.98
2023-08-25,202.5,2807.654044,2910.927765,182.3156674,32.37,0,10345.2,433.2,5216.1,-493567,-227922,29.98
2023-08-28,202.5,2804.745209,2716.200299,181.5900644,32.37,0,10345.2,433.2,5216.1,-493567,-227922,29.98
2023-08-29,201.5,2807.05759,2716.200299,181.4791834,32.37,0,10345.2,433.2,5216.1,-493567,-227922,29.98
2023-08-30,197.5,2797.391652,2716.200299,181.4806124,32.37,0,10345.2,433.2,5216.1,-493567,-227922,29.98
2023-08-31,195.5,2799.772114,2716.200299,181.6450733,32.37,0,10345.2,433.2,5216.1,-493567,-227922,29.98
2023-09-01,195.5,2820.714285,2716.200299,182.5352485,48.69,6.5,9624.5,69.1,4482.3,-398832,-143149,45.08
2023-09-04,195.5,2851.560859,2671.359275,184.5156175,48.69,6.5,9624.5,69.1,4482.3,-398832,-143149,45.08
2023-09-05,195.5,2848.90766,2671.359275,181.2387298,48.69,6.5,9624.5,69.1,4482.3,-398832,-143149,45.08
2023-09-06,192.5,2879.346638,2671.359275,182.3438362,48.69,6.5,9624.5,69.1,4482.3,-398832,-143149,45.08
2023-09-07,192.5,2870.49639,2671.359275,182.2687555,48.69,6.5,9624.5,69.1,4482.3,-398832,-143149,45.08
2023-09-08,192.5,2841.197245,2671.359275,182.0491903,48.69,6.5,9624.5,69.1,4482.3,-398832,-143149,45.08
2023-09-11,186.5,2818.340841,2621.037969,184.630269,48.69,6.5,9624.5,69.1,4482.3,-398832,-143149,45.08
2023-09-12,180.5,2843.899219,2621.037969,181.1800113,48.69,6.5,9624.5,69.1,4482.3,-398832,-143149,45.08
2023-09-13,175.5,2866.723233,2621.037969,181.609943,48.69,6.5,9624.5,69.1,4482.3,-398832,-143149,45.08
2023-09-14,172.5,2879.061909,2621.037969,182.9421719,48.69,6.5,9624.5,69.1,4482.3,-398832,-143149,45.08
2023-09-15,166.5,2897.189475,2621.037969,182.3911927,48.69,6.5,9624.5,69.1,4482.3,-398832,-143149,45.08
2023-09-18,162.5,2894.640603,2475.44271,182.6283064,48.69,6.5,9624.5,69.1,4482.3,-398832,-143149,45.08
2023-09-19,161.5,2887.863874,2475.44271,182.3800601,48.69,6.5,9624.5,69.1,4482.3,-398832,-143149,45.08
2023-09-20,157.5,2886.896815,2475.44271,182.1001755,48.69,6.5,9624.5,69.1,4482.3,-398832,-143149,45.08
2023-09-21,155.5,2889.652649,2475.44271,182.8630259,48.69,6.5,9624.5,69.1,4482.3,-398832,-143149,45.08
2023-09-22,155.5,2844.503223,2475.44271,183.5584824,48.69,6.5,9624.5,69.1,4482.3,-398832,-143149,45.08
2023-09-25,153.5,2848.248169,2332.35682,182.8927728,48.69,6.5,9624.5,69.1,4482.3,-398832,-143149,45.08
2023-09-26,153.5,2839.380563,2332.35682,183.1009982,48.69,6.5,9624.5,69.1,4482.3,-398832,-143149,45.08
2023-09-27,153.5,2830.963148,2332.35682,185.1737879,48.69,6.5,9624.5,69.1,4482.3,-398832,-143149,45.08
2023-10-09,153.5,2744.363168,2252.842022,184.0093145,62.54,236.8,9097.1,584.9,2868.8,-320975,-72950,57.91
2023-10-10,153.5,2757.098663,2252.842022,184.7484376,62.54,236.8,9097.1,584.9,2868.8,-320975,-72950,57.91
2023-10-11,153.5,2738.1825,2252.842022,183.9465388,62.54,236.8,9097.1,584.9,2868.8,-320975,-72950,57.91
2023-10-12,155.5,2722.506104,2252.842022,183.3559451,62.54,236.8,9097.1,584.9,2868.8,-320975,-72950,57.91
2023-10-13,158.5,2743.267881,2252.842022,184.6661638,62.54,236.8,9097.1,584.9,2868.8,-320975,-72950,57.91
2023-10-16,162.5,2741.908731,2276.650765,188.6232013,62.54,236.8,9097.1,584.9,2868.8,-320975,-72950,57.91
2023-10-17,165.5,2753.01195,2276.650765,184.3897527,62.54,236.8,9097.1,584.9,2868.8,-320975,-72950,57.91
2023-10-18,165.5,2736.426024,2276.650765,185.0445197,62.54,236.8,9097.1,584.9,2868.8,-320975,-72950,57.91
2023-10-19,163.5,2755.840069,2276.650765,185.2136558,62.54,236.8,9097.1,584.9,2868.8,-320975,-72950,57.91
2023-10-20,162.5,2726.593039,2276.650765,185.500322,62.54,236.8,9097.1,584.9,2868.8,-320975,-72950,57.91
2023-10-23,158.5,2730.93713,2342.513917,184.4519702,62.54,236.8,9097.1,584.9,2868.8,-320975,-72950,57.91
2023-10-24,157.5,2700.580875,2342.513917,182.4475985,62.54,236.8,9097.1,584.9,2868.8,-320975,-72950,57.91
2023-10-25,159.5,2693.979583,2342.513917,183.8336314,62.54,236.8,9097.1,584.9,2868.8,-320975,-72950,57.91
2023-10-26,157.5,2724.39906,2342.513917,184.9009724,62.54,236.8,9097.1,584.9,2868.8,-320975,-72950,57.91
2023-10-27,155.5,2730.392189,2342.513917,184.6012906,62.54,236.8,9097.1,584.9,2868.8,-320975,-72950,57.91
2023-10-30,155.5,2725.610772,2280.555305,189.3109046,62.54,236.8,9097.1,584.9,2868.8,-320975,-72950,57.91
2023-10-31,154.5,2767.093462,2280.555305,184.3615321,62.54,236.8,9097.1,584.9,2868.8,-320975,-72950,57.91
2023-11-01,154.5,2726.752232,2280.555305,184.5615576,66.94,982.1,12763.5,665.6,2509.8,-367929,-71506,61.98
2023-11-02,154.5,2730.236101,2280.555305,184.234338,66.94,982.1,12763.5,665.6,2509.8,-367929,-71506,61.98
2023-11-03,154.5,2739.211417,2280.555305,182.3437049,66.94,982.1,12763.5,665.6,2509.8,-367929,-71506,61.98
2023-11-06,153.5,2739.069716,2236.311347,179.1929787,66.94,982.1,12763.5,665.6,2509.8,-367929,-71506,61.98
2023-11-07,149.5,2745.029625,2236.311347,178.4538959,66.94,982.1,12763.5,665.6,2509.8,-367929,-71506,61.98
2023-11-08,147.5,2740.649576,2236.311347,179.2432154,66.94,982.1,12763.5,665.6,2509.8,-367929,-71506,61.98
2023-11-09,147.5,2767.266846,2236.311347,179.7040865,66.94,982.1,12763.5,665.6,2509.8,-367929,-71506,61.98
2023-11-10,144.5,2772.506709,2236.311347,180.6022757,66.94,982.1,12763.5,665.6,2509.8,-367929,-71506,61.98
2023-11-13,144.5,2768.100664,2184.082875,183.7450243,66.94,982.1,12763.5,665.6,2509.8,-367929,-71506,61.98
2023-11-14,143.5,2766.731055,2184.082875,180.9672026,66.94,982.1,12763.5,665.6,2509.8,-367929,-71506,61.98
2023-11-15,139.5,2758.011441,2184.082875,179.8430788,66.94,982.1,12763.5,665.6,2509.8,-367929,-71506,61.98
2023-11-16,135.5,2791.661042,2184.082875,179.6709793,66.94,982.1,12763.5,665.6,2509.8,-367929,-71506,61.98
2023-11-17,131.5,2768.867253,2184.082875,178.4905289,66.94,982.1,12763.5,665.6,2509.8,-367929,-71506,61.98
2023-11-20,131.5,2759.345162,2086.235075,179.5497705,66.94,982.1,12763.5,665.6,2509.8,-367929,-71506,61.98
2023-11-21,129.5,2761.528827,2086.235075,179.7209656,66.94,982.1,12763.5,665.6,2509.8,-367929,-71506,61.98
2023-11-22,126.5,2780.073182,2086.235075,182.7583144,66.94,982.1,12763.5,665.6,2509.8,-367929,-71506,61.98
2023-11-23,123.5,2783.792925,2086.235075,181.5423143,66.94,982.1,12763.5,665.6,2509.8,-367929,-71506,61.98
2023-11-24,120.5,2783.174153,2086.235075,183.4909287,66.94,982.1,12763.5,665.6,2509.8,-367929,-71506,61.98
2023-11-27,117.5,2764.079897,1972.164486,182.1248559,66.94,982.1,12763.5,665.6,2509.8,-367929,-71506,61.98
2023-11-28,112.5,2767.289276,1972.164486,182.6753462,66.94,982.1,12763.5,665.6,2509.8,-367929,-71506,61.98
2023-11-29,109.5,2756.117685,1972.164486,182.2715897,66.94,982.1,12763.5,665.6,2509.8,-367929,-71506,61.98
2023-11-30,107.5,2761.453183,1972.164486,182.0000298,66.94,982.1,12763.5,665.6,2509.8,-367929,-71506,61.98
2023-12-01,104.5,2765.751603,1972.164486,183.2631451,71.67,450.9,11974.3,932.9,3085.2,-332348,-67497,66.36
2023-12-04,100.5,2767.275499,1826.655203,183.9743324,71.67,450.9,11974.3,932.9,3085.2,-332348,-67497,66.36
2023-12-05,95.5,2761.148848,1826.655203,183.2884915,71.67,450.9,11974.3,932.9,3085.2,-332348,-67497,66.36
2023-12-06,90.5,2723.894954,1826.655203,183.8012237,71.67,450.9,11974.3,932.9,3085.2,-332348,-67497,66.36
2023-12-07,90.5,2736.777707,1826.655203,183.8759324,71.67,450.9,11974.3,932.9,3085.2,-332348,-67497,66.36
2023-12-08,90.5,2764.364858,1826.655203,183.6336209,71.67,450.9,11974.3,932.9,3085.2,-332348,-67497,66.36
2023-12-11,90.5,2777.133237,1661.851158,184.7318565,71.67,450.9,11974.3,932.9,3085.2,-332348,-67497,66.36
2023-12-12,89.5,2752.420613,1661.851158,183.1033404,71.67,450.9,11974.3,932.9,3085.2,-332348,-67497,66.36
2023-12-13,88.5,2736.045723,1661.851158,182.5724628,71.67,450.9,11974.3,932.9,3085.2,-332348,-67497,66.36
2023-12-14,88.5,2721.03497,1661.851158,180.1539397,71.67,450.9,11974.3,932.9,3085.2,-332348,-67497,66.36
2023-12-15,88.5,2748.259031,1661.851158,182.8102533,71.67,450.9,11974.3,932.9,3085.2,-332348,-67497,66.36
2023-12-18,88.5,2753.805599,1608.556597,180.5346141,71.67,450.9,11974.3,932.9,3085.2,-332348,-67497,66.36
2023-12-19,88.5,2736.46599,1608.556597,182.6878939,71.67,450.9,11974.3,932.9,3085.2,-332348,-67497,66.36
2023-12-20,88.5,2733.279731,1608.556597,183.6210385,71.67,450.9,11974.3,932.9,3085.2,-332348,-67497,66.36
2023-12-21,86.5,2730.316414,1608.556597,181.8000852,71.67,450.9,11974.3,932.9,3085.2,-332348,-67497,66.36
2023-12-22,86.5,2748.544972,1608.556597,180.9497685,71.67,450.9,11974.3,932.9,3085.2,-332348,-67497,66.36
2023-12-25,86.5,2779.130014,1604.286,183.1575628,71.67,450.9,11974.3,932.9,3085.2,-332348,-67497,66.36
2023-12-26,86.5,2775.925983,1604.286,181.4280659,71.67,450.9,11974.3,932.9,3085.2,-332348,-67497,66.36
2023-12-27,86.5,2779.34829,1604.286,181.1604058,71.67,450.9,11974.3,932.9,3085.2,-332348,-67497,66.36
2023-12-28,86.5,2786.636398,1604.286,181.3338541,71.67,450.9,11974.3,932.9,3085.2,-332348,-67497,66.36
2023-12-29,86.5,2783.292533,1604.286,179.8001954,71.67,450.9,11974.3,932.9,3085.2,-332348,-67497,66.36
2024-01-02,86.5,2764.540285,1597.319083,182.9980486,77.84,3,7827.4,134.9,2157.7,-170442,-62672,72.07
2024-01-03,86.5,2745.408555,1597.319083,184.4419966,77.84,3,7827.4,134.9,2157.7,-170442,-62672,72.07
2024-01-04,86.5,2740.146329,1597.319083,184.4694331,77.84,3,7827.4,134.9,2157.7,-170442,-62672,72.07
2024-01-05,86.5,2737.09235,1597.319083,184.4233439,77.84,3,7827.4,134.9,2157.7,-170442,-62672,72.07
2024-01-08,86.5,2722.963113,1594.051167,185.1434566,77.84,3,7827.4,134.9,2157.7,-170442,-62672,72.07
2024-01-09,86.5,2707.366506,1594.051167,185.0211595,77.84,3,7827.4,134.9,2157.7,-170442,-62672,72.07
2024-01-10,86.5,2720.543008,1594.051167,185.8440362,77.84,3,7827.4,134.9,2157.7,-170442,-62672,72.07
2024-01-11,86.5,2700.611849,1594.051167,183.7414891,77.84,3,7827.4,134.9,2157.7,-170442,-62672,72.07
2024-01-12,86.5,2686.51442,1594.051167,184.7066806,77.84,3,7827.4,134.9,2157.7,-170442,-62672,72.07
2024-01-15,86.5,2678.482707,1590.527013,184.8928286,77.84,3,7827.4,134.9,2157.7,-170442,-62672,72.07
2024-01-16,86.5,2664.303116,1590.527013,185.953211,77.84,3,7827.4,134.9,2157.7,-170442,-62672,72.07
2024-01-17,86.5,2662.956261,1590.527013,187.98427,77.84,3,7827.4,134.9,2157.7,-170442,-62672,72.07
2024-01-18,86.5,2653.413348,1590.527013,188.9170061,77.84,3,7827.4,134.9,2157.7,-170442,-62672,72.07
2024-01-19,86.5,2640.78352,1590.527013,188.0056328,77.84,3,7827.4,134.9,2157.7,-170442,-62672,72.07
2024-01-22,86.5,2633.089378,1582.486502,187.5884621,77.84,3,7827.4,134.9,2157.7,-170442,-62672,72.07
2024-01-23,86.5,2638.296158,1582.486502,186.124822,77.84,3,7827.4,134.9,2157.7,-170442,-62672,72.07
2024-01-24,86.5,2660.263337,1582.486502,188.8747639,77.84,3,7827.4,134.9,2157.7,-170442,-62672,72.07
2024-01-25,86.5,2689.174574,1582.486502,187.7845321,77.84,3,7827.4,134.9,2157.7,-170442,-62672,72.07
2024-01-26,86.5,2685.2757,1582.486502,188.6754928,77.84,3,7827.4,134.9,2157.7,-170442,-62672,72.07
2024-01-29,86.5,2687.586818,1580.036002,188.6320721,77.84,3,7827.4,134.9,2157.7,-170442,-62672,72.07
2024-01-30,86.5,2681.551006,1580.036002,188.1868857,77.84,3,7827.4,134.9,2157.7,-170442,-62672,72.07
2024-01-31,86.5,2700.055399,1580.036002,187.0032838,77.84,3,7827.4,134.9,2157.7,-170442,-62672,72.07
2024-02-01,86.5,2679.772545,1580.036002,187.8561343,79.88,11.1,8408.7,257.2,2290.7,-156321,-63103,73.96
2024-02-02,86.5,2658.572246,1580.036002,187.4797132,79.88,11.1,8408.7,257.2,2290.7,-156321,-63103,73.96
2024-02-05,88.5,2659.472534,1581.593596,188.0789035,79.88,11.1,8408.7,257.2,2290.7,-156321,-63103,73.96
2024-02-06,88.5,2657.825339,1581.593596,187.5768466,79.88,11.1,8408.7,257.2,2290.7,-156321,-63103,73.96
2024-02-07,88.5,2640.832756,1581.593596,186.8692035,79.88,11.1,8408.7,257.2,2290.7,-156321,-63103,73.96
2024-02-19,88.5,2665.137114,1604.065398,187.0564404,79.88,11.1,8408.7,257.2,2290.7,-156321,-63103,73.96
2024-02-20,88,2652.14169,1604.065398,185.2581558,79.88,11.1,8408.7,257.2,2290.7,-156321,-63103,73.96
2024-02-21,88,2631.804825,1604.065398,185.5084324,79.88,11.1,8408.7,257.2,2290.7,-156321,-63103,73.96
2024-02-22,88,2662.788114,1604.065398,185.4273064,79.88,11.1,8408.7,257.2,2290.7,-156321,-63103,73.96
2024-02-23,88,2662.715246,1604.065398,184.500867,79.88,11.1,8408.7,257.2,2290.7,-156321,-63103,73.96
2024-02-26,88,2662.420204,1602.010944,184.8660112,79.88,11.1,8408.7,257.2,2290.7,-156321,-63103,73.96
2024-02-27,89.5,2652.234882,1602.010944,185.0562046,79.88,11.1,8408.7,257.2,2290.7,-156321,-63103,73.96
2024-02-28,91.5,2667.057747,1602.010944,185.0376555,79.88,11.1,8408.7,257.2,2290.7,-156321,-63103,73.96
2024-02-29,94.5,2673.865238,1602.010944,185.2946062,79.88,11.1,8408.7,257.2,2290.7,-156321,-63103,73.96
2024-03-01,96.5,2675.734502,1602.010944,185.774702,79.73,0.2,10260.1,297.4,1123.6,-172674,-22258,73.82
2024-03-04,99.5,2706.026581,1653.698636,184.9551205,79.73,0.2,10260.1,297.4,1123.6,-172674,-22258,73.82
2024-03-05,101.5,2713.44541,1653.698636,184.6031894,79.73,0.2,10260.1,297.4,1123.6,-172674,-22258,73.82
2024-03-06,101.5,2723.659528,1653.698636,185.3015613,79.73,0.2,10260.1,297.4,1123.6,-172674,-22258,73.82
2024-03-07,101.5,2710.66811,1653.698636,184.4230704,79.73,0.2,10260.1,297.4,1123.6,-172674,-22258,73.82
2024-03-08,101.5,2730.124951,1653.698636,183.6936839,79.73,0.2,10260.1,297.4,1123.6,-172674,-22258,73.82
2024-03-11,102.5,2736.565857,1748.849259,183.1514699,79.73,0.2,10260.1,297.4,1123.6,-172674,-22258,73.82
2024-03-12,104.5,2705.946468,1748.849259,182.4299116,79.73,0.2,10260.1,297.4,1123.6,-172674,-22258,73.82
2024-03-13,107.5,2694.105471,1748.849259,182.5859883,79.73,0.2,10260.1,297.4,1123.6,-172674,-22258,73.82
2024-03-14,108.5,2698.981761,1748.849259,182.7915824,79.73,0.2,10260.1,297.4,1123.6,-172674,-22258,73.82
2024-03-15,105.5,2678.959906,1748.849259,183.7991171,79.73,0.2,10260.1,297.4,1123.6,-172674,-22258,73.82
2024-03-18,106.5,2683.09286,1800.182717,184.7588512,79.73,0.2,10260.1,297.4,1123.6,-172674,-22258,73.82
2024-03-19,107.5,2670.745673,1800.182717,185.6402488,79.73,0.2,10260.1,297.4,1123.6,-172674,-22258,73.82
2024-03-20,107.5,2664.205554,1800.182717,185.748823,79.73,0.2,10260.1,297.4,1123.6,-172674,-22258,73.82
2024-03-21,108.5,2672.944691,1800.182717,184.7991005,79.73,0.2,10260.1,297.4,1123.6,-172674,-22258,73.82
2024-03-22,108.5,2686.744137,1800.182717,185.4185785,79.73,0.2,10260.1,297.4,1123.6,-172674,-22258,73.82
2024-03-25,107.5,2679.093918,1814.850833,185.8856419,79.73,0.2,10260.1,297.4,1123.6,-172674,-22258,73.82
2024-03-26,105.5,2692.130366,1814.850833,185.7735485,79.73,0.2,10260.1,297.4,1123.6,-172674,-22258,73.82
2024-03-27,104.5,2691.124157,1814.850833,186.0786757,79.73,0.2,10260.1,297.4,1123.6,-172674,-22258,73.82
2024-03-28,104.5,2669.820619,1814.850833,186.8028512,79.73,0.2,10260.1,297.4,1123.6,-172674,-22258,73.82
2024-03-29,104.5,2670.898507,1814.850833,186.7847564,79.73,0.2,10260.1,297.4,1123.6,-172674,-22258,73.82
2024-04-01,104.5,2654.376646,1793.937677,186.323286,76.95,38.1,9062.7,746.7,2650.6,-144357,-41877,71.25
2024-04-02,105.5,2629.592634,1793.937677,187.4946419,76.95,38.1,9062.7,746.7,2650.6,-144357,-41877,71.25
2024-04-03,106.5,2674.831583,1793.937677,186.7609634,76.95,38.1,9062.7,746.7,2650.6,-144357,-41877,71.25
2024-04-08,109.5,2707.200462,1786.619071,186.7231818,76.95,38.1,9062.7,746.7,2650.6,-144357,-41877,71.25
2024-04-09,109.5,2721.629125,1786.619071,187.3134368,76.95,38.1,9062.7,746.7,2650.6,-144357,-41877,71.25
2024-04-10,110.5,2743.248054,1786.619071,186.5020034,76.95,38.1,9062.7,746.7,2650.6,-144357,-41877,71.25
2024-04-11,109.5,2772.734806,1786.619071,188.5860446,76.95,38.1,9062.7,746.7,2650.6,-144357,-41877,71.25
2024-04-12,109.5,2764.242287,1786.619071,189.0352244,76.95,38.1,9062.7,746.7,2650.6,-144357,-41877,71.25
2024-04-15,109.5,2809.298354,1822.317222,190.6697422,76.95,38.1,9062.7,746.7,2650.6,-144357,-41877,71.25
2024-04-16,109.5,2841.79547,1822.317222,191.7465865,76.95,38.1,9062.7,746.7,2650.6,-144357,-41877,71.25
2024-04-17,109.5,2833.678033,1822.317222,191.7221737,76.95,38.1,9062.7,746.7,2650.6,-144357,-41877,71.25
2024-04-18,109.5,2875.646299,1822.317222,190.6126549,76.95,38.1,9062.7,746.7,2650.6,-144357,-41877,71.25
2024-04-19,109.5,2922.887728,1822.317222,190.6117448,76.95,38.1,9062.7,746.7,2650.6,-144357,-41877,71.25
2024-04-22,109.5,2946.20973,1819.96407,189.7850748,76.95,38.1,9062.7,746.7,2650.6,-144357,-41877,71.25
2024-04-23,109.5,2929.47753,1819.96407,190.381774,76.95,38.1,9062.7,746.7,2650.6,-144357,-41877,71.25
2024-04-24,109.5,2886.010511,1819.96407,189.1752295,76.95,38.1,9062.7,746.7,2650.6,-144357,-41877,71.25
2024-04-25,109.5,2895.915528,1819.96407,190.0789496,76.95,38.1,9062.7,746.7,2650.6,-144357,-41877,71.25
2024-04-26,109.5,2917.287957,1819.96407,189.4979683,76.95,38.1,9062.7,746.7,2650.6,-144357,-41877,71.25
2024-04-29,109.5,2909.741785,1825.673769,190.0850289,76.95,38.1,9062.7,746.7,2650.6,-144357,-41877,71.25
2024-04-30,109.5,2916.819251,1825.673769,189.9277419,76.95,38.1,9062.7,746.7,2650.6,-144357,-41877,71.25
2024-05-06,109.5,2924.666049,1845.637548,187.2598983,74.94,4.5,9358.9,504.6,2793.1,-160053,-41902,69.38
2024-05-07,109.5,2926.744285,1845.637548,187.5929536,74.94,4.5,9358.9,504.6,2793.1,-160053,-41902,69.38
2024-05-08,109.5,2947.205125,1845.637548,188.0929264,74.94,4.5,9358.9,504.6,2793.1,-160053,-41902,69.38
2024-05-09,108.5,2918.406309,1845.637548,188.5351071,74.94,4.5,9358.9,504.6,2793.1,-160053,-41902,69.38
2024-05-10,106.5,2898.537472,1845.637548,189.1476356,74.94,4.5,9358.9,504.6,2793.1,-160053,-41902,69.38
2024-05-13,106.5,2916.080354,1845.162442,189.6136038,74.94,4.5,9358.9,504.6,2793.1,-160053,-41902,69.38
2024-05-14,106.5,2904.495116,1845.162442,188.5693453,74.94,4.5,9358.9,504.6,2793.1,-160053,-41902,69.38
2024-05-15,103.5,2883.468771,1845.162442,188.3978936,74.94,4.5,9358.9,504.6,2793.1,-160053,-41902,69.38
2024-05-16,103.5,2908.732163,1845.162442,187.5389632,74.94,4.5,9358.9,504.6,2793.1,-160053,-41902,69.38
2024-05-17,103.5,2923.022685,1845.162442,186.5096353,74.94,4.5,9358.9,504.6,2793.1,-160053,-41902,69.38
2024-05-20,103.5,2962.905545,1815.483543,187.3800646,74.94,4.5,9358.9,504.6,2793.1,-160053,-41902,69.38
