기준일,기준가격,광물종합지수,메이저금속지수,환율,시장전망지표,무역수지,수출 중량,수출 금액,수입 중량,수입 금액,수급안정화지수
2021-06-09,18088,2407.510943,2494.113774,1116.890015,12.57,-26962,0,0,311072.1,26962,12.08
2021-06-10,17783,2436.458355,2523.494802,1116.410034,12.57,-26962,0,0,311072.1,26962,12.08
2021-06-11,18303,2452.915918,2519.403176,1111.26001,12.57,-26962,0,0,311072.1,26962,12.08
2021-06-14,18276,2498.367968,2567.594194,1115.550049,12.57,-26962,0,0,311072.1,26962,12.08
2021-06-15,17909,2496.551463,2564.669309,1116.319946,12.57,-26962,0,0,311072.1,26962,12.08
2021-06-16,17483,2466.150328,2519.217035,1116.030029,12.57,-26962,0,0,311072.1,26962,12.08
2021-06-17,17287,2465.56547,2507.49053,1131.949951,12.57,-26962,0,0,311072.1,26962,12.08
2021-06-18,17320,2460.78941,2487.109064,1133.540039,12.57,-26962,0,0,311072.1,26962,12.08
2021-06-21,17310,2453.776789,2458.007353,1134.25,12.57,-26962,0,0,311072.1,26962,12.08
2021-06-22,17701,2421.023478,2414.755282,1130.339966,12.57,-26962,0,0,311072.1,26962,12.08
2021-06-23,17867,2429.371251,2417.7612,1132.51001,12.57,-26962,0,0,311072.1,26962,12.08
2021-06-24,18192,2459.435097,2444.398586,1132.609985,12.57,-26962,0,0,311072.1,26962,12.08
2021-06-25,18611,2489.125328,2468.553878,1130.800049,12.57,-26962,0,0,311072.1,26962,12.08
2021-06-28,18358,2513.630383,2491.645297,1125.339966,12.57,-26962,0,0,311072.1,26962,12.08
2021-06-29,18213,2493.107224,2492.771949,1129.040039,12.57,-26962,0,0,311072.1,26962,12.08
2021-06-30,18450,2502.320961,2507.107383,1130.51001,12.57,-26962,0,0,311072.1,26962,12.08
2021-07-01,18082,2494.018102,2514.09735,1129.599976,11.75,-31012,35.1,15,292084,31027,11.3
2021-07-02,18141,2493.491316,2498.480242,1132.410034,11.75,-31012,35.1,15,292084,31027,11.3
2021-07-05,18370,2502.960118,2503.772919,1129.77002,11.75,-31012,35.1,15,292084,31027,11.3
2021-07-06,18541,2544.846667,2543.481563,1129.439941,11.75,-31012,35.1,15,292084,31027,11.3
2021-07-07,18309,2541.783908,2565.22469,1135.47998,11.75,-31012,35.1,15,292084,31027,11.3
2021-07-08,18180,2520.210657,2546.717262,1140.52002,11.75,-31012,35.1,15,292084,31027,11.3
2021-07-09,18673,2498.536723,2499.937415,1146.280029,11.75,-31012,35.1,15,292084,31027,11.3
2021-07-12,18566,2483.036305,2517.428488,1144.310059,11.75,-31012,35.1,15,292084,31027,11.3
2021-07-13,18785,2481.488963,2507.134563,1141.099976,11.75,-31012,35.1,15,292084,31027,11.3
2021-07-14,18689,2514.98717,2525.436194,1148.699951,11.75,-31012,35.1,15,292084,31027,11.3
2021-07-15,18695,2538.227519,2535.961052,1143.410034,11.75,-31012,35.1,15,292084,31027,11.3
2021-07-16,18895,2547.131936,2537.773862,1140.119995,11.75,-31012,35.1,15,292084,31027,11.3
2021-07-19,18866,2578.960621,2558.634347,1141.5,11.75,-31012,35.1,15,292084,31027,11.3
2021-07-20,18570,2558.310606,2517.415782,1150.069946,11.75,-31012,35.1,15,292084,31027,11.3
2021-07-21,18382,2547.505947,2510.533925,1147.47998,11.75,-31012,35.1,15,292084,31027,11.3
2021-07-22,18870,2548.877636,2507.019561,1148.689941,11.75,-31012,35.1,15,292084,31027,11.3
2021-07-23,19267,2533.774224,2501.355015,1149.910034,11.75,-31012,35.1,15,292084,31027,11.3
2021-07-26,19482,2545.530409,2514.584462,1151.119995,11.75,-31012,35.1,15,292084,31027,11.3
2021-07-27,19368,2572.042436,2537.51711,1151.76001,11.75,-31012,35.1,15,292084,31027,11.3
2021-07-28,19583,2577.70537,2538.391296,1153.560059,11.75,-31012,35.1,15,292084,31027,11.3
2021-07-29,19769,2587.23806,2542.285055,1149.410034,11.75,-31012,35.1,15,292084,31027,11.3
2021-07-30,19892,2604.019229,2557.982907,1142.119995,11.75,-31012,35.1,15,292084,31027,11.3
2021-08-02,19725,2610.779956,2543.599828,1150.930054,9.43,-38193,0,0,355608,38193,9.07
2021-08-03,19324,2609.217786,2544.327242,1149.560059,9.43,-38193,0,0,355608,38193,9.07
2021-08-04,19448,2591.609331,2525.443674,1148.579956,9.43,-38193,0,0,355608,38193,9.07
2021-08-05,19279,2593.787883,2516.580542,1144.060059,9.43,-38193,0,0,355608,38193,9.07
2021-08-06,19533,2579.166163,2472.146473,1143.119995,9.43,-38193,0,0,355608,38193,9.07
2021-08-09,18748,2608.60048,2488.821949,1144.920044,9.43,-38193,0,0,355608,38193,9.07
2021-08-10,18718,2600.334859,2439.912966,1145.890015,9.43,-38193,0,0,355608,38193,9.07
2021-08-11,18885,2583.193494,2425.779731,1152.47998,9.43,-38193,0,0,355608,38193,9.07
2021-08-12,19540,2588.317173,2443.224032,1152.849976,9.43,-38193,0,0,355608,38193,9.07
2021-08-13,19650,2607.986668,2455.744731,1162.060059,9.43,-38193,0,0,355608,38193,9.07
2021-08-16,19505,2611.001738,2452.157182,1161.380005,9.43,-38193,0,0,355608,38193,9.07
2021-08-17,19470,2623.611668,2461.411956,1164.5,9.43,-38193,0,0,355608,38193,9.07
2021-08-18,19019,2601.482515,2447.030241,1176.449951,9.43,-38193,0,0,355608,38193,9.07
2021-08-19,18476,2577.312,2398.323036,1169.680054,9.43,-38193,0,0,355608,38193,9.07
2021-08-20,18569,2483.061895,2275.368777,1175.390015,9.43,-38193,0,0,355608,38193,9.07
2021-08-23,18895,2510.761269,2322.364574,1174.23999,9.43,-38193,0,0,355608,38193,9.07
2021-08-24,19065,2538.973392,2341.516779,1167.609985,9.43,-38193,0,0,355608,38193,9.07
2021-08-25,19225,2596.592887,2394.61746,1163.469971,9.43,-38193,0,0,355608,38193,9.07
2021-08-26,18868,2620.763682,2416.424754,1163.329956,9.43,-38193,0,0,355608,38193,9.07
2021-08-27,18914,2629.343996,2416.700668,1170,9.43,-38193,0,0,355608,38193,9.07
2021-08-31,19513,2662.61886,2444.337672,1165.51001,9.43,-38193,0,0,355608,38193,9.07
2021-09-01,19541,2676.096434,2455.733708,1158.410034,9.44,-39324,0,0,365787,39324,9.08
2021-09-02,19365,2641.074184,2392.104094,1155.280029,9.44,-39324,0,0,365787,39324,9.08
2021-09-03,19494,2658.014736,2394.149149,1157.130005,9.44,-39324,0,0,365787,39324,9.08
2021-09-06,19640,2684.488698,2405.719626,1154.75,9.44,-39324,0,0,365787,39324,9.08
2021-09-07,19555,2668.408453,2375.194113,1155.540039,9.44,-39324,0,0,365787,39324,9.08
2021-09-08,19725,2680.220681,2389.905286,1161,9.44,-39324,0,0,365787,39324,9.08
2021-09-09,20240,2672.456711,2373.440877,1166.48999,9.44,-39324,0,0,365787,39324,9.08
2021-09-10,20375,2687.380082,2387.020987,1169.130005,9.44,-39324,0,0,365787,39324,9.08
2021-09-13,19930,2733.659123,2420.006191,1169.380005,9.44,-39324,0,0,365787,39324,9.08
2021-09-14,19640,2727.331208,2404.780479,1171.109985,9.44,-39324,0,0,365787,39324,9.08
2021-09-15,19850,2678.343643,2349.068872,1170.800049,9.44,-39324,0,0,365787,39324,9.08
2021-09-16,19530,2670.8981,2337.809399,1165.219971,9.44,-39324,0,0,365787,39324,9.08
2021-09-17,20060,2627.354807,2288.537777,1174.420044,9.44,-39324,0,0,365787,39324,9.08
2021-09-20,19080,2638.483063,2280.239178,1181.109985,9.44,-39324,0,0,365787,39324,9.08
2021-09-21,18910,2572.472455,2184.622732,1186.319946,9.44,-39324,0,0,365787,39324,9.08
2021-09-22,19080,2568.787705,2184.369788,1182.920044,9.44,-39324,0,0,365787,39324,9.08
2021-09-23,19235,2665.196685,2283.079841,1181.030029,9.44,-39324,0,0,365787,39324,9.08
2021-09-24,19180,2704.062986,2297.02232,1174.699951,9.44,-39324,0,0,365787,39324,9.08
2021-09-27,18910,2718.900965,2310.465021,1179.199951,9.44,-39324,0,0,365787,39324,9.08
2021-09-28,18620,2780.847605,2347.107834,1176.959961,9.44,-39324,0,0,365787,39324,9.08
2021-09-29,18625,2766.002893,2309.995439,1186.890015,9.44,-39324,0,0,365787,39324,9.08
2021-09-30,18180,2785.211482,2318.195122,1187.430054,9.44,-39324,0,0,365787,39324,9.08
2021-10-01,18125,2773.673687,2304.040578,1183.719971,9.15,-27437,0,0,175318.9,27437,8.79
2021-10-04,18140,2801.897615,2297.897703,1180,9.15,-27437,0,0,175318.9,27437,8.79
2021-10-05,17800,2871.467901,2323.316196,1183.780029,9.15,-27437,0,0,175318.9,27437,8.79
2021-10-06,18095,2903.935672,2307.907893,1187.170044,9.15,-27437,0,0,175318.9,27437,8.79
2021-10-07,18240,2823.032618,2309.528188,1191.380005,9.15,-27437,0,0,175318.9,27437,8.79
2021-10-08,18870,2823.655069,2324.36201,1191.150024,9.15,-27437,0,0,175318.9,27437,8.79
2021-10-11,19420,2860.247889,2371.276826,1195.579956,9.15,-27437,0,0,175318.9,27437,8.79
2021-10-12,19375,2994.413641,2481.412335,1195.800049,9.15,-27437,0,0,175318.9,27437,8.79
2021-10-13,19235,3015.549436,2470.630427,1196.890015,9.15,-27437,0,0,175318.9,27437,8.79
2021-10-14,19290,3007.404935,2472.114555,1186.709961,9.15,-27437,0,0,175318.9,27437,8.79
2021-10-15,19860,3044.024671,2526.225692,1182.130005,9.15,-27437,0,0,175318.9,27437,8.79
2021-10-18,20215,3086.644397,2589.227444,1181.790039,9.15,-27437,0,0,175318.9,27437,8.79
2021-10-19,20455,3073.746503,2592.096311,1185.680054,9.15,-27437,0,0,175318.9,27437,8.79
2021-10-20,20035,3045.634074,2595.008117,1175.650024,9.15,-27437,0,0,175318.9,27437,8.79
2021-10-21,20530,2961.035323,2525.349385,1174.589966,9.15,-27437,0,0,175318.9,27437,8.79
2021-10-22,20355,2817.93646,2480.003196,1176.550049,9.15,-27437,0,0,175318.9,27437,8.79
2021-10-25,20135,2837.518884,2468.72304,1176.540039,9.15,-27437,0,0,175318.9,27437,8.79
2021-10-26,20495,2875.983966,2466.621135,1167.060059,9.15,-27437,0,0,175318.9,27437,8.79
2021-10-27,19850,2869.244214,2454.413793,1167.329956,9.15,-27437,0,0,175318.9,27437,8.79
2021-10-28,19825,2774.196109,2393.259811,1172.170044,9.15,-27437,0,0,175318.9,27437,8.79
2021-10-29,19480,2696.182048,2366.358376,1167.369995,9.15,-27437,0,0,175318.9,27437,8.79
2021-11-01,19650,2614.225342,2341.191492,1174.380005,8.22,-42893,0,0,343960,42893,7.9
2021-11-02,19825,2555.863993,2320.570613,1176.569946,8.22,-42893,0,0,343960,42893,7.9
2021-11-03,19780,2513.569325,2267.129609,1178.040039,8.22,-42893,0,0,343960,42893,7.9
2021-11-04,19590,2613.691474,2296.321553,1179.339966,8.22,-42893,0,0,343960,42893,7.9
2021-11-05,19270,2583.233885,2275.170823,1185.829956,8.22,-42893,0,0,343960,42893,7.9
2021-11-08,19625,2519.596197,2189.788243,1180.5,8.22,-42893,0,0,343960,42893,7.9
2021-11-09,19720,2570.266197,2216.628996,1199.859985,8.22,-42893,0,0,343960,42893,7.9
2021-11-10,19635,2561.416789,2232.350392,1177.5,8.22,-42893,0,0,343960,42893,7.9
2021-11-11,19850,2496.748825,2188.825499,1184.140015,8.22,-42893,0,0,343960,42893,7.9
2021-11-12,19950,2541.758019,2239.727723,1183.109985,8.22,-42893,0,0,343960,42893,7.9
2021-11-15,19950,2527.245722,2229.940127,1179.109985,8.22,-42893,0,0,343960,42893,7.9
2021-11-16,19675,2507.206329,2225.563095,1183.51001,8.22,-42893,0,0,343960,42893,7.9
2021-11-17,19575,2495.09592,2202.01777,1184.050049,8.22,-42893,0,0,343960,42893,7.9
2021-11-18,19295,2487.831012,2193.873771,1181.22998,8.22,-42893,0,0,343960,42893,7.9
2021-11-19,19980,2473.064842,2157.888464,1182.900024,8.22,-42893,0,0,343960,42893,7.9
2021-11-22,20270,2519.134495,2210.382081,1191.630005,8.22,-42893,0,0,343960,42893,7.9
2021-11-23,20590,2569.466881,2243.134085,1189.5,8.22,-42893,0,0,343960,42893,7.9
2021-11-24,21135,2639.723671,2293.911759,1189.949951,8.22,-42893,0,0,343960,42893,7.9
2021-11-25,21075,2694.698885,2320.620904,1187.880005,8.22,-42893,0,0,343960,42893,7.9
2021-11-26,20235,2719.04557,2334.336805,1190.219971,8.22,-42893,0,0,343960,42893,7.9
2021-11-29,20350,2623.529398,2242.617294,1194.609985,8.22,-42893,0,0,343960,42893,7.9
2021-11-30,20190,2614.140691,2297.73292,1190.73999,8.22,-42893,0,0,343960,42893,7.9
2021-12-01,20410,2541.768626,2279.832771,1182.859985,10.56,-42275,0,0,352606,42275,10.16
2021-12-02,20190,2591.556008,2293.906522,1177.109985,10.56,-42275,0,0,352606,42275,10.16
2021-12-03,20290,2582.82628,2269.652724,1176.77002,10.56,-42275,0,0,352606,42275,10.16
2021-12-06,19980,2567.712423,2268.220339,1183.140015,10.56,-42275,0,0,352606,42275,10.16
2021-12-07,20305,2540.28312,2252.073658,1180.560059,10.56,-42275,0,0,352606,42275,10.16
2021-12-08,20430,2608.197169,2313.868158,1176.839966,10.56,-42275,0,0,352606,42275,10.16
2021-12-09,19975,2636.943301,2313.891043,1172.560059,10.56,-42275,0,0,352606,42275,10.16
2021-12-10,19960,2632.723096,2307.081757,1177.329956,10.56,-42275,0,0,352606,42275,10.16
2021-12-13,19905,2635.997773,2296.119992,1178.969971,10.56,-42275,0,0,352606,42275,10.16
2021-12-14,19750,2673.43959,2341.960243,1185.099976,10.56,-42275,0,0,352606,42275,10.16
2021-12-15,19330,2672.389989,2316.168508,1184.22998,10.56,-42275,0,0,352606,42275,10.16
2021-12-16,19585,2646.846579,2281.265838,1184.400024,10.56,-42275,0,0,352606,42275,10.16
2021-12-17,19840,2722.594468,2339.776221,1186.150024,10.56,-42275,0,0,352606,42275,10.16
2021-12-20,19370,2760.427416,2374.798913,1186.390015,10.56,-42275,0,0,352606,42275,10.16
2021-12-21,19750,2769.444626,2368.169215,1190.119995,10.56,-42275,0,0,352606,42275,10.16
2021-12-22,19985,2796.794118,2407.277758,1191.27002,10.56,-42275,0,0,352606,42275,10.16
2021-12-23,20180,2809.228196,2436.445286,1187.77002,10.56,-42275,0,0,352606,42275,10.16
2021-12-24,20295,2801.467793,2452.027969,1185.5,10.56,-42275,0,0,352606,42275,10.16
2021-12-29,20320,2771.694355,2427.982121,1187.849976,10.56,-42275,0,0,352606,42275,10.16
2021-12-30,20700,2734.570114,2422.728012,1183.670044,10.56,-42275,0,0,352606,42275,10.16
2021-12-31,20925,2732.838089,2436.649303,1189.890015,10.56,-42275,0,0,352606,42275,10.16
2022-01-04,20730,2767.365497,2447.373901,1194.680054,9.16,-21087,0,0,187410.1,21087,8.81
2022-01-05,20900,2788.914006,2448.227214,1196.5,9.16,-21087,0,0,187410.1,21087,8.81
2022-01-06,20480,2811.658547,2474.135864,1199.25,9.16,-21087,0,0,187410.1,21087,8.81
2022-01-07,20725,2875.717955,2480.646669,1205.780029,9.16,-21087,0,0,187410.1,21087,8.81
2022-01-10,21045,2875.854446,2495.309217,1196.880005,9.16,-21087,0,0,187410.1,21087,8.81
2022-01-11,21680,2858.528465,2497.154505,1198.089966,9.16,-21087,0,0,187410.1,21087,8.81
2022-01-12,22200,2861.429867,2511.748832,1189.430054,9.16,-21087,0,0,187410.1,21087,8.81
2022-01-13,22130,2928.586903,2573.742777,1185.880005,9.16,-21087,0,0,187410.1,21087,8.81
2022-01-14,22850,2977.096807,2566.333075,1186.609985,9.16,-21087,0,0,187410.1,21087,8.81
2022-01-17,22475,2995.19195,2546.102799,1188.959961,9.16,-21087,0,0,187410.1,21087,8.81
2022-01-18,22740,3016.314728,2522.153887,1190.060059,9.16,-21087,0,0,187410.1,21087,8.81
2022-01-19,22795,3023.556327,2535.951273,1192.97998,9.16,-21087,0,0,187410.1,21087,8.81
2022-01-20,23900,3053.123453,2569.339617,1188.160034,9.16,-21087,0,0,187410.1,21087,8.81
2022-01-21,24000,3071.471499,2625.365838,1192.430054,9.16,-21087,0,0,187410.1,21087,8.81
2022-01-24,23500,3110.784265,2636.428989,1191.5,9.16,-21087,0,0,187410.1,21087,8.81
2022-01-25,22535,3086.856265,2591.107481,1195.660034,9.16,-21087,0,0,187410.1,21087,8.81
2022-01-26,23425,3102.525443,2602.953037,1196.099976,9.16,-21087,0,0,187410.1,21087,8.81
2022-01-27,22860,3155.900789,2635.32494,1200.630005,9.16,-21087,0,0,187410.1,21087,8.81
2022-01-28,22750,3141.159763,2630.404355,1203.459961,9.16,-21087,0,0,187410.1,21087,8.81
2022-01-31,22800,3155.461921,2647.558869,1207.709961,9.16,-21087,0,0,187410.1,21087,8.81
2022-02-01,23300,3136.177572,2633.948478,1205.119995,7.7,-13904,0,0,120257,13904,7.4
2022-02-02,23400,3127.018457,2637.423455,1202.5,7.7,-13904,0,0,120257,13904,7.4
2022-02-03,23225,3137.547352,2644.415361,1199.959961,7.7,-13904,0,0,120257,13904,7.4
2022-02-04,23475,3133.946294,2636.682605,1200.329956,7.7,-13904,0,0,120257,13904,7.4
2022-02-07,23650,3162.285922,2652.099649,1197.089966,7.7,-13904,0,0,120257,13904,7.4
2022-02-08,23530,3200.525097,2669.516955,1196.849976,7.7,-13904,0,0,120257,13904,7.4
2022-02-09,23550,3238.880267,2692.971593,1196.359985,7.7,-13904,0,0,120257,13904,7.4
2022-02-10,24055,3236.26988,2691.030297,1194.030029,7.7,-13904,0,0,120257,13904,7.4
2022-02-11,23705,3231.639186,2773.338439,1199.349976,7.7,-13904,0,0,120257,13904,7.4
2022-02-14,23650,3279.688389,2712.097262,1199.23999,7.7,-13904,0,0,120257,13904,7.4
2022-02-15,23950,3212.797536,2719.492426,1197.359985,7.7,-13904,0,0,120257,13904,7.4
2022-02-16,23905,3162.30021,2655.906058,1196.829956,7.7,-13904,0,0,120257,13904,7.4
2022-02-17,24150,3233.97952,2674.897481,1196.75,7.7,-13904,0,0,120257,13904,7.4
2022-02-18,24500,3244.161141,2695.947364,1198.660034,7.7,-13904,0,0,120257,13904,7.4
2022-02-21,24870,3162.380775,2668.109501,1195.069946,7.7,-13904,0,0,120257,13904,7.4
2022-02-22,25650,3190.131968,2665.349387,1194.680054,7.7,-13904,0,0,120257,13904,7.4
2022-02-23,24950,3279.613296,2722.388014,1192.680054,7.7,-13904,0,0,120257,13904,7.4
2022-02-24,26105,3293.737332,2695.489249,1192.400024,7.7,-13904,0,0,120257,13904,7.4
2022-02-25,24700,3426.537774,2758.029174,1206,7.7,-13904,0,0,120257,13904,7.4
2022-02-28,25240,3344.260071,2705.783315,1197.589966,7.7,-13904,0,0,120257,13904,7.4
2022-03-01,25450,3431.758631,2746.583091,1200.930054,6.49,-13439,45.6,64,109901,13502,6.24
2022-03-02,27000,3539.906454,2761.522969,1205.369995,6.49,-13439,45.6,64,109901,13502,6.24
2022-03-03,28800,3900.406806,2857.932405,1203.150024,6.49,-13439,45.6,64,109901,13502,6.24
2022-03-04,29800,3856.392767,2957.507438,1205.98999,6.49,-13439,45.6,64,109901,13502,6.24
2022-03-07,42995,4010.222777,2995.360069,1216.709961,6.49,-13439,45.6,64,109901,13502,6.24
2022-03-08,30800,4212.575581,3151.168208,1232.300049,6.49,-13439,45.6,64,109901,13502,6.24
2022-03-09,30800,4095.184037,3033.305065,1233.109985,6.49,-13439,45.6,64,109901,13502,6.24
2022-03-10,30800,4082.886259,3012.375135,1223.22998,6.49,-13439,45.6,64,109901,13502,6.24
2022-03-11,30800,3966.655828,3005.800331,1228.599976,6.49,-13439,45.6,64,109901,13502,6.24
2022-03-14,30800,3966.836146,2973.40569,1236.890015,6.49,-13439,45.6,64,109901,13502,6.24
2022-03-15,30800,3851.166569,2914.887582,1242.050049,6.49,-13439,45.6,64,109901,13502,6.24
2022-03-16,30800,3684.040869,2812.446524,1241.680054,6.49,-13439,45.6,64,109901,13502,6.24
2022-03-17,30800,3591.35838,2825.225125,1223,6.49,-13439,45.6,64,109901,13502,6.24
2022-03-18,30800,3595.52342,2865.855986,1210.329956,6.49,-13439,45.6,64,109901,13502,6.24
2022-03-21,30800,3632.140519,2899.050391,1210.369995,6.49,-13439,45.6,64,109901,13502,6.24
2022-03-22,30800,3622.699182,2950.129475,1219.780029,6.49,-13439,45.6,64,109901,13502,6.24
2022-03-23,35550,3682.954247,2920.22696,1214.949951,6.49,-13439,45.6,64,109901,13502,6.24
2022-03-24,35550,3723.581048,2911.473286,1218.01001,6.49,-13439,45.6,64,109901,13502,6.24
2022-03-25,35550,3811.471115,2990.626694,1217.550049,6.49,-13439,45.6,64,109901,13502,6.24
2022-03-28,34050,3766.183559,2949.642152,1224.380005,6.49,-13439,45.6,64,109901,13502,6.24
2022-03-29,33100,3773.077672,2968.576853,1223.660034,6.49,-13439,45.6,64,109901,13502,6.24
2022-03-30,32750,3765.221779,2973.035482,1209.130005,6.49,-13439,45.6,64,109901,13502,6.24
2022-03-31,33400,3780.208675,2968.489211,1210.439941,6.49,-13439,45.6,64,109901,13502,6.24
2022-04-01,32800,3807.020314,3001.383062,1214.5,6.59,-28983,61.9,143,210657.6,29125,6.34
2022-04-04,33690,3802.775263,2992.077343,1218.780029,6.59,-28983,61.9,143,210657.6,29125,6.34
2022-04-05,33750,3829.200859,3007.304496,1213.900024,6.59,-28983,61.9,143,210657.6,29125,6.34
2022-04-06,33600,3867.332916,2999.49205,1218.75,6.59,-28983,61.9,143,210657.6,29125,6.34
2022-04-07,33500,3880.826025,2999.866307,1217.599976,6.59,-28983,61.9,143,210657.6,29125,6.34
2022-04-08,34100,3839.539694,2963.050288,1222.660034,6.59,-28983,61.9,143,210657.6,29125,6.34
2022-04-11,32925,3878.507676,2977.272308,1228.23999,6.59,-28983,61.9,143,210657.6,29125,6.34
2022-04-12,32450,3815.210838,2912.710324,1235.050049,6.59,-28983,61.9,143,210657.6,29125,6.34
2022-04-13,33000,3839.199678,2887.118148,1228.599976,6.59,-28983,61.9,143,210657.6,29125,6.34
2022-04-14,33250,3880.814975,2924.659023,1223.119995,6.59,-28983,61.9,143,210657.6,29125,6.34
2022-04-19,33700,3874.179565,2922.110529,1235.349976,6.59,-28983,61.9,143,210657.6,29125,6.34
2022-04-20,33800,3926.170098,2953.48349,1239.599976,6.59,-28983,61.9,143,210657.6,29125,6.34
2022-04-21,33775,3890.177713,2907.506127,1234.089966,6.59,-28983,61.9,143,210657.6,29125,6.34
2022-04-22,33850,3907.029452,2916.505912,1242.48999,6.59,-28983,61.9,143,210657.6,29125,6.34
2022-04-25,32650,3890.24367,2907.879237,1243.160034,6.59,-28983,61.9,143,210657.6,29125,6.34
2022-04-26,32825,3830.49345,2824.087973,1249.209961,6.59,-28983,61.9,143,210657.6,29125,6.34
2022-04-27,33300,3790.893153,2829.489621,1260.709961,6.59,-28983,61.9,143,210657.6,29125,6.34
2022-04-28,33275,3739.781916,2777.31199,1266.280029,6.59,-28983,61.9,143,210657.6,29125,6.34
2022-04-29,32430,3708.614154,2753.036567,1272.290039,6.59,-28983,61.9,143,210657.6,29125,6.34
2022-05-03,30910,3666.119397,2757.623953,1266.75,8.44,-52058,0,0,308722,52058,8.12
2022-05-04,30385,3663.180509,2685.161431,1261.060059,8.44,-52058,0,0,308722,52058,8.12
2022-05-05,30200,3732.409201,2686.111785,1251.5,8.44,-52058,0,0,308722,52058,8.12
2022-05-06,29930,3766.158518,2691.738068,1268.699951,8.44,-52058,0,0,308722,52058,8.12
2022-05-09,28400,3730.24108,2649.342755,1270.130005,8.44,-52058,0,0,308722,52058,8.12
2022-05-10,27760,3617.197369,2542.059802,1274.859985,8.44,-52058,0,0,308722,52058,8.12
2022-05-11,27800,3578.327191,2504.72743,1276.550049,8.44,-52058,0,0,308722,52058,8.12
2022-05-12,27600,3599.790745,2507.56966,1278.150024,8.44,-52058,0,0,308722,52058,8.12
2022-05-13,27425,3585.999699,2487.102312,1290.75,8.44,-52058,0,0,308722,52058,8.12
2022-05-16,26105,3561.058707,2468.523791,1277.569946,8.44,-52058,0,0,308722,52058,8.12
2022-05-17,26300,3621.593825,2507.251856,1279.849976,8.44,-52058,0,0,308722,52058,8.12
2022-05-18,26180,3674.094012,2534.514711,1266.660034,8.44,-52058,0,0,308722,52058,8.12
2022-05-19,26125,3657.240187,2526.089874,1275.579956,8.44,-52058,0,0,308722,52058,8.12
2022-05-20,27950,3633.023858,2507.058718,1263.550049,8.44,-52058,0,0,308722,52058,8.12
2022-05-23,26800,3704.851834,2578.852063,1273.209961,8.44,-52058,0,0,308722,52058,8.12
2022-05-24,26280,3732.732282,2617.425429,1258.819946,8.44,-52058,0,0,308722,52058,8.12
2022-05-25,26725,3647.863254,2596.326884,1260.98999,8.44,-52058,0,0,308722,52058,8.12
2022-05-26,27550,3563.40613,2547.128014,1266.599976,8.44,-52058,0,0,308722,52058,8.12
2022-05-27,27850,3571.654739,2560.891524,1258.890015,8.44,-52058,0,0,308722,52058,8.12
2022-05-30,29975,3599.058556,2560.932741,1251.589966,8.44,-52058,0,0,308722,52058,8.12
2022-05-31,28700,3719.797488,2626.078778,1236.170044,8.44,-52058,0,0,308722,52058,8.12
2022-06-01,27710,3763.592951,2619.178871,1241.73999,7.89,-60428,0,0,355339,60428,7.59
2022-06-06,29400,3725.586595,2588.666301,1250.530029,7.89,-60428,0,0,355339,60428,7.59
2022-06-07,29050,3756.866134,2642.5814,1254.47998,7.89,-60428,0,0,355339,60428,7.59
2022-06-08,28860,3687.230981,2614.284181,1254.579956,7.89,-60428,0,0,355339,60428,7.59
2022-06-09,28055,3707.837462,2640.228672,1256.73999,7.89,-60428,0,0,355339,60428,7.59
2022-06-10,27570,3686.858425,2625.53902,1264.02002,7.89,-60428,0,0,355339,60428,7.59
2022-06-13,26390,3624.165844,2587.355296,1278.280029,7.89,-60428,0,0,355339,60428,7.59
2022-06-14,25500,3533.558016,2508.573518,1291.800049,7.89,-60428,0,0,355339,60428,7.59
2022-06-15,25650,3508.659451,2493.844802,1289.47998,7.89,-60428,0,0,355339,60428,7.59
2022-06-16,25425,3529.769963,2493.018056,1278.160034,7.89,-60428,0,0,355339,60428,7.59
2022-06-17,25435,3475.563691,2443.829626,1288.180054,7.89,-60428,0,0,355339,60428,7.59
2022-06-20,25230,3462.038568,2411.543293,1290.5,7.89,-60428,0,0,355339,60428,7.59
2022-06-21,25540,3422.692802,2344.514828,1292.380005,7.89,-60428,0,0,355339,60428,7.59
2022-06-22,24975,3454.97378,2368.692537,1291.599976,7.89,-60428,0,0,355339,60428,7.59
2022-06-23,24110,3395.535663,2307.223737,1297.680054,7.89,-60428,0,0,355339,60428,7.59
2022-06-24,22900,3381.907023,2287.92129,1299.810059,7.89,-60428,0,0,355339,60428,7.59
2022-06-27,23200,3321.181972,2243.963407,1288.290039,7.89,-60428,0,0,355339,60428,7.59
2022-06-28,23900,3355.6841,2271.803194,1286.199951,7.89,-60428,0,0,355339,60428,7.59
2022-06-29,24750,3408.188835,2316.853555,1292.030029,7.89,-60428,0,0,355339,60428,7.59
2022-06-30,23100,3395.303663,2315.893562,1301.72998,7.89,-60428,0,0,355339,60428,7.59
2022-07-01,21650,3343.461866,2259.430654,1287.709961,10.21,-25596,0,0,99980,25596,9.82
2022-07-04,22685,3253.569865,2196.769202,1297.890015,10.21,-25596,0,0,99980,25596,9.82
2022-07-05,21925,3272.969651,2204.591644,1295.680054,10.21,-25596,0,0,99980,25596,9.82
2022-07-06,22225,3232.626713,2159.86573,1308.660034,10.21,-25596,0,0,99980,25596,9.82
2022-07-07,22025,3212.936172,2139.107482,1304.849976,10.21,-25596,0,0,99980,25596,9.82
2022-07-08,21255,3302.364708,2199.437721,1297.650024,10.21,-25596,0,0,99980,25596,9.82
2022-07-11,21500,3294.661645,2190.869656,1293.790039,10.21,-25596,0,0,99980,25596,9.82
2022-07-12,21450,3275.792175,2168.18278,1310.859985,10.21,-25596,0,0,99980,25596,9.82
2022-07-13,21700,3235.142071,2120.57262,1305.829956,10.21,-25596,0,0,99980,25596,9.82
2022-07-14,20335,3200.558639,2104.194622,1304.849976,10.21,-25596,0,0,99980,25596,9.82
2022-07-15,19100,3153.782126,2078.503733,1316.180054,10.21,-25596,0,0,99980,25596,9.82
2022-07-18,20200,3034.994161,2015.307091,1318.119995,10.21,-25596,0,0,99980,25596,9.82
2022-07-19,21350,3052.453296,2071.504139,1318.910034,10.21,-25596,0,0,99980,25596,9.82
2022-07-20,21300,3100.960957,2088.298627,1305.5,10.21,-25596,0,0,99980,25596,9.82
2022-07-21,21200,3121.805085,2106.327553,1312.869995,10.21,-25596,0,0,99980,25596,9.82
2022-07-22,21530,3079.422728,2078.986425,1306.849976,10.21,-25596,0,0,99980,25596,9.82
2022-07-25,22550,3134.327202,2107.473083,1309.319946,10.21,-25596,0,0,99980,25596,9.82
2022-07-26,22320,3202.327735,2147.729646,1310.400024,10.21,-25596,0,0,99980,25596,9.82
2022-07-27,21300,3264.813571,2174.583702,1310.900024,10.21,-25596,0,0,99980,25596,9.82
2022-07-28,21500,3237.459035,2161.413905,1305.949951,10.21,-25596,0,0,99980,25596,9.82
2022-07-29,22050,3299.489294,2217.032069,1295.150024,10.21,-25596,0,0,99980,25596,9.82
2022-08-01,24025,3313.462598,2240.901529,1302.280029,17.08,-42411,0,0,280673.4,42411,16.42
2022-08-02,22825,3360.230602,2285.435716,1306.75,17.08,-42411,0,0,280673.4,42411,16.42
2022-08-03,22000,3336.783484,2262.354991,1314.630005,17.08,-42411,0,0,280673.4,42411,16.42
2022-08-04,22035,3303.188051,2235.927327,1307.380005,17.08,-42411,0,0,280673.4,42411,16.42
2022-08-05,22170,3254.592622,2207.70649,1302.079956,17.08,-42411,0,0,280673.4,42411,16.42
2022-08-08,21725,3260.625141,2252.751404,1302.73999,17.08,-42411,0,0,280673.4,42411,16.42
2022-08-09,21355,3243.187051,2223.218142,1299.030029,17.08,-42411,0,0,280673.4,42411,16.42
2022-08-10,21330,3297.145679,2255.313676,1307.560059,17.08,-42411,0,0,280673.4,42411,16.42
2022-08-11,23110,3296.857745,2241.750146,1296.699951,17.08,-42411,0,0,280673.4,42411,16.42
2022-08-12,23225,3345.619023,2288.728733,1306.829956,17.08,-42411,0,0,280673.4,42411,16.42
2022-08-15,21850,3339.464534,2268.909467,1301.380005,17.08,-42411,0,0,280673.4,42411,16.42
2022-08-16,22500,3289.250839,2217.810829,1313.180054,17.08,-42411,0,0,280673.4,42411,16.42
2022-08-17,22035,3319.249236,2254.390837,1311,17.08,-42411,0,0,280673.4,42411,16.42
2022-08-18,21850,3298.60171,2219.753675,1314.829956,17.08,-42411,0,0,280673.4,42411,16.42
2022-08-19,21575,3277.096785,2203.902764,1326.910034,17.08,-42411,0,0,280673.4,42411,16.42
2022-08-22,21810,3232.9519,2184.115834,1334.859985,17.08,-42411,0,0,280673.4,42411,16.42
2022-08-23,21780,3246.285803,2190.796103,1343.359985,17.08,-42411,0,0,280673.4,42411,16.42
2022-08-24,21350,3271.029023,2211.666993,1339.079956,17.08,-42411,0,0,280673.4,42411,16.42
2022-08-25,21250,3258.064014,2204.002707,1340,17.08,-42411,0,0,280673.4,42411,16.42
2022-08-26,21510,3290.981306,2228.507922,1334.439941,17.08,-42411,0,0,280673.4,42411,16.42
2022-08-30,21385,3333.421026,2260.660023,1345.72998,17.08,-42411,0,0,280673.4,42411,16.42
2022-08-31,21255,3240.242484,2187.555862,1350.189941,17.08,-42411,0,0,280673.4,42411,16.42
2022-09-01,20525,3208.816281,2148.695156,1342.26001,17.02,-27989,0,0,215580,27989,16.37
2022-09-02,20200,3176.114104,2112.298709,1355.099976,17.02,-27989,0,0,215580,27989,16.37
2022-09-05,21000,3151.884026,2077.44821,1361.51001,17.02,-27989,0,0,215580,27989,16.37
2022-09-06,21355,3204.604997,2098.628502,1361.810059,17.02,-27989,0,0,215580,27989,16.37
2022-09-07,21450,3205.983975,2104.625563,1378.109985,17.02,-27989,0,0,215580,27989,16.37
2022-09-08,21400,3175.728879,2090.158149,1374.310059,17.02,-27989,0,0,215580,27989,16.37
2022-09-09,22200,3208.595809,2117.568073,1383,17.02,-27989,0,0,215580,27989,16.37
2022-09-12,23325,3244.449745,2152.293238,1379.060059,17.02,-27989,0,0,215580,27989,16.37
2022-09-13,24655,3260.019244,2167.197545,1375.810059,17.02,-27989,0,0,215580,27989,16.37
2022-09-14,23755,3315.38032,2209.695248,1393.469971,17.02,-27989,0,0,215580,27989,16.37
2022-09-15,23310,3253.945625,2142.931964,1391.180054,17.02,-27989,0,0,215580,27989,16.37
2022-09-16,23500,3271.927416,2153.055241,1398.630005,17.02,-27989,0,0,215580,27989,16.37
2022-09-19,24610,3243.752342,2134.18947,1385.22998,17.02,-27989,0,0,215580,27989,16.37
2022-09-20,24750,3248.298661,2134.393899,1390.109985,17.02,-27989,0,0,215580,27989,16.37
2022-09-21,24860,3253.952605,2138.331001,1392.51001,17.02,-27989,0,0,215580,27989,16.37
2022-09-22,24525,3248.24271,2132.889398,1397.560059,17.02,-27989,0,0,215580,27989,16.37
2022-09-23,23135,3234.907331,2122.689774,1403.660034,17.02,-27989,0,0,215580,27989,16.37
2022-09-26,22150,3190.137005,2073.29311,1421.810059,17.02,-27989,0,0,215580,27989,16.37
2022-09-27,21890,3161.425913,2045.077242,1429.77002,17.02,-27989,0,0,215580,27989,16.37
2022-09-28,21225,3162.63845,2041.11841,1426.26001,17.02,-27989,0,0,215580,27989,16.37
2022-09-29,22900,3137.442996,2017.694973,1421.949951,17.02,-27989,0,0,215580,27989,16.37
2022-09-30,22290,3239.847352,2119.663773,1430.170044,17.02,-27989,0,0,215580,27989,16.37
2022-10-03,21575,3215.841625,2097.001277,1439.22998,17.3,-28572,0,0,235046.3,28572,16.64
2022-10-04,21300,3156.032674,2075.433846,1433.339966,17.3,-28572,0,0,235046.3,28572,16.64
2022-10-05,22275,3190.386551,2107.517589,1416.530029,17.3,-28572,0,0,235046.3,28572,16.64
2022-10-06,22350,3208.588045,2135.651079,1416.76001,17.3,-28572,0,0,235046.3,28572,16.64
2022-10-07,22360,3246.782069,2170.037592,1408.449951,17.3,-28572,0,0,235046.3,28572,16.64
2022-10-10,22100,3209.233043,2154.807867,1415.97998,17.3,-28572,0,0,235046.3,28572,16.64
2022-10-11,22400,3218.123053,2151.240734,1428.349976,17.3,-28572,0,0,235046.3,28572,16.64
2022-10-12,21750,3193.005387,2119.65272,1430.800049,17.3,-28572,0,0,235046.3,28572,16.64
2022-10-13,21920,3195.519889,2113.636064,1423.900024,17.3,-28572,0,0,235046.3,28572,16.64
2022-10-14,21910,3218.279744,2150.505341,1430.300049,17.3,-28572,0,0,235046.3,28572,16.64
2022-10-17,21460,3201.367574,2130.263421,1440.76001,17.3,-28572,0,0,235046.3,28572,16.64
2022-10-18,21500,3169.257277,2101.687528,1430.150024,17.3,-28572,0,0,235046.3,28572,16.64
2022-10-19,21620,3127.662076,2071.268617,1425.02002,17.3,-28572,0,0,235046.3,28572,16.64
2022-10-20,21825,3116.090799,2055.726571,1435.01001,17.3,-28572,0,0,235046.3,28572,16.64
2022-10-21,21550,3130.723215,2073.591491,1430.310059,17.3,-28572,0,0,235046.3,28572,16.64
2022-10-24,22170,3113.488978,2052.710467,1428.109985,17.3,-28572,0,0,235046.3,28572,16.64
2022-10-25,22075,3132.774624,2070.271458,1443.959961,17.3,-28572,0,0,235046.3,28572,16.64
2022-10-26,22255,3093.414892,2046.703121,1426.930054,17.3,-28572,0,0,235046.3,28572,16.64
2022-10-27,22250,3126.278941,2093.048498,1412.689941,17.3,-28572,0,0,235046.3,28572,16.64
2022-10-28,22255,3118.255264,2091.054185,1420.650024,17.3,-28572,0,0,235046.3,28572,16.64
2022-10-31,21750,3075.856858,2048.021153,1421.650024,17.3,-28572,0,0,235046.3,28572,16.64
2022-11-01,22705,3005.044921,2005.664347,1424.670044,18.53,-36778,0.3,0,294599,36778,17.82
2022-11-02,23360,3049.663212,2046.151992,1416.599976,18.53,-36778,0.3,0,294599,36778,17.82
2022-11-03,23060,3060.93131,2048.356437,1423.099976,18.53,-36778,0.3,0,294599,36778,17.82
2022-11-04,23735,3030.909244,2029.252981,1423.650024,18.53,-36778,0.3,0,294599,36778,17.82
2022-11-07,22950,3114.091725,2109.046564,1402.109985,18.53,-36778,0.3,0,294599,36778,17.82
2022-11-08,23410,3108.252211,2117.286028,1392.699951,18.53,-36778,0.3,0,294599,36778,17.82
2022-11-09,24095,3107.192763,2137.995298,1374.150024,18.53,-36778,0.3,0,294599,36778,17.82
2022-11-10,24420,3106.522637,2163.387182,1370.550049,18.53,-36778,0.3,0,294599,36778,17.82
2022-11-11,26025,3062.253934,2139.422133,1349.369995,18.53,-36778,0.3,0,294599,36778,17.82
2022-11-14,27005,3189.198725,2246.675248,1313.030029,18.53,-36778,0.3,0,294599,36778,17.82
2022-11-15,29600,3228.594162,2263.335143,1324.079956,18.53,-36778,0.3,0,294599,36778,17.82
2022-11-16,28555,3288.904732,2292.044877,1316.26001,18.53,-36778,0.3,0,294599,36778,17.82
2022-11-17,26070,3262.56458,2284.282654,1336.430054,18.53,-36778,0.3,0,294599,36778,17.82
2022-11-18,24850,3223.231968,2236.142152,1342.75,18.53,-36778,0.3,0,294599,36778,17.82
2022-11-21,24450,3258.604496,2240.830436,1339.030029,18.53,-36778,0.3,0,294599,36778,17.82
2022-11-22,25700,3242.509729,2207.641122,1359.75,18.53,-36778,0.3,0,294599,36778,17.82
2022-11-23,25900,3268.46791,2228.76945,1352.689941,18.53,-36778,0.3,0,294599,36778,17.82
2022-11-24,26160,3249.390436,2209.621365,1336.810059,18.53,-36778,0.3,0,294599,36778,17.82
2022-11-25,25600,3268.836161,2222.366847,1317.890015,18.53,-36778,0.3,0,294599,36778,17.82
2022-11-28,25250,3280.556606,2228.748211,1334.560059,18.53,-36778,0.3,0,294599,36778,17.82
2022-11-29,26255,3300.860961,2219.008229,1340.119995,18.53,-36778,0.3,0,294599,36778,17.82
2022-11-30,26500,3356.374012,2253.025908,1325.369995,18.53,-36778,0.3,0,294599,36778,17.82
2022-12-01,26950,3394.59025,2280.228425,1279.800049,12.35,-30977,0,0,235121,30977,11.87
2022-12-02,27145,3382.563021,2302.602228,1303.25,12.35,-30977,0,0,235121,30977,11.87
2022-12-05,28365,3413.851574,2323.950377,1299.170044,12.35,-30977,0,0,235121,30977,11.87
2022-12-06,28250,3470.509806,2366.583888,1304.369995,12.35,-30977,0,0,235121,30977,11.87
2022-12-07,28725,3423.954025,2348.828729,1319.709961,12.35,-30977,0,0,235121,30977,11.87
2022-12-08,31075,3404.244915,2343.133475,1314.099976,12.35,-30977,0,0,235121,30977,11.87
2022-12-09,29850,3422.597692,2380.036951,1316.630005,12.35,-30977,0,0,235121,30977,11.87
2022-12-12,29310,3432.652908,2389.581473,1303.170044,12.35,-30977,0,0,235121,30977,11.87
2022-12-13,28800,3412.670836,2361.540259,1305.920044,12.35,-30977,0,0,235121,30977,11.87
2022-12-14,27850,3410.540628,2352.595399,1288.97998,12.35,-30977,0,0,235121,30977,11.87
2022-12-15,28625,3412.332974,2346.425013,1295.680054,12.35,-30977,0,0,235121,30977,11.87
2022-12-16,28850,3423.546976,2357.361816,1317.099976,12.35,-30977,0,0,235121,30977,11.87
2022-12-19,27525,3399.26589,2336.536263,1308.859985,12.35,-30977,0,0,235121,30977,11.87
2022-12-20,28400,3365.503669,2312.886306,1301.329956,12.35,-30977,0,0,235121,30977,11.87
2022-12-21,28175,3369.10376,2315.409067,1283.640015,12.35,-30977,0,0,235121,30977,11.87
2022-12-22,28650,3388.276678,2334.67599,1280.77002,12.35,-30977,0,0,235121,30977,11.87
2022-12-23,29600,3402.501149,2350.957794,1290.199951,12.35,-30977,0,0,235121,30977,11.87
2022-12-28,30505,3409.248405,2348.722976,1272.280029,12.35,-30977,0,0,235121,30977,11.87
2022-12-29,30000,3438.137431,2373.144967,1274.319946,12.35,-30977,0,0,235121,30977,11.87
2022-12-30,30425,3447.039556,2377.806854,1260.26001,12.35,-30977,0,0,235121,30977,11.87
2023-01-03,31200,3469.821852,2388.617423,1270.099976,9.91,-24776,6.8,60,217545,24836,9.53
2023-01-04,29750,3459.616506,2380.763309,1279.079956,9.91,-24776,6.8,60,217545,24836,9.53
2023-01-05,28775,3415.862253,2335.3848,1271.079956,9.91,-24776,6.8,60,217545,24836,9.53
2023-01-06,27465,3428.803581,2345.832772,1274.180054,9.91,-24776,6.8,60,217545,24836,9.53
2023-01-09,27485,3407.729508,2321.899726,1252.880005,9.91,-24776,6.8,60,217545,24836,9.53
2023-01-10,27700,3425.573125,2382.587248,1239.280029,9.91,-24776,6.8,60,217545,24836,9.53
2023-01-11,27575,3437.029233,2400.653273,1240.160034,9.91,-24776,6.8,60,217545,24836,9.53
2023-01-12,26475,3435.965111,2436.521893,1241.599976,9.91,-24776,6.8,60,217545,24836,9.53
2023-01-13,27175,3451.611303,2439.500685,1239.130005,9.91,-24776,6.8,60,217545,24836,9.53
2023-01-16,27100,3480.242642,2487.475668,1236.589966,9.91,-24776,6.8,60,217545,24836,9.53
2023-01-17,26750,3482.150432,2508.333249,1240.709961,9.91,-24776,6.8,60,217545,24836,9.53
2023-01-18,27510,3457.316656,2476.918775,1237,9.91,-24776,6.8,60,217545,24836,9.53
2023-01-19,28175,3507.555395,2533.942737,1237.880005,9.91,-24776,6.8,60,217545,24836,9.53
2023-01-20,28650,3462.756358,2495.52935,1232.180054,9.91,-24776,6.8,60,217545,24836,9.53
2023-01-23,27650,3460.289017,2520.899992,1230.030029,9.91,-24776,6.8,60,217545,24836,9.53
2023-01-24,28110,3436.840203,2521.419259,1229.280029,9.91,-24776,6.8,60,217545,24836,9.53
2023-01-25,28755,3423.37618,2517.542463,1232.660034,9.91,-24776,6.8,60,217545,24836,9.53
2023-01-26,28750,3374.767172,2530.598849,1232.589966,9.91,-24776,6.8,60,217545,24836,9.53
2023-01-27,29065,3378.272967,2539.171088,1231.849976,9.91,-24776,6.8,60,217545,24836,9.53
2023-01-30,29535,3404.278456,2547.247396,1228.949951,9.91,-24776,6.8,60,217545,24836,9.53
2023-01-31,29400,3402.377125,2541.558338,1231.5,9.91,-24776,6.8,60,217545,24836,9.53
2023-02-01,30060,3341.68086,2509.810848,1232.150024,9.98,-13265,0,0,120271.1,13265,9.59
2023-02-02,28735,3356.205705,2542.692132,1221.949951,9.98,-13265,0,0,120271.1,13265,9.59
2023-02-03,29110,3309.668746,2504.172625,1224.900024,9.98,-13265,0,0,120271.1,13265,9.59
2023-02-06,27450,3279.127243,2490.587734,1246.75,9.98,-13265,0,0,120271.1,13265,9.59
2023-02-07,26810,3282.262309,2436.857343,1261.22998,9.98,-13265,0,0,120271.1,13265,9.59
2023-02-08,27300,3285.178305,2418.164439,1255.349976,9.98,-13265,0,0,120271.1,13265,9.59
2023-02-09,27050,3258.97939,2439.964009,1260.469971,9.98,-13265,0,0,120271.1,13265,9.59
2023-02-10,27710,3171.418114,2431.546181,1264.550049,9.98,-13265,0,0,120271.1,13265,9.59
2023-02-13,26755,3201.422153,2430.372681,1266.869995,9.98,-13265,0,0,120271.1,13265,9.59
2023-02-14,26900,3154.430853,2400.381174,1272.939941,9.98,-13265,0,0,120271.1,13265,9.59
2023-02-15,25805,3146.942087,2407.235555,1272.25,9.98,-13265,0,0,120271.1,13265,9.59
2023-02-16,25860,3141.207465,2390.144458,1283.719971,9.98,-13265,0,0,120271.1,13265,9.59
2023-02-17,25600,3119.112573,2388.457613,1288.959961,9.98,-13265,0,0,120271.1,13265,9.59
2023-02-20,25955,3116.468359,2392.984154,1293.920044,9.98,-13265,0,0,120271.1,13265,9.59
2023-02-21,26600,3141.620849,2431.293824,1296.109985,9.98,-13265,0,0,120271.1,13265,9.59
2023-02-22,26225,3238.55413,2478.533521,1305.829956,9.98,-13265,0,0,120271.1,13265,9.59
2023-02-23,25600,3231.167542,2459.487431,1302.829956,9.98,-13265,0,0,120271.1,13265,9.59
2023-02-24,24850,3226.902209,2439.207183,1298.079956,9.98,-13265,0,0,120271.1,13265,9.59
2023-02-27,24600,3182.500574,2390.631559,1313.699951,9.98,-13265,0,0,120271.1,13265,9.59
2023-02-28,24820,3157.807973,2383.14767,1318.349976,9.98,-13265,0,0,120271.1,13265,9.59
2023-03-01,25025,3141.974323,2380.082784,1321.599976,14.55,-45562,20.2,64,342270.3,45625,13.99
2023-03-02,24160,3196.633784,2430.776744,1305.72998,14.55,-45562,20.2,64,342270.3,45625,13.99
2023-03-03,24405,3187.849321,2416.492654,1311.060059,14.55,-45562,20.2,64,342270.3,45625,13.99
2023-03-06,24450,3179.367101,2427.183973,1294.780029,14.55,-45562,20.2,64,342270.3,45625,13.99
2023-03-07,23960,3127.147765,2390.334965,1299,14.55,-45562,20.2,64,342270.3,45625,13.99
2023-03-08,23500,3108.995251,2385.518253,1317.900024,14.55,-45562,20.2,64,342270.3,45625,13.99
2023-03-09,23225,3098.910152,2376.100228,1316.449951,14.55,-45562,20.2,64,342270.3,45625,13.99
2023-03-10,22675,3096.553792,2370.643919,1325.550049,14.55,-45562,20.2,64,342270.3,45625,13.99
2023-03-13,22625,3105.372384,2358.250984,1319.540039,14.55,-45562,20.2,64,342270.3,45625,13.99
2023-03-14,23255,3088.135093,2342.539221,1296.380005,14.55,-45562,20.2,64,342270.3,45625,13.99
2023-03-15,22750,3112.666322,2383.375653,1304.579956,14.55,-45562,20.2,64,342270.3,45625,13.99
2023-03-16,22650,3051.511564,2339.765169,1311.73999,14.55,-45562,20.2,64,342270.3,45625,13.99
2023-03-17,23210,3030.097403,2324.814456,1301.619995,14.55,-45562,20.2,64,342270.3,45625,13.99
2023-03-20,22675,3016.238228,2335.707698,1307.650024,14.55,-45562,20.2,64,342270.3,45625,13.99
2023-03-21,22550,3013.669781,2336.898679,1304.939941,14.55,-45562,20.2,64,342270.3,45625,13.99
2023-03-22,22300,3024.766192,2337.621282,1303.439941,14.55,-45562,20.2,64,342270.3,45625,13.99
2023-03-23,21895,3027.30162,2332.267845,1298.25,14.55,-45562,20.2,64,342270.3,45625,13.99
2023-03-24,22795,3032.507637,2337.625556,1286.290039,14.55,-45562,20.2,64,342270.3,45625,13.99
2023-03-27,23875,3047.766219,2339.08043,1294.829956,14.55,-45562,20.2,64,342270.3,45625,13.99
2023-03-28,23600,3074.603517,2361.147829,1297.800049,14.55,-45562,20.2,64,342270.3,45625,13.99
2023-03-29,24200,3082.015391,2379.362591,1296.97998,14.55,-45562,20.2,64,342270.3,45625,13.99
2023-03-30,23185,3121.329047,2421.873217,1307.130005,14.55,-45562,20.2,64,342270.3,45625,13.99
2023-03-31,23100,3097.669221,2408.501543,1296.5,14.55,-45562,20.2,64,342270.3,45625,13.99
2023-04-03,23560,3131.593984,2399.293724,1305.47998,20.67,-24093,38.3,30,216871.3,24123,19.88
2023-04-04,22910,3201.028506,2412.850869,1308.050049,20.67,-24093,38.3,30,216871.3,24123,19.88
2023-04-05,22710,3142.26319,2381.104529,1312.410034,20.67,-24093,38.3,30,216871.3,24123,19.88
2023-04-06,22500,3105.863154,2355.011243,1316.209961,20.67,-24093,38.3,30,216871.3,24123,19.88
2023-04-11,22850,3015.156555,2294.01389,1320.880005,20.67,-24093,38.3,30,216871.3,24123,19.88
2023-04-12,22890,2998.865647,2283.830132,1322.089966,20.67,-24093,38.3,30,216871.3,24123,19.88
2023-04-13,23210,2996.164629,2283.593616,1322.829956,20.67,-24093,38.3,30,216871.3,24123,19.88
2023-04-14,24165,2995.600039,2314.672747,1301.430054,20.67,-24093,38.3,30,216871.3,24123,19.88
2023-04-17,24455,2982.277403,2340.841215,1303.380005,20.67,-24093,38.3,30,216871.3,24123,19.88
2023-04-18,24960,2962.811355,2327.676873,1316.069946,20.67,-24093,38.3,30,216871.3,24123,19.88
2023-04-19,24465,2995.168898,2354.734082,1315.900024,20.67,-24093,38.3,30,216871.3,24123,19.88
2023-04-20,25540,3006.394831,2331.231255,1326.76001,20.67,-24093,38.3,30,216871.3,24123,19.88
2023-04-21,24335,2994.941507,2337.766552,1323.599976,20.67,-24093,38.3,30,216871.3,24123,19.88
2023-04-24,24130,2943.652737,2304.887618,1329.380005,20.67,-24093,38.3,30,216871.3,24123,19.88
2023-04-25,23865,2901.081726,2268.667773,1332.800049,20.67,-24093,38.3,30,216871.3,24123,19.88
2023-04-26,23650,2871.242884,2233.95467,1341,20.67,-24093,38.3,30,216871.3,24123,19.88
2023-04-27,23655,2866.279067,2231.459763,1337.829956,20.67,-24093,38.3,30,216871.3,24123,19.88
2023-04-28,23770,2849.917322,2224.209697,1339.390015,20.67,-24093,38.3,30,216871.3,24123,19.88
2023-05-02,24235,2862.257476,2244.744246,1342.790039,19.28,-28982,0,0,246387,28982,18.54
2023-05-03,25100,2870.91307,2248.139343,1342.300049,19.28,-28982,0,0,246387,28982,18.54
2023-05-04,25100,2846.229543,2239.250949,1335.22998,19.28,-28982,0,0,246387,28982,18.54
2023-05-05,23800,2794.247344,2224.523201,1320.150024,19.28,-28982,0,0,246387,28982,18.54
2023-05-09,23930,2788.357796,2208.188947,1322.410034,19.28,-28982,0,0,246387,28982,18.54
2023-05-10,23035,2818.587977,2243.027188,1326.050049,19.28,-28982,0,0,246387,28982,18.54
2023-05-11,22250,2778.13874,2217.494494,1318.050049,19.28,-28982,0,0,246387,28982,18.54
2023-05-12,22285,2728.276167,2174.827743,1329.880005,19.28,-28982,0,0,246387,28982,18.54
2023-05-15,22200,2727.407904,2155.008992,1341.52002,19.28,-28982,0,0,246387,28982,18.54
2023-05-16,21400,2753.669417,2181.930342,1335.400024,19.28,-28982,0,0,246387,28982,18.54
2023-05-17,21320,2727.590021,2158.774888,1342.430054,19.28,-28982,0,0,246387,28982,18.54
2023-05-18,21275,2758.084344,2180.885714,1334.150024,19.28,-28982,0,0,246387,28982,18.54
2023-05-19,21465,2748.379221,2199.845155,1334.73999,19.28,-28982,0,0,246387,28982,18.54
2023-05-22,21275,2763.47842,2197.608595,1324.209961,19.28,-28982,0,0,246387,28982,18.54
2023-05-23,20760,2739.606629,2168.699599,1313.829956,19.28,-28982,0,0,246387,28982,18.54
2023-05-24,20900,2695.04781,2124.201827,1319.839966,19.28,-28982,0,0,246387,28982,18.54
2023-05-25,21125,2646.000354,2110.223883,1318.52002,19.28,-28982,0,0,246387,28982,18.54
2023-05-26,21450,2611.3023,2094.955717,1330.890015,19.28,-28982,0,0,246387,28982,18.54
2023-05-30,21235,2653.845149,2139.967157,1324.589966,19.28,-28982,0,0,246387,28982,18.54
2023-05-31,20450,2641.756575,2144.456601,1319.790039,19.28,-28982,0,0,246387,28982,18.54
2023-06-01,20850,2626.25818,2119.670995,1321.73999,26.93,-47266,7.2,96,365627,47362,25.9
2023-06-02,21490,2648.697814,2158.684775,1312.849976,26.93,-47266,7.2,96,365627,47362,25.9
2023-06-05,20610,2685.713848,2186.290294,1305.140015,26.93,-47266,7.2,96,365627,47362,25.9
2023-06-06,21050,2709.524517,2174.694288,1299.790039,26.93,-47266,7.2,96,365627,47362,25.9
2023-06-07,21005,2700.242181,2180.639282,1299.199951,26.93,-47266,7.2,96,365627,47362,25.9
2023-06-08,21110,2717.725458,2190.6208,1308.339966,26.93,-47266,7.2,96,365627,47362,25.9
2023-06-09,21390,2729.692037,2196.563955,1296.329956,26.93,-47266,7.2,96,365627,47362,25.9
2023-06-12,21100,2759.164139,2232.071278,1286.689941,26.93,-47266,7.2,96,365627,47362,25.9
2023-06-13,21250,2729.981318,2212.320548,1284.579956,26.93,-47266,7.2,96,365627,47362,25.9
2023-06-14,22155,2735.966722,2224.68191,1267.619995,26.93,-47266,7.2,96,365627,47362,25.9
2023-06-15,22725,2758.627929,2251.380667,1273.98999,26.93,-47266,7.2,96,365627,47362,25.9
2023-06-16,23140,2787.960791,2267.058165,1270.050049,26.93,-47266,7.2,96,365627,47362,25.9
2023-06-19,22465,2787.029596,2281.754724,1276.310059,26.93,-47266,7.2,96,365627,47362,25.9
2023-06-20,21830,2777.008562,2269.880531,1283.23999,26.93,-47266,7.2,96,365627,47362,25.9
2023-06-21,21350,2765.351812,2254.049839,1287.540039,26.93,-47266,7.2,96,365627,47362,25.9
2023-06-22,21210,2747.144306,2236.750171,1288.380005,26.93,-47266,7.2,96,365627,47362,25.9
2023-06-23,20895,2792.689007,2262.364773,1298.209961,26.93,-47266,7.2,96,365627,47362,25.9
2023-06-26,20560,2755.276923,2224.720356,1307.670044,26.93,-47266,7.2,96,365627,47362,25.9
2023-06-27,20335,2730.09731,2202.064196,1302.660034,26.93,-47266,7.2,96,365627,47362,25.9
2023-06-28,19855,2757.18214,2222.903017,1296.599976,26.93,-47266,7.2,96,365627,47362,25.9
2023-06-29,19745,2759.302333,2215.493121,1309.01001,26.93,-47266,7.2,96,365627,47362,25.9
2023-06-30,20125,2749.504251,2197.344951,1323.069946,26.93,-47266,7.2,96,365627,47362,25.9
2023-07-03,20160,2770.931185,2207.252635,1315.300049,30.73,-14058,10.2,124,117625.4,14182,29.55
2023-07-04,20300,2793.330494,2214.481936,1306.099976,30.73,-14058,10.2,124,117625.4,14182,29.55
2023-07-05,20175,2779.726999,2214.930102,1295.5,30.73,-14058,10.2,124,117625.4,14182,29.55
2023-07-06,21135,2766.040049,2201.273745,1302.969971,30.73,-14058,10.2,124,117625.4,14182,29.55
2023-07-07,20370,2756.822543,2216.37714,1309.219971,30.73,-14058,10.2,124,117625.4,14182,29.55
2023-07-10,20685,2740.473735,2201.801977,1297.369995,30.73,-14058,10.2,124,117625.4,14182,29.55
2023-07-11,20460,2718.04216,2196.426093,1299.540039,30.73,-14058,10.2,124,117625.4,14182,29.55
2023-07-12,20950,2722.41978,2210.037025,1291.51001,30.73,-14058,10.2,124,117625.4,14182,29.55
2023-07-13,21150,2718.31485,2226.431332,1274.699951,30.73,-14058,10.2,124,117625.4,14182,29.55
2023-07-14,21305,2762.425531,2286.036498,1266.829956,30.73,-14058,10.2,124,117625.4,14182,29.55
2023-07-17,20710,2793.673105,2293.793977,1268.339966,30.73,-14058,10.2,124,117625.4,14182,29.55
2023-07-18,20600,2771.40999,2260.743919,1265.449951,30.73,-14058,10.2,124,117625.4,14182,29.55
2023-07-19,20700,2782.397365,2249.865905,1264.939941,30.73,-14058,10.2,124,117625.4,14182,29.55
2023-07-20,21155,2776.258896,2234.973622,1265.089966,30.73,-14058,10.2,124,117625.4,14182,29.55
2023-07-21,20810,2840.93644,2272.721394,1278.400024,30.73,-14058,10.2,124,117625.4,14182,29.55
2023-07-24,20605,2801.444829,2253.771397,1285.650024,30.73,-14058,10.2,124,117625.4,14182,29.55
2023-07-25,21350,2804.181174,2255.340948,1280.530029,30.73,-14058,10.2,124,117625.4,14182,29.55
2023-07-26,21575,2896.331807,2292.111798,1274.119995,30.73,-14058,10.2,124,117625.4,14182,29.55
2023-07-27,21395,2899.202061,2293.785473,1275.170044,30.73,-14058,10.2,124,117625.4,14182,29.55
2023-07-28,21650,2851.621871,2297.255061,1283.880005,30.73,-14058,10.2,124,117625.4,14182,29.55
2023-07-31,21625,2807.702155,2280.769778,1272.390015,30.73,-14058,10.2,124,117625.4,14182,29.55
2023-08-01,22355,2804.314326,2292.258922,1277.930054,29.12,-29835,0,0,302683.2,29835,28
2023-08-02,21700,2814.611875,2314.90978,1289.050049,29.12,-29835,0,0,302683.2,29835,28
2023-08-03,21300,2824.777332,2280.977533,1295.369995,29.12,-29835,0,0,302683.2,29835,28
2023-08-04,20980,2790.993677,2250.495485,1296.400024,29.12,-29835,0,0,302683.2,29835,28
2023-08-07,21250,2777.09585,2253.261118,1303.050049,29.12,-29835,0,0,302683.2,29835,28
2023-08-08,20650,2745.518685,2193.836776,1307.75,29.12,-29835,0,0,302683.2,29835,28
2023-08-09,20450,2721.909964,2162.660512,1316.670044,29.12,-29835,0,0,302683.2,29835,28
2023-08-10,20225,2740.725955,2172.399713,1313.640015,29.12,-29835,0,0,302683.2,29835,28
2023-08-11,20000,2749.274813,2178.222616,1318.329956,29.12,-29835,0,0,302683.2,29835,28
2023-08-14,19825,2736.67432,2152.725457,1329.609985,29.12,-29835,0,0,302683.2,29835,28
2023-08-15,19685,2718.633648,2137.240043,1334.73999,29.12,-29835,0,0,302683.2,29835,28
2023-08-16,19850,2712.110241,2125.889987,1338.73999,29.12,-29835,0,0,302683.2,29835,28
2023-08-17,19850,2717.354249,2131.28832,1343.329956,29.12,-29835,0,0,302683.2,29835,28
2023-08-18,19925,2743.865908,2161.429911,1339.079956,29.12,-29835,0,0,302683.2,29835,28
2023-08-21,20050,2747.432031,2162.181482,1339.170044,29.12,-29835,0,0,302683.2,29835,28
2023-08-22,20215,2752.778088,2162.491278,1339.73999,29.12,-29835,0,0,302683.2,29835,28
2023-08-23,20525,2801.608502,2204.419443,1339.689941,29.12,-29835,0,0,302683.2,29835,28
2023-08-24,20400,2815.032134,2230.906378,1327.780029,29.12,-29835,0,0,302683.2,29835,28
2023-08-25,20900,2807.654044,2233.123932,1326.619995,29.12,-29835,0,0,302683.2,29835,28
2023-08-29,20355,2807.05759,2234.873019,1322.819946,29.12,-29835,0,0,302683.2,29835,28
2023-08-30,20235,2797.391652,2226.490214,1321.069946,29.12,-29835,0,0,302683.2,29835,28
2023-08-31,20225,2799.772114,2242.299975,1323.030029,29.12,-29835,0,0,302683.2,29835,28
2023-09-01,20475,2820.714285,2259.739228,1324.640015,32.21,-20138,604.5,321,238010.9,20459,30.97
2023-09-04,20550,2851.560859,2290.116584,1317.459961,32.21,-20138,604.5,321,238010.9,20459,30.97
2023-09-05,20800,2848.90766,2273.149779,1317.949951,32.21,-20138,604.5,321,238010.9,20459,30.97
2023-09-06,20550,2879.346638,2277.437678,1331.72998,32.21,-20138,604.5,321,238010.9,20459,30.97
2023-09-07,20130,2870.49639,2279.32487,1333.459961,32.21,-20138,604.5,321,238010.9,20459,30.97
2023-09-08,19905,2841.197245,2251.774904,1334.02002,32.21,-20138,604.5,321,238010.9,20459,30.97
2023-09-11,20050,2818.340841,2237.286521,1335.319946,32.21,-20138,604.5,321,238010.9,20459,30.97
2023-09-12,19830,2843.899219,2263.846383,1320.439941,32.21,-20138,604.5,321,238010.9,20459,30.97
2023-09-13,19485,2866.723233,2271.635017,1324.099976,32.21,-20138,604.5,321,238010.9,20459,30.97
2023-09-14,20255,2879.061909,2267.95163,1329.77002,32.21,-20138,604.5,321,238010.9,20459,30.97
2023-09-15,19950,2897.189475,2298.310981,1327.060059,32.21,-20138,604.5,321,238010.9,20459,30.97
2023-09-18,19745,2894.640603,2290.724942,1328.420044,32.21,-20138,604.5,321,238010.9,20459,30.97
2023-09-19,19360,2887.863874,2281.145436,1329.660034,32.21,-20138,604.5,321,238010.9,20459,30.97
2023-09-20,19635,2886.896815,2271.891552,1328.530029,32.21,-20138,604.5,321,238010.9,20459,30.97
2023-09-21,18955,2889.652649,2287.814381,1332.339966,32.21,-20138,604.5,321,238010.9,20459,30.97
2023-09-22,19050,2844.503223,2250.552328,1341.170044,32.21,-20138,604.5,321,238010.9,20459,30.97
2023-09-25,18950,2848.248169,2269.551527,1334.660034,32.21,-20138,604.5,321,238010.9,20459,30.97
2023-09-26,18675,2839.380563,2254.423115,1338.449951,32.21,-20138,604.5,321,238010.9,20459,30.97
2023-09-27,18700,2830.963148,2242.134095,1353.75,32.21,-20138,604.5,321,238010.9,20459,30.97
2023-09-28,18650,2820.579516,2235.451743,1352.819946,32.21,-20138,604.5,321,238010.9,20459,30.97
2023-09-29,18510,2846.235163,2261.634956,1347.849976,32.21,-20138,604.5,321,238010.9,20459,30.97
2023-10-02,18510,2854.533125,2295.06752,1351.939941,33.26,-14988,267.7,140,172091,15128,31.98
2023-10-03,18405,2827.34933,2276.148322,1354.189941,33.26,-14988,267.7,140,172091,15128,31.98
2023-10-04,18600,2783.050996,2247.549581,1359.219971,33.26,-14988,267.7,140,172091,15128,31.98
2023-10-05,18205,2758.399096,2238.593339,1351.160034,33.26,-14988,267.7,140,172091,15128,31.98
2023-10-06,18280,2722.542574,2215.188626,1346.060059,33.26,-14988,267.7,140,172091,15128,31.98
2023-10-09,18610,2744.363168,2230.745254,1343.359985,33.26,-14988,267.7,140,172091,15128,31.98
2023-10-10,18260,2757.098663,2226.553495,1346.890015,33.26,-14988,267.7,140,172091,15128,31.98
2023-10-11,18260,2738.1825,2201.432372,1341.890015,33.26,-14988,267.7,140,172091,15128,31.98
2023-10-12,18435,2722.506104,2202.738147,1338.26001,33.26,-14988,267.7,140,172091,15128,31.98
2023-10-13,18335,2743.267881,2211.245868,1348.339966,33.26,-14988,267.7,140,172091,15128,31.98
2023-10-16,18460,2741.908731,2202.652053,1352.069946,33.26,-14988,267.7,140,172091,15128,31.98
2023-10-17,18160,2753.01195,2210.99999,1347.76001,33.26,-14988,267.7,140,172091,15128,31.98
2023-10-18,18470,2736.426024,2206.175719,1352.98999,33.26,-14988,267.7,140,172091,15128,31.98
2023-10-19,18285,2755.840069,2233.691013,1354.560059,33.26,-14988,267.7,140,172091,15128,31.98
2023-10-20,18350,2726.593039,2220.660461,1356.22998,33.26,-14988,267.7,140,172091,15128,31.98
2023-10-23,18135,2730.93713,2210.725811,1349.339966,33.26,-14988,267.7,140,172091,15128,31.98
2023-10-24,17800,2700.580875,2190.970482,1334.439941,33.26,-14988,267.7,140,172091,15128,31.98
2023-10-25,18150,2693.979583,2201.963748,1343.640015,33.26,-14988,267.7,140,172091,15128,31.98
2023-10-26,17900,2724.39906,2237.494136,1352.680054,33.26,-14988,267.7,140,172091,15128,31.98
2023-10-27,18000,2730.392189,2237.01945,1350.339966,33.26,-14988,267.7,140,172091,15128,31.98
2023-10-30,18180,2725.610772,2237.442602,1355.219971,33.26,-14988,267.7,140,172091,15128,31.98
2023-10-31,17825,2767.093462,2285.244383,1348.069946,33.26,-14988,267.7,140,172091,15128,31.98
2023-11-01,17750,2726.752232,2267.611063,1350.160034,43.41,-37117,112.2,10,413335.2,37126,41.74
2023-11-02,17785,2730.236101,2276.097323,1347.839966,43.41,-37117,112.2,10,413335.2,37126,41.74
2023-11-03,17810,2739.211417,2282.821118,1333.680054,43.41,-37117,112.2,10,413335.2,37126,41.74
2023-11-06,17865,2739.069716,2291.161062,1307.839966,43.41,-37117,112.2,10,413335.2,37126,41.74
2023-11-07,17585,2745.029625,2311.914493,1297.109985,43.41,-37117,112.2,10,413335.2,37126,41.74
2023-11-08,17865,2740.649576,2297.822691,1304.550049,43.41,-37117,112.2,10,413335.2,37126,41.74
2023-11-09,17650,2767.266846,2311.553054,1308.119995,43.41,-37117,112.2,10,413335.2,37126,41.74
2023-11-10,17170,2772.506709,2304.275106,1315.199951,43.41,-37117,112.2,10,413335.2,37126,41.74
2023-11-13,17000,2768.100664,2299.861701,1319.619995,43.41,-37117,112.2,10,413335.2,37126,41.74
2023-11-14,17005,2766.731055,2307.451024,1319.069946,43.41,-37117,112.2,10,413335.2,37126,41.74
2023-11-15,17155,2758.011441,2303.646059,1304.23999,43.41,-37117,112.2,10,413335.2,37126,41.74
2023-11-16,16960,2791.661042,2337.750922,1301.859985,43.41,-37117,112.2,10,413335.2,37126,41.74
2023-11-17,16780,2768.867253,2314.224494,1292.449951,43.41,-37117,112.2,10,413335.2,37126,41.74
2023-11-20,16635,2759.345162,2310.998702,1294.5,43.41,-37117,112.2,10,413335.2,37126,41.74
2023-11-21,16560,2761.528827,2323.044902,1288.150024,43.41,-37117,112.2,10,413335.2,37126,41.74
2023-11-22,16430,2780.073182,2339.187028,1295.189941,43.41,-37117,112.2,10,413335.2,37126,41.74
2023-11-23,16280,2783.792925,2333.242241,1298.790039,43.41,-37117,112.2,10,413335.2,37126,41.74
2023-11-24,15935,2783.174153,2325.181846,1300.180054,43.41,-37117,112.2,10,413335.2,37126,41.74
2023-11-27,15885,2764.079897,2318.301256,1289.790039,43.41,-37117,112.2,10,413335.2,37126,41.74
2023-11-28,16455,2767.289276,2312.496704,1302.530029,43.41,-37117,112.2,10,413335.2,37126,41.74
2023-11-29,16660,2756.117685,2300.655338,1287.530029,43.41,-37117,112.2,10,413335.2,37126,41.74
2023-11-30,16335,2761.453183,2310.425343,1288.359985,43.41,-37117,112.2,10,413335.2,37126,41.74
2023-12-01,16655,2765.751603,2295.324215,1296.660034,49.29,-23753,113.2,183,282827,23937,47.4
2023-12-04,16350,2767.275499,2311.007488,1299.189941,49.29,-23753,113.2,183,282827,23937,47.4
2023-12-05,16060,2761.148848,2305.8166,1307.800049,49.29,-23753,113.2,183,282827,23937,47.4
2023-12-06,16250,2723.894954,2272.332027,1313.369995,49.29,-23753,113.2,183,282827,23937,47.4
2023-12-07,16000,2736.777707,2247.979342,1313.719971,49.29,-23753,113.2,183,282827,23937,47.4
2023-12-08,16605,2764.364858,2248.083203,1312.76001,49.29,-23753,113.2,183,282827,23937,47.4
2023-12-11,16305,2777.133237,2276.692058,1316.51001,49.29,-23753,113.2,183,282827,23937,47.4
2023-12-12,16265,2752.420613,2255.189919,1313.619995,49.29,-23753,113.2,183,282827,23937,47.4
2023-12-13,16100,2736.045723,2269.409744,1310.140015,49.29,-23753,113.2,183,282827,23937,47.4
2023-12-14,16500,2721.03497,2251.612745,1292.01001,49.29,-23753,113.2,183,282827,23937,47.4
2023-12-15,16740,2748.259031,2295.498455,1291.920044,49.29,-23753,113.2,183,282827,23937,47.4
2023-12-18,16650,2753.805599,2314.820866,1276.469971,49.29,-23753,113.2,183,282827,23937,47.4
2023-12-19,16460,2736.46599,2304.251091,1302.930054,49.29,-23753,113.2,183,282827,23937,47.4
2023-12-20,16355,2733.279731,2303.234948,1297.76001,49.29,-23753,113.2,183,282827,23937,47.4
2023-12-21,16670,2730.316414,2306.227032,1296.97998,49.29,-23753,113.2,183,282827,23937,47.4
2023-12-22,16360,2748.544972,2313.112814,1291.709961,49.29,-23753,113.2,183,282827,23937,47.4
2023-12-27,16355,2779.34829,2348.711652,1293.920044,49.29,-23753,113.2,183,282827,23937,47.4
2023-12-28,16405,2786.636398,2367.184881,1294.76001,49.29,-23753,113.2,183,282827,23937,47.4
2023-12-29,16300,2783.292533,2374.529395,1277.839966,49.29,-23753,113.2,183,282827,23937,47.4
2024-01-02,16600,2764.540285,2372.827083,1293.540039,50.06,-25120,43.6,2,303020.8,25122,48.14
2024-01-03,16210,2745.408555,2380.192317,1307.619995,50.06,-25120,43.6,2,303020.8,25122,48.14
2024-01-04,16025,2740.146329,2362.412549,1309.530029,50.06,-25120,43.6,2,303020.8,25122,48.14
2024-01-05,15705,2737.09235,2351.549994,1311.25,50.06,-25120,43.6,2,303020.8,25122,48.14
2024-01-08,15930,2722.963113,2333.894711,1313.130005,50.06,-25120,43.6,2,303020.8,25122,48.14
2024-01-09,16150,2707.366506,2324.354853,1311.800049,50.06,-25120,43.6,2,303020.8,25122,48.14
2024-01-10,15980,2720.543008,2324.002459,1319.790039,50.06,-25120,43.6,2,303020.8,25122,48.14
2024-01-11,16250,2700.611849,2313.631901,1317.5,50.06,-25120,43.6,2,303020.8,25122,48.14
2024-01-12,16075,2686.51442,2318.077278,1311.98999,50.06,-25120,43.6,2,303020.8,25122,48.14
2024-01-15,16200,2678.482707,2299.692182,1312.849976,50.06,-25120,43.6,2,303020.8,25122,48.14
2024-01-16,15880,2664.303116,2284.879765,1319.709961,50.06,-25120,43.6,2,303020.8,25122,48.14
2024-01-17,15765,2662.956261,2279.371651,1337.790039,50.06,-25120,43.6,2,303020.8,25122,48.14
2024-01-18,15870,2653.413348,2269.358255,1344.050049,50.06,-25120,43.6,2,303020.8,25122,48.14
2024-01-19,15935,2640.78352,2256.151126,1337.660034,50.06,-25120,43.6,2,303020.8,25122,48.14
2024-01-22,15785,2633.089378,2274.942324,1333.209961,50.06,-25120,43.6,2,303020.8,25122,48.14
2024-01-23,16010,2638.296158,2270.971066,1338.73999,50.06,-25120,43.6,2,303020.8,25122,48.14
2024-01-24,16240,2660.263337,2301.107033,1336.780029,50.06,-25120,43.6,2,303020.8,25122,48.14
2024-01-25,16360,2689.174574,2345.465762,1329.890015,50.06,-25120,43.6,2,303020.8,25122,48.14
2024-01-26,16535,2685.2757,2356.113426,1336.030029,50.06,-25120,43.6,2,303020.8,25122,48.14
2024-01-29,16285,2687.586818,2357.640313,1336.76001,50.06,-25120,43.6,2,303020.8,25122,48.14
2024-01-30,16150,2681.551006,2360.469143,1333.209961,50.06,-25120,43.6,2,303020.8,25122,48.14
2024-01-31,16070,2700.055399,2359.615072,1326.619995,50.06,-25120,43.6,2,303020.8,25122,48.14
2024-02-01,15985,2679.772545,2353.721209,1333.910034,53.19,-4450,93.5,4,55022.1,4454,52.14
2024-02-02,16125,2658.572246,2330.709563,1328.949951,53.19,-4450,93.5,4,55022.1,4454,52.14
2024-02-05,15805,2659.472534,2317.824413,1337.72998,53.19,-4450,93.5,4,55022.1,4454,52.14
2024-02-06,15620,2657.825339,2295.332895,1333.390015,53.19,-4450,93.5,4,55022.1,4454,52.14
2024-02-07,15680,2640.832756,2282.418817,1326.790039,53.19,-4450,93.5,4,55022.1,4454,52.14
2024-02-08,15755,2652.248763,2289.658588,1327.619995,53.19,-4450,93.5,4,55022.1,4454,52.14
2024-02-09,15725,2665.566962,2296.133351,1331.469971,53.19,-4450,93.5,4,55022.1,4454,52.14
2024-02-12,15755,2652.595001,2271.377167,1330.060059,53.19,-4450,93.5,4,55022.1,4454,52.14
2024-02-13,15950,2647.480574,2272.484136,1328.5,53.19,-4450,93.5,4,55022.1,4454,52.14
2024-02-14,16115,2656.494156,2284.542609,1340.790039,53.19,-4450,93.5,4,55022.1,4454,52.14
2024-02-15,16240,2650.021772,2278.897937,1326,53.19,-4450,93.5,4,55022.1,4454,52.14
2024-02-16,16090,2659.373194,2289.659616,1327.660034,53.19,-4450,93.5,4,55022.1,4454,52.14
2024-02-19,16175,2665.137114,2302.25733,1331.579956,53.19,-4450,93.5,4,55022.1,4454,52.14
2024-02-20,16135,2652.14169,2302.443238,1333.339966,53.19,-4450,93.5,4,55022.1,4454,52.14
2024-02-21,16505,2631.804825,2271.778438,1333.75,53.19,-4450,93.5,4,55022.1,4454,52.14
2024-02-22,16985,2662.788114,2292.283518,1332.869995,53.19,-4450,93.5,4,55022.1,4454,52.14
2024-02-23,17180,2662.715246,2280.690183,1327.170044,53.19,-4450,93.5,4,55022.1,4454,52.14
2024-02-26,16985,2662.420204,2279.978976,1330,53.19,-4450,93.5,4,55022.1,4454,52.14
2024-02-27,17075,2652.234882,2260.51441,1331.719971,53.19,-4450,93.5,4,55022.1,4454,52.14
2024-02-28,17140,2667.057747,2273.024516,1331.790039,53.19,-4450,93.5,4,55022.1,4454,52.14
2024-02-29,17435,2673.865238,2275.258623,1333.380005,53.19,-4450,93.5,4,55022.1,4454,52.14
2024-03-01,17175,2675.734502,2269.432525,1335.199951,52.24,-13767,44.8,3,175426.6,13770,51.21
2024-03-04,17575,2706.026581,2273.132455,1330.900024,52.24,-13767,44.8,3,175426.6,13770,51.21
2024-03-05,17600,2713.44541,2268.919974,1328.939941,52.24,-13767,44.8,3,175426.6,13770,51.21
2024-03-06,17475,2723.659528,2278.473987,1333.430054,52.24,-13767,44.8,3,175426.6,13770,51.21
2024-03-07,17660,2710.66811,2276.471724,1327.089966,52.24,-13767,44.8,3,175426.6,13770,51.21
2024-03-08,17845,2730.124951,2308.593402,1321.180054,52.24,-13767,44.8,3,175426.6,13770,51.21
2024-03-11,17910,2736.565857,2305.681061,1315.97998,52.24,-13767,44.8,3,175426.6,13770,51.21
2024-03-12,18135,2705.946468,2283.749673,1310.540039,52.24,-13767,44.8,3,175426.6,13770,51.21
2024-03-13,18165,2694.105471,2280.28451,1311.150024,52.24,-13767,44.8,3,175426.6,13770,51.21
2024-03-14,17755,2698.981761,2290.77363,1313.650024,52.24,-13767,44.8,3,175426.6,13770,51.21
2024-03-15,18000,2678.959906,2278.583863,1321.920044,52.24,-13767,44.8,3,175426.6,13770,51.21
2024-03-18,17680,2683.09286,2280.689771,1329.339966,52.24,-13767,44.8,3,175426.6,13770,51.21
2024-03-19,17500,2670.745673,2275.544835,1336.089966,52.24,-13767,44.8,3,175426.6,13770,51.21
2024-03-20,17300,2664.205554,2274.04829,1337.02002,52.24,-13767,44.8,3,175426.6,13770,51.21
2024-03-21,17430,2672.944691,2280.098734,1330.109985,52.24,-13767,44.8,3,175426.6,13770,51.21
2024-03-22,17160,2686.744137,2303.411489,1334.680054,52.24,-13767,44.8,3,175426.6,13770,51.21
2024-03-25,16865,2679.093918,2285.979958,1343.599976,52.24,-13767,44.8,3,175426.6,13770,51.21
2024-03-26,16565,2692.130366,2292.863394,1339.130005,52.24,-13767,44.8,3,175426.6,13770,51.21
2024-03-27,16330,2691.124157,2284.668639,1343.060059,52.24,-13767,44.8,3,175426.6,13770,51.21
2024-03-28,16530,2669.820619,2247.71436,1349.800049,52.24,-13767,44.8,3,175426.6,13770,51.21
2024-04-02,17000,2629.592634,2214.499564,1355.530029,44.88,-19126,102.3,76,247605,19202,44
2024-04-03,16870,2674.831583,2268.545497,1350.72998,44.88,-19126,102.3,76,247605,19202,44
2024-04-04,17230,2671.349708,2271.656369,1344.839966,44.88,-19126,102.3,76,247605,19202,44
2024-04-05,17475,2703.310406,2325.865295,1351.359985,44.88,-19126,102.3,76,247605,19202,44
2024-04-08,17700,2707.200462,2325.958331,1350.27002,44.88,-19126,102.3,76,247605,19202,44
2024-04-09,17780,2721.629125,2350.088922,1354.219971,44.88,-19126,102.3,76,247605,19202,44
2024-04-10,18585,2743.248054,2373.275938,1348.540039,44.88,-19126,102.3,76,247605,19202,44
2024-04-11,17715,2772.734806,2409.789919,1363.76001,44.88,-19126,102.3,76,247605,19202,44
2024-04-12,17780,2764.242287,2387.587708,1367.839966,44.88,-19126,102.3,76,247605,19202,44
2024-04-15,17855,2809.298354,2424.896731,1379.609985,44.88,-19126,102.3,76,247605,19202,44
2024-04-16,17625,2841.79547,2448.589364,1387.670044,44.88,-19126,102.3,76,247605,19202,44
2024-04-17,17870,2833.678033,2436.203748,1387.339966,44.88,-19126,102.3,76,247605,19202,44
2024-04-18,18210,2875.646299,2472.676215,1379.540039,44.88,-19126,102.3,76,247605,19202,44
2024-04-19,19045,2922.887728,2518.53072,1379.400024,44.88,-19126,102.3,76,247605,19202,44
2024-04-22,19015,2946.20973,2545.261292,1373.930054,44.88,-19126,102.3,76,247605,19202,44
2024-04-23,18785,2929.47753,2546.980112,1378.839966,44.88,-19126,102.3,76,247605,19202,44
2024-04-24,18985,2886.010511,2500.91566,1370.47998,44.88,-19126,102.3,76,247605,19202,44
2024-04-25,18855,2895.915528,2521.507684,1376.969971,44.88,-19126,102.3,76,247605,19202,44
2024-04-26,19180,2917.287957,2545.055457,1371.699951,44.88,-19126,102.3,76,247605,19202,44
2024-04-29,19115,2909.741785,2543.688728,1377.089966,44.88,-19126,102.3,76,247605,19202,44
2024-04-30,18975,2916.819251,2538.732701,1374.640015,44.88,-19126,102.3,76,247605,19202,44
2024-05-01,18620,2930.833487,2544.009413,1385.459961,36.4,,,,,,36.4
2024-05-02,18405,2933.135445,2521.873211,1375,36.4,,,,,,36.4
2024-05-03,18760,2919.680117,2499.855583,1364.640015,36.4,,,,,,36.4
2024-05-07,18755,2926.744285,2523.819063,1352.170044,36.4,,,,,,36.4
2024-05-08,18510,2947.205125,2537.666192,1357.72998,36.4,,,,,,36.4
2024-05-09,18625,2918.406309,2510.788123,1361.939941,36.4,,,,,,36.4
2024-05-10,18725,2898.537472,2504.498759,1365.400024,36.4,,,,,,36.4
2024-05-13,18910,2916.080354,2528.666748,1370.109985,36.4,,,,,,36.4
2024-05-14,18940,2904.495116,2537.347341,1363.790039,36.4,,,,,,36.4
2024-05-15,19050,2883.468771,2535.81845,1362.550049,36.4,,,,,,36.4
2024-05-16,19335,2908.732163,2555.724912,1353.599976,36.4,,,,,,36.4
2024-05-17,20735,2923.022685,2575.030928,1346.040039,36.4,,,,,,36.4
2024-05-20,21270,2962.905545,2604.892772,1353.390015,36.4,,,,,,36.4
