기준일,희유금속지수
2012-01-03,1444.094362
2012-01-04,1444.094362
2012-01-05,1444.094362
2012-01-06,1444.094362
2012-01-09,1448.741672
2012-01-10,1448.741672
2012-01-11,1448.741672
2012-01-12,1448.741672
2012-01-13,1448.741672
2012-01-16,1456.199973
2012-01-17,1456.199973
2012-01-18,1456.199973
2012-01-19,1456.199973
2012-01-20,1456.199973
2012-01-23,1482.948138
2012-01-24,1482.948138
2012-01-25,1482.948138
2012-01-26,1482.948138
2012-01-27,1482.948138
2012-01-30,1493.122632
2012-01-31,1493.122632
2012-02-01,1493.122632
2012-02-02,1493.122632
2012-02-03,1493.122632
2012-02-06,1503.504021
2012-02-07,1503.504021
2012-02-08,1503.504021
2012-02-09,1503.504021
2012-02-10,1503.504021
2012-02-13,1507.88073
2012-02-14,1507.88073
2012-02-15,1507.88073
2012-02-16,1507.88073
2012-02-17,1507.88073
2012-02-20,1500.362689
2012-02-21,1500.362689
2012-02-22,1500.362689
2012-02-23,1500.362689
2012-02-24,1500.362689
2012-02-27,1499.408711
2012-02-28,1499.408711
2012-02-29,1499.408711
2012-03-01,1499.408711
2012-03-02,1499.408711
2012-03-05,1494.646729
2012-03-06,1494.646729
2012-03-07,1494.646729
2012-03-08,1494.646729
2012-03-09,1494.646729
2012-03-12,1486.31516
2012-03-13,1486.31516
2012-03-14,1486.31516
2012-03-15,1486.31516
2012-03-16,1486.31516
2012-03-19,1478.117117
2012-03-20,1478.117117
2012-03-21,1478.117117
2012-03-22,1478.117117
2012-03-23,1478.117117
2012-03-26,1472.720979
2012-03-27,1472.720979
2012-03-28,1472.720979
2012-03-29,1472.720979
2012-03-30,1472.720979
2012-04-02,1461.166055
2012-04-03,1461.166055
2012-04-04,1461.166055
2012-04-05,1461.166055
2012-04-10,1461.166055
2012-04-11,1465.779005
2012-04-12,1465.779005
2012-04-13,1465.779005
2012-04-16,1478.097988
2012-04-17,1478.097988
2012-04-18,1478.097988
2012-04-19,1478.097988
2012-04-20,1478.097988
2012-04-23,1484.439882
2012-04-24,1484.439882
2012-04-25,1484.439882
2012-04-26,1484.439882
2012-04-27,1484.439882
2012-04-30,1485.454139
2012-05-01,1485.454139
2012-05-02,1485.454139
2012-05-03,1485.454139
2012-05-04,1485.454139
2012-05-08,1489.240116
2012-05-09,1489.240116
2012-05-10,1489.240116
2012-05-11,1489.240116
2012-05-14,1483.612977
2012-05-15,1483.612977
2012-05-16,1483.612977
2012-05-17,1483.612977
2012-05-18,1483.612977
2012-05-21,1468.268855
2012-05-22,1468.268855
2012-05-23,1468.268855
2012-05-24,1468.268855
2012-05-25,1468.268855
2012-05-28,1463.434455
2012-05-29,1463.434455
2012-05-30,1463.434455
2012-05-31,1463.434455
2012-06-01,1463.434455
2012-06-06,1462.316133
2012-06-07,1462.316133
2012-06-08,1462.316133
2012-06-11,1448.488725
2012-06-12,1448.488725
2012-06-13,1448.488725
2012-06-14,1448.488725
2012-06-15,1448.488725
2012-06-18,1431.317213
2012-06-19,1431.317213
2012-06-20,1431.317213
2012-06-21,1431.317213
2012-06-22,1431.317213
2012-06-25,1423.507447
2012-06-26,1423.507447
2012-06-27,1423.507447
2012-06-28,1423.507447
2012-06-29,1423.507447
2012-07-02,1407.657029
2012-07-03,1407.657029
2012-07-04,1407.657029
2012-07-05,1407.657029
2012-07-06,1407.657029
2012-07-09,1405.616673
2012-07-10,1405.616673
2012-07-11,1405.616673
2012-07-12,1405.616673
2012-07-13,1405.616673
2012-07-16,1389.829174
2012-07-17,1389.829174
2012-07-18,1389.829174
2012-07-19,1389.829174
2012-07-20,1389.829174
2012-07-23,1370.010892
2012-07-24,1370.010892
2012-07-25,1370.010892
2012-07-26,1370.010892
2012-07-27,1370.010892
2012-07-30,1358.532437
2012-07-31,1358.532437
2012-08-01,1358.532437
2012-08-02,1358.532437
2012-08-03,1358.532437
2012-08-06,1336.53958
2012-08-07,1336.53958
2012-08-08,1336.53958
2012-08-09,1336.53958
2012-08-10,1336.53958
2012-08-13,1320.572889
2012-08-14,1320.572889
2012-08-15,1320.572889
2012-08-16,1320.572889
2012-08-17,1320.572889
2012-08-20,1319.393308
2012-08-21,1319.393308
2012-08-22,1319.393308
2012-08-23,1319.393308
2012-08-24,1319.393308
2012-08-28,1329.712022
2012-08-29,1329.712022
2012-08-30,1329.712022
2012-08-31,1329.712022
2012-09-03,1345.292792
2012-09-04,1345.292792
2012-09-05,1345.292792
2012-09-06,1345.292792
2012-09-07,1345.292792
2012-09-10,1356.968143
2012-09-11,1356.968143
2012-09-12,1356.968143
2012-09-13,1356.968143
2012-09-14,1356.968143
2012-09-17,1347.362619
2012-09-18,1347.362619
2012-09-19,1347.362619
2012-09-20,1347.362619
2012-09-21,1347.362619
2012-09-24,1335.755446
2012-09-25,1335.755446
2012-09-26,1335.755446
2012-09-27,1335.755446
2012-09-28,1335.755446
2012-10-01,1318.596541
2012-10-02,1318.596541
2012-10-03,1318.596541
2012-10-04,1318.596541
2012-10-05,1318.596541
2012-10-08,1301.463737
2012-10-09,1301.463737
2012-10-10,1301.463737
2012-10-11,1301.463737
2012-10-12,1301.463737
2012-10-15,1281.437917
2012-10-16,1281.437917
2012-10-17,1281.437917
2012-10-18,1281.437917
2012-10-19,1281.437917
2012-10-22,1276.696541
2012-10-23,1276.696541
2012-10-24,1276.696541
2012-10-25,1276.696541
2012-10-26,1276.696541
2012-10-29,1267.601051
2012-10-30,1267.601051
2012-10-31,1267.601051
2012-11-01,1267.601051
2012-11-02,1267.601051
2012-11-05,1260.618921
2012-11-06,1260.618921
2012-11-07,1260.618921
2012-11-08,1260.618921
2012-11-09,1260.618921
2012-11-12,1249.248712
2012-11-13,1249.248712
2012-11-14,1249.248712
2012-11-15,1249.248712
2012-11-16,1249.248712
2012-11-19,1237.632167
2012-11-20,1237.632167
2012-11-21,1237.632167
2012-11-22,1237.632167
2012-11-23,1237.632167
2012-11-26,1238.70309
2012-11-27,1238.70309
2012-11-28,1238.70309
2012-11-29,1238.70309
2012-11-30,1238.70309
2012-12-03,1220.257809
2012-12-04,1220.257809
2012-12-05,1220.257809
2012-12-06,1220.257809
2012-12-07,1220.257809
2012-12-10,1216.190721
2012-12-11,1216.190721
2012-12-12,1216.190721
2012-12-13,1216.190721
2012-12-14,1216.190721
2012-12-17,1219.94086
2012-12-18,1219.94086
2012-12-19,1219.94086
2012-12-20,1219.94086
2012-12-21,1219.94086
2012-12-24,1227.693844
2012-12-27,1227.693844
2012-12-28,1227.693844
2012-12-31,1225.970153
2013-01-02,1225.970153
2013-01-03,1225.970153
2013-01-04,1225.970153
2013-01-07,1211.009729
2013-01-08,1211.009729
2013-01-09,1211.009729
2013-01-10,1211.009729
2013-01-11,1211.009729
2013-01-14,1233.466523
2013-01-15,1233.466523
2013-01-16,1233.466523
2013-01-17,1233.466523
2013-01-18,1233.466523
2013-01-21,1243.051753
2013-01-22,1243.051753
2013-01-23,1243.051753
2013-01-24,1243.051753
2013-01-25,1243.051753
2013-01-28,1255.96691
2013-01-29,1255.96691
2013-01-30,1255.96691
2013-01-31,1255.96691
2013-02-01,1255.96691
2013-02-04,1258.184902
2013-02-05,1258.184902
2013-02-06,1258.184902
2013-02-07,1258.184902
2013-02-08,1258.184902
2013-02-11,1258.380283
2013-02-12,1258.380283
2013-02-13,1258.380283
2013-02-14,1258.380283
2013-02-15,1258.380283
2013-02-18,1259.541708
2013-02-19,1259.541708
2013-02-20,1259.541708
2013-02-21,1259.541708
2013-02-22,1259.541708
2013-02-25,1261.428491
2013-02-26,1261.428491
2013-02-27,1261.428491
2013-02-28,1261.428491
2013-03-01,1261.428491
2013-03-04,1265.710375
2013-03-05,1265.710375
2013-03-06,1265.710375
2013-03-07,1265.710375
2013-03-08,1265.710375
2013-03-11,1252.988484
2013-03-12,1252.988484
2013-03-13,1252.988484
2013-03-14,1252.988484
2013-03-15,1252.988484
2013-03-18,1247.184447
2013-03-19,1247.184447
2013-03-20,1247.184447
2013-03-21,1247.184447
2013-03-22,1247.184447
2013-03-25,1241.682265
2013-03-26,1241.682265
2013-03-27,1241.682265
2013-03-28,1241.682265
2013-04-02,1241.682265
2013-04-03,1238.485155
2013-04-04,1238.485155
2013-04-05,1238.485155
2013-04-08,1232.221727
2013-04-09,1232.221727
2013-04-10,1232.221727
2013-04-11,1232.221727
2013-04-12,1232.221727
2013-04-15,1238.381859
2013-04-16,1238.381859
2013-04-17,1238.381859
2013-04-18,1238.381859
2013-04-19,1238.381859
2013-04-22,1243.447356
2013-04-23,1243.447356
2013-04-24,1243.447356
2013-04-25,1243.447356
2013-04-26,1243.447356
2013-04-29,1257.065436
2013-04-30,1257.065436
2013-05-01,1257.065436
2013-05-02,1257.065436
2013-05-03,1257.065436
2013-05-07,1255.51992
2013-05-08,1255.51992
2013-05-09,1255.51992
2013-05-10,1255.51992
2013-05-13,1250.145885
2013-05-14,1250.145885
2013-05-15,1250.145885
2013-05-16,1250.145885
2013-05-17,1250.145885
2013-05-20,1244.94266
2013-05-21,1244.94266
2013-05-22,1244.94266
2013-05-23,1244.94266
2013-05-24,1244.94266
2013-05-28,1240.757272
2013-05-29,1240.757272
2013-05-30,1240.757272
2013-05-31,1240.757272
2013-06-03,1240.606275
2013-06-04,1240.606275
2013-06-05,1240.606275
2013-06-06,1240.606275
2013-06-07,1240.606275
2013-06-10,1246.124668
2013-06-11,1246.124668
2013-06-12,1246.124668
2013-06-13,1246.124668
2013-06-14,1246.124668
2013-06-17,1247.847908
2013-06-18,1247.847908
2013-06-19,1247.847908
2013-06-20,1247.847908
2013-06-21,1247.847908
2013-06-24,1247.021376
2013-06-25,1247.021376
2013-06-26,1247.021376
2013-06-27,1247.021376
2013-06-28,1247.021376
2013-07-01,1240.160159
2013-07-02,1240.160159
2013-07-03,1240.160159
2013-07-04,1240.160159
2013-07-05,1240.160159
2013-07-08,1236.759722
2013-07-09,1236.759722
2013-07-10,1236.759722
2013-07-11,1236.759722
2013-07-12,1236.759722
2013-07-15,1219.219948
2013-07-16,1219.219948
2013-07-17,1219.219948
2013-07-18,1219.219948
2013-07-19,1219.219948
2013-07-22,1204.819643
2013-07-23,1204.819643
2013-07-24,1204.819643
2013-07-25,1204.819643
2013-07-26,1204.819643
2013-07-29,1196.485488
2013-07-30,1196.485488
2013-07-31,1196.485488
2013-08-01,1196.485488
2013-08-02,1196.485488
2013-08-05,1191.009889
2013-08-06,1191.009889
2013-08-07,1191.009889
2013-08-08,1191.009889
2013-08-09,1191.009889
2013-08-12,1187.644939
2013-08-13,1187.644939
2013-08-14,1187.644939
2013-08-15,1187.644939
2013-08-16,1187.644939
2013-08-19,1182.053883
2013-08-20,1182.053883
2013-08-21,1182.053883
2013-08-22,1182.053883
2013-08-23,1182.053883
2013-08-27,1180.632905
2013-08-28,1180.632905
2013-08-29,1180.632905
2013-08-30,1180.632905
2013-09-02,1200.297375
2013-09-03,1200.297375
2013-09-04,1200.297375
2013-09-05,1200.297375
2013-09-06,1200.297375
2013-09-09,1210.997126
2013-09-10,1210.997126
2013-09-11,1210.997126
2013-09-12,1210.997126
2013-09-13,1210.997126
2013-09-16,1216.043854
2013-09-17,1216.043854
2013-09-18,1216.043854
2013-09-19,1216.043854
2013-09-20,1216.043854
2013-09-23,1217.559854
2013-09-24,1217.559854
2013-09-25,1217.559854
2013-09-26,1217.559854
2013-09-27,1217.559854
2013-09-30,1213.988326
2013-10-01,1213.988326
2013-10-02,1213.988326
2013-10-03,1213.988326
2013-10-04,1213.988326
2013-10-07,1218.722833
2013-10-08,1218.722833
2013-10-09,1218.722833
2013-10-10,1218.722833
2013-10-11,1218.722833
2013-10-14,1217.372689
2013-10-15,1217.372689
2013-10-16,1217.372689
2013-10-17,1217.372689
2013-10-18,1217.372689
2013-10-21,1220.537473
2013-10-22,1220.537473
2013-10-23,1220.537473
2013-10-24,1220.537473
2013-10-25,1220.537473
2013-10-28,1221.940572
2013-10-29,1221.940572
2013-10-30,1221.940572
2013-10-31,1221.940572
2013-11-01,1221.940572
2013-11-04,1221.01514
2013-11-05,1221.01514
2013-11-06,1221.01514
2013-11-07,1221.01514
2013-11-08,1221.01514
2013-11-11,1212.021958
2013-11-12,1212.021958
2013-11-13,1212.021958
2013-11-14,1212.021958
2013-11-15,1212.021958
2013-11-18,1217.259473
2013-11-19,1217.259473
2013-11-20,1217.259473
2013-11-21,1217.259473
2013-11-22,1217.259473
2013-11-25,1206.370271
2013-11-26,1206.370271
2013-11-27,1206.370271
2013-11-28,1206.370271
2013-11-29,1206.370271
2013-12-02,1198.153109
2013-12-03,1198.153109
2013-12-04,1198.153109
2013-12-05,1198.153109
2013-12-06,1198.153109
2013-12-09,1193.072883
2013-12-10,1193.072883
2013-12-11,1193.072883
2013-12-12,1193.072883
2013-12-13,1193.072883
2013-12-16,1197.955842
2013-12-17,1197.955842
2013-12-18,1197.955842
2013-12-19,1197.955842
2013-12-20,1197.955842
2013-12-23,1197.875197
2013-12-24,1197.875197
2013-12-27,1197.875197
2013-12-30,1197.875197
2013-12-31,1197.875197
2014-01-02,1197.875197
2014-01-03,1197.875197
2014-01-06,1206.554227
2014-01-07,1206.554227
2014-01-08,1206.554227
2014-01-09,1206.554227
2014-01-10,1206.554227
2014-01-13,1206.569988
2014-01-14,1206.569988
2014-01-15,1206.569988
2014-01-16,1206.569988
2014-01-17,1206.569988
2014-01-20,1219.751852
2014-01-21,1219.751852
2014-01-22,1219.751852
2014-01-23,1219.751852
2014-01-24,1219.751852
2014-01-27,1252.372153
2014-01-28,1252.372153
2014-01-29,1252.372153
2014-01-30,1252.372153
2014-01-31,1252.372153
2014-02-03,1258.893937
2014-02-04,1258.893937
2014-02-05,1258.893937
2014-02-06,1258.893937
2014-02-07,1258.893937
2014-02-10,1273.527065
2014-02-11,1273.527065
2014-02-12,1273.527065
2014-02-13,1273.527065
2014-02-14,1273.527065
2014-02-17,1273.976727
2014-02-18,1273.976727
2014-02-19,1273.976727
2014-02-20,1273.976727
2014-02-21,1273.976727
2014-02-24,1274.911082
2014-02-25,1274.911082
2014-02-26,1274.911082
2014-02-27,1274.911082
2014-02-28,1274.911082
2014-03-03,1284.824636
2014-03-04,1284.824636
2014-03-05,1284.824636
2014-03-06,1284.824636
2014-03-07,1284.824636
2014-03-10,1280.735069
2014-03-11,1280.735069
2014-03-12,1280.735069
2014-03-13,1280.735069
2014-03-14,1280.735069
2014-03-17,1288.91625
2014-03-18,1288.91625
2014-03-19,1288.91625
2014-03-20,1288.91625
2014-03-21,1288.91625
2014-03-24,1289.257833
2014-03-25,1289.257833
2014-03-26,1289.257833
2014-03-27,1289.257833
2014-03-28,1289.257833
2014-03-31,1292.48455
2014-04-01,1292.48455
2014-04-02,1292.48455
2014-04-03,1292.48455
2014-04-04,1292.48455
2014-04-07,1296.987936
2014-04-08,1296.987936
2014-04-09,1296.987936
2014-04-10,1296.987936
2014-04-11,1296.987936
2014-04-14,1309.626146
2014-04-15,1309.626146
2014-04-16,1309.626146
2014-04-17,1309.626146
2014-04-22,1309.626146
2014-04-23,1329.598925
2014-04-24,1329.598925
2014-04-25,1329.598925
2014-04-28,1324.968119
2014-04-29,1324.968119
2014-04-30,1324.968119
2014-05-01,1324.968119
2014-05-02,1324.968119
2014-05-06,1324.402788
2014-05-07,1324.402788
2014-05-08,1324.402788
2014-05-09,1324.402788
2014-05-12,1337.218847
2014-05-13,1337.218847
2014-05-14,1337.218847
2014-05-15,1337.218847
2014-05-16,1337.218847
2014-05-19,1349.577215
2014-05-20,1349.577215
2014-05-21,1349.577215
2014-05-22,1349.577215
2014-05-23,1349.577215
2014-05-27,1347.85482
2014-05-28,1347.85482
2014-05-29,1347.85482
2014-05-30,1347.85482
2014-06-02,1355.278792
2014-06-03,1355.278792
2014-06-04,1355.278792
2014-06-05,1355.278792
2014-06-06,1355.278792
2014-06-09,1359.58243
2014-06-10,1359.58243
2014-06-11,1359.58243
2014-06-12,1359.58243
2014-06-13,1359.58243
2014-06-16,1356.03739
2014-06-17,1356.03739
2014-06-18,1356.03739
2014-06-19,1356.03739
2014-06-20,1356.03739
2014-06-23,1349.903088
2014-06-24,1349.903088
2014-06-25,1349.903088
2014-06-26,1349.903088
2014-06-27,1349.903088
2014-06-30,1339.073284
2014-07-01,1339.073284
2014-07-02,1339.073284
2014-07-03,1339.073284
2014-07-04,1339.073284
2014-07-07,1338.009458
2014-07-08,1338.009458
2014-07-09,1338.009458
2014-07-10,1338.009458
2014-07-11,1338.009458
2014-07-14,1335.490128
2014-07-15,1335.490128
2014-07-16,1335.490128
2014-07-17,1335.490128
2014-07-18,1335.490128
2014-07-21,1341.500006
2014-07-22,1341.500006
2014-07-23,1341.500006
2014-07-24,1341.500006
2014-07-25,1341.500006
2014-07-28,1346.083626
2014-07-29,1346.083626
2014-07-30,1346.083626
2014-07-31,1346.083626
2014-08-01,1346.083626
2014-08-04,1348.339616
2014-08-05,1348.339616
2014-08-06,1348.339616
2014-08-07,1348.339616
2014-08-08,1348.339616
2014-08-11,1343.848465
2014-08-12,1343.848465
2014-08-13,1343.848465
2014-08-14,1343.848465
2014-08-15,1343.848465
2014-08-18,1347.141835
2014-08-19,1347.141835
2014-08-20,1347.141835
2014-08-21,1347.141835
2014-08-22,1347.141835
2014-08-26,1349.033455
2014-08-27,1349.033455
2014-08-28,1349.033455
2014-08-29,1349.033455
2014-09-01,1353.01065
2014-09-02,1353.01065
2014-09-03,1353.01065
2014-09-04,1353.01065
2014-09-05,1353.01065
2014-09-08,1350.457954
2014-09-09,1350.457954
2014-09-10,1350.457954
2014-09-11,1350.457954
2014-09-12,1350.457954
2014-09-15,1347.588249
2014-09-16,1347.588249
2014-09-17,1347.588249
2014-09-18,1347.588249
2014-09-19,1347.588249
2014-09-22,1331.323263
2014-09-23,1331.323263
2014-09-24,1331.323263
2014-09-25,1331.323263
2014-09-26,1331.323263
2014-09-29,1314.638863
2014-09-30,1314.638863
2014-10-01,1314.638863
2014-10-02,1314.638863
2014-10-03,1314.638863
2014-10-06,1300.604944
2014-10-07,1300.604944
2014-10-08,1300.604944
2014-10-09,1300.604944
2014-10-10,1300.604944
2014-10-13,1271.895894
2014-10-14,1271.895894
2014-10-15,1271.895894
2014-10-16,1271.895894
2014-10-17,1271.895894
2014-10-20,1301.893154
2014-10-21,1301.893154
2014-10-22,1301.893154
2014-10-23,1301.893154
2014-10-24,1301.893154
2014-10-27,1296.238378
2014-10-28,1296.238378
2014-10-29,1296.238378
2014-10-30,1296.238378
2014-10-31,1296.238378
2014-11-03,1277.744969
2014-11-04,1277.744969
2014-11-05,1277.744969
2014-11-06,1277.744969
2014-11-07,1277.744969
2014-11-10,1274.008564
2014-11-11,1274.008564
2014-11-12,1274.008564
2014-11-13,1274.008564
2014-11-14,1274.008564
2014-11-17,1268.361827
2014-11-18,1268.361827
2014-11-19,1268.361827
2014-11-20,1268.361827
2014-11-21,1268.361827
2014-11-24,1258.998937
2014-11-25,1258.998937
2014-11-26,1258.998937
2014-11-27,1258.998937
2014-11-28,1258.998937
2014-12-01,1255.856059
2014-12-02,1255.856059
2014-12-03,1255.856059
2014-12-04,1255.856059
2014-12-05,1255.856059
2014-12-08,1251.958453
2014-12-09,1251.958453
2014-12-10,1251.958453
2014-12-11,1251.958453
2014-12-12,1251.958453
2014-12-15,1253.149376
2014-12-16,1253.149376
2014-12-17,1253.149376
2014-12-18,1253.149376
2014-12-19,1253.149376
2014-12-22,1256.108722
2014-12-23,1256.108722
2014-12-24,1256.108722
2014-12-29,1256.108722
2014-12-30,1256.302381
2014-12-31,1256.302381
2015-01-04,1256.302381
2015-01-05,1259.066069
2015-01-06,1259.066069
2015-01-07,1259.066069
2015-01-08,1259.066069
2015-01-09,1259.066069
2015-01-12,1255.878759
2015-01-13,1255.878759
2015-01-14,1255.878759
2015-01-15,1255.878759
2015-01-16,1255.878759
2015-01-19,1250.72718
2015-01-20,1250.72718
2015-01-21,1250.72718
2015-01-22,1250.72718
2015-01-23,1250.72718
2015-01-26,1245.621667
2015-01-27,1245.621667
2015-01-28,1245.621667
2015-01-29,1245.621667
2015-01-30,1245.621667
2015-02-02,1235.481657
2015-02-03,1235.481657
2015-02-04,1235.481657
2015-02-05,1235.481657
2015-02-06,1235.481657
2015-02-09,1225.841243
2015-02-10,1225.841243
2015-02-11,1225.841243
2015-02-12,1225.841243
2015-02-13,1225.841243
2015-02-16,1217.104287
2015-02-17,1217.104287
2015-02-18,1217.104287
2015-02-19,1217.104287
2015-02-20,1217.104287
2015-02-23,1204.812884
2015-02-24,1204.812884
2015-02-25,1204.812884
2015-02-26,1204.812884
2015-02-27,1204.812884
2015-03-02,1208.130452
2015-03-03,1208.130452
2015-03-04,1208.130452
2015-03-05,1208.130452
2015-03-06,1208.130452
2015-03-09,1201.189622
2015-03-10,1201.189622
2015-03-11,1201.189622
2015-03-12,1201.189622
2015-03-13,1201.189622
2015-03-16,1199.011685
2015-03-17,1199.011685
2015-03-18,1199.011685
2015-03-19,1199.011685
2015-03-20,1199.011685
2015-03-23,1201.82602
2015-03-24,1201.82602
2015-03-25,1201.82602
2015-03-26,1201.82602
2015-03-27,1201.82602
2015-03-30,1192.249346
2015-03-31,1192.249346
2015-04-01,1192.249346
2015-04-02,1192.249346
2015-04-07,1193.330176
2015-04-08,1193.330176
2015-04-09,1193.330176
2015-04-10,1193.330176
2015-04-13,1198.367686
2015-04-14,1198.367686
2015-04-15,1198.367686
2015-04-16,1198.367686
2015-04-17,1198.367686
2015-04-20,1199.313749
2015-04-21,1199.313749
2015-04-22,1199.313749
2015-04-23,1199.313749
2015-04-24,1199.313749
2015-04-27,1197.875515
2015-04-28,1197.875515
2015-04-29,1197.875515
2015-04-30,1197.875515
2015-05-01,1197.875515
2015-05-05,1193.8186
2015-05-06,1193.8186
2015-05-07,1193.8186
2015-05-08,1193.8186
2015-05-11,1180.606103
2015-05-12,1180.606103
2015-05-13,1180.606103
2015-05-14,1180.606103
2015-05-15,1180.606103
2015-05-18,1178.853925
2015-05-19,1178.853925
2015-05-20,1178.853925
2015-05-21,1178.853925
2015-05-22,1178.853925
2015-05-26,1172.074632
2015-05-27,1172.074632
2015-05-28,1172.074632
2015-05-29,1172.074632
2015-06-01,1174.325833
2015-06-02,1174.325833
2015-06-03,1174.325833
2015-06-04,1174.325833
2015-06-05,1174.325833
2015-06-08,1174.856535
2015-06-09,1174.856535
2015-06-10,1174.856535
2015-06-11,1174.856535
2015-06-12,1174.856535
2015-06-15,1171.32916
2015-06-16,1171.32916
2015-06-17,1171.32916
2015-06-18,1171.32916
2015-06-19,1171.32916
2015-06-22,1141.845042
2015-06-23,1141.845042
2015-06-24,1141.845042
2015-06-25,1141.845042
2015-06-26,1141.845042
2015-06-29,1136.497892
2015-06-30,1136.497892
2015-07-01,1136.497892
2015-07-02,1136.497892
2015-07-03,1136.497892
2015-07-06,1116.88701
2015-07-07,1116.88701
2015-07-08,1116.88701
2015-07-09,1116.88701
2015-07-10,1116.88701
2015-07-13,1104.915615
2015-07-14,1104.915615
2015-07-15,1104.915615
2015-07-16,1104.915615
2015-07-17,1104.915615
2015-07-20,1099.099444
2015-07-21,1099.099444
2015-07-22,1099.099444
2015-07-23,1099.099444
2015-07-24,1099.099444
2015-07-27,1100.163456
2015-07-28,1100.163456
2015-07-29,1100.163456
2015-07-30,1100.163456
2015-07-31,1100.163456
2015-08-03,1097.367254
2015-08-04,1097.367254
2015-08-05,1097.367254
2015-08-06,1097.367254
2015-08-07,1097.367254
2015-08-10,1096.53501
2015-08-11,1096.53501
2015-08-12,1096.53501
2015-08-13,1096.53501
2015-08-14,1096.53501
2015-08-17,1090.137146
2015-08-18,1090.137146
2015-08-19,1090.137146
2015-08-20,1090.137146
2015-08-21,1090.137146
2015-08-24,1080.555937
2015-08-25,1080.555937
2015-08-26,1080.555937
2015-08-27,1080.555937
2015-08-28,1080.555937
2015-09-01,1070.959496
2015-09-02,1070.959496
2015-09-03,1070.959496
2015-09-04,1070.959496
2015-09-07,1060.055677
2015-09-08,1060.055677
2015-09-09,1060.055677
2015-09-10,1060.055677
2015-09-11,1060.055677
2015-09-14,1055.012482
2015-09-15,1055.012482
2015-09-16,1055.012482
2015-09-17,1055.012482
2015-09-18,1055.012482
2015-09-21,1061.890182
2015-09-22,1061.890182
2015-09-23,1061.890182
2015-09-24,1061.890182
2015-09-25,1061.890182
2015-09-28,1059.693012
2015-09-29,1059.693012
2015-09-30,1059.693012
2015-10-01,1059.693012
2015-10-02,1059.693012
2015-10-05,1057.279135
2015-10-06,1057.279135
2015-10-07,1057.279135
2015-10-08,1057.279135
2015-10-09,1057.279135
2015-10-12,1044.826166
2015-10-13,1044.826166
2015-10-14,1044.826166
2015-10-15,1044.826166
2015-10-16,1044.826166
2015-10-19,1016.276401
2015-10-20,1016.276401
2015-10-21,1016.276401
2015-10-22,1016.276401
2015-10-23,1016.276401
2015-10-26,990.3759292
2015-10-27,990.3759292
2015-10-28,990.3759292
2015-10-29,990.3759292
2015-10-30,990.3759292
2015-11-02,1003.643175
2015-11-03,1003.643175
2015-11-04,1003.643175
2015-11-05,1003.643175
2015-11-06,1003.643175
2015-11-09,1000.194864
2015-11-10,1000.194864
2015-11-11,1000.194864
2015-11-12,1000.194864
2015-11-13,1000.194864
2015-11-16,988.3583109
2015-11-17,988.3583109
2015-11-18,988.3583109
2015-11-19,988.3583109
2015-11-20,988.3583109
2015-11-23,988.8171247
2015-11-24,988.8171247
2015-11-25,988.8171247
2015-11-26,988.8171247
2015-11-27,988.8171247
2015-11-30,981.4010837
2015-12-01,981.4010837
2015-12-02,981.4010837
2015-12-03,981.4010837
2015-12-04,981.4010837
2015-12-07,979.8206132
2015-12-08,979.8206132
2015-12-09,979.8206132
2015-12-10,979.8206132
2015-12-11,979.8206132
2015-12-14,988.6906597
2015-12-15,988.6906597
2015-12-16,988.6906597
2015-12-17,988.6906597
2015-12-18,988.6906597
2015-12-21,987.4208095
2015-12-22,987.4208095
2015-12-23,987.4208095
2015-12-24,987.4208095
2015-12-29,995.6592914
2015-12-30,995.6592914
2015-12-31,995.6592914
2016-01-04,995.6592914
2016-01-05,996.8621937
2016-01-06,996.8621937
2016-01-07,996.8621937
2016-01-08,996.8621937
2016-01-11,997.2148796
2016-01-12,997.2148796
2016-01-13,997.2148796
2016-01-14,997.2148796
2016-01-15,997.2148796
2016-01-18,1001.191259
2016-01-19,1001.191259
2016-01-20,1001.191259
2016-01-21,1001.191259
2016-01-22,1001.191259
2016-01-25,1004.972248
2016-01-26,1004.972248
2016-01-27,1004.972248
2016-01-28,1004.972248
2016-01-29,1004.972248
2016-02-01,998.8118494
2016-02-02,998.8118494
2016-02-03,998.8118494
2016-02-04,998.8118494
2016-02-05,998.8118494
2016-02-08,1001.29181
2016-02-09,1001.29181
2016-02-10,1001.29181
2016-02-11,1001.29181
2016-02-12,1001.29181
2016-02-15,999.8153158
2016-02-16,999.8153158
2016-02-17,999.8153158
2016-02-18,999.8153158
2016-02-19,999.8153158
2016-02-22,1001.019259
2016-02-23,1001.019259
2016-02-24,1001.019259
2016-02-25,1001.019259
2016-02-26,1001.019259
2016-02-29,1005.112543
2016-03-01,1005.112543
2016-03-02,1005.112543
2016-03-03,1005.112543
2016-03-04,1005.112543
2016-03-07,1014.209823
2016-03-08,1014.209823
2016-03-09,1014.209823
2016-03-10,1014.209823
2016-03-11,1014.209823
2016-03-14,1023.751927
2016-03-15,1023.751927
2016-03-16,1023.751927
2016-03-17,1023.751927
2016-03-18,1023.751927
2016-03-21,1035.78566
2016-03-22,1035.78566
2016-03-23,1035.78566
2016-03-24,1035.78566
2016-03-29,1037.66943
2016-03-30,1037.66943
2016-03-31,1037.66943
2016-04-01,1037.66943
2016-04-04,1020.643819
2016-04-05,1020.643819
2016-04-06,1020.643819
2016-04-07,1020.643819
2016-04-08,1020.643819
2016-04-11,1010.957257
2016-04-12,1010.957257
2016-04-13,1010.957257
2016-04-14,1010.957257
2016-04-15,1010.957257
2016-04-18,1007.946898
2016-04-19,1007.946898
2016-04-20,1007.946898
2016-04-21,1007.946898
2016-04-22,1007.946898
2016-04-25,1005.587497
2016-04-26,1005.587497
2016-04-27,1005.587497
2016-04-28,1005.587497
2016-04-29,1005.587497
2016-05-03,1022.523785
2016-05-04,1022.523785
2016-05-05,1022.523785
2016-05-06,1022.523785
2016-05-09,1036.890574
2016-05-10,1036.890574
2016-05-11,1036.890574
2016-05-12,1036.890574
2016-05-13,1036.890574
2016-05-16,1047.200574
2016-05-17,1047.200574
2016-05-18,1047.200574
2016-05-19,1047.200574
2016-05-20,1047.200574
2016-05-23,1047.718857
2016-05-24,1047.718857
2016-05-25,1047.718857
2016-05-26,1047.718857
2016-05-27,1047.718857
2016-05-31,1066.926816
2016-06-01,1066.926816
2016-06-02,1066.926816
2016-06-03,1066.926816
2016-06-06,1060.872246
2016-06-07,1060.872246
2016-06-08,1060.872246
2016-06-09,1060.872246
2016-06-10,1060.872246
2016-06-13,1062.353649
2016-06-14,1062.353649
2016-06-15,1062.353649
2016-06-16,1062.353649
2016-06-17,1062.353649
2016-06-20,1057.830534
2016-06-21,1057.830534
2016-06-22,1057.830534
2016-06-23,1057.830534
2016-06-24,1057.830534
2016-06-27,1053.832029
2016-06-28,1053.832029
2016-06-29,1053.832029
2016-06-30,1053.832029
2016-07-01,1053.832029
2016-07-04,1044.30239
2016-07-05,1044.30239
2016-07-06,1044.30239
2016-07-07,1044.30239
2016-07-08,1044.30239
2016-07-11,1035.586534
2016-07-12,1035.586534
2016-07-13,1035.586534
2016-07-14,1035.586534
2016-07-15,1035.586534
2016-07-18,1034.540943
2016-07-19,1034.540943
2016-07-20,1034.540943
2016-07-21,1034.540943
2016-07-22,1034.540943
2016-07-25,1039.826318
2016-07-26,1039.826318
2016-07-27,1039.826318
2016-07-28,1039.826318
2016-07-29,1039.826318
2016-08-01,1085.709536
2016-08-02,1085.709536
2016-08-03,1085.709536
2016-08-04,1085.709536
2016-08-05,1085.709536
2016-08-08,1106.289474
2016-08-09,1106.289474
2016-08-10,1106.289474
2016-08-11,1106.289474
2016-08-12,1106.289474
2016-08-15,1110.455754
2016-08-16,1110.455754
2016-08-17,1110.455754
2016-08-18,1110.455754
2016-08-19,1110.455754
2016-08-22,1107.730846
2016-08-23,1107.730846
2016-08-24,1107.730846
2016-08-25,1107.730846
2016-08-26,1107.730846
2016-08-30,1105.959764
2016-08-31,1105.959764
2016-09-01,1105.959764
2016-09-02,1105.959764
2016-09-05,1095.522876
2016-09-06,1095.522876
2016-09-07,1095.522876
2016-09-08,1095.522876
2016-09-09,1095.522876
2016-09-12,1105.303373
2016-09-13,1105.303373
2016-09-14,1105.303373
2016-09-15,1105.303373
2016-09-16,1105.303373
2016-09-19,1101.472074
2016-09-20,1101.472074
2016-09-21,1101.472074
2016-09-22,1101.472074
2016-09-23,1101.472074
2016-09-26,1106.396857
2016-09-27,1106.396857
2016-09-28,1106.396857
2016-09-29,1106.396857
2016-09-30,1106.396857
2016-10-03,1127.659538
2016-10-04,1127.659538
2016-10-05,1127.659538
2016-10-06,1127.659538
2016-10-07,1127.659538
2016-10-10,1105.260234
2016-10-11,1105.260234
2016-10-12,1105.260234
2016-10-13,1105.260234
2016-10-14,1105.260234
2016-10-17,1123.859746
2016-10-18,1123.859746
2016-10-19,1123.859746
2016-10-20,1123.859746
2016-10-21,1123.859746
2016-10-24,1122.259491
2016-10-25,1122.259491
2016-10-26,1122.259491
2016-10-27,1122.259491
2016-10-28,1122.259491
2016-10-31,1141.027319
2016-11-01,1141.027319
2016-11-02,1141.027319
2016-11-03,1141.027319
2016-11-04,1141.027319
2016-11-07,1187.105826
2016-11-08,1187.105826
2016-11-09,1187.105826
2016-11-10,1187.105826
2016-11-11,1187.105826
2016-11-14,1228.160105
2016-11-15,1228.160105
2016-11-16,1228.160105
2016-11-17,1228.160105
2016-11-18,1228.160105
2016-11-21,1256.615743
2016-11-22,1256.615743
2016-11-23,1256.615743
2016-11-24,1256.615743
2016-11-25,1256.615743
2016-11-28,1258.512917
2016-11-29,1258.512917
2016-11-30,1258.512917
2016-12-01,1258.512917
2016-12-02,1258.512917
2016-12-05,1303.993301
2016-12-06,1303.993301
2016-12-07,1303.993301
2016-12-08,1303.993301
2016-12-09,1303.993301
2016-12-12,1321.126312
2016-12-13,1321.126312
2016-12-14,1321.126312
2016-12-15,1321.126312
2016-12-16,1321.126312
2016-12-19,1336.236978
2016-12-20,1336.236978
2016-12-21,1336.236978
2016-12-22,1336.236978
2016-12-23,1336.236978
2016-12-28,1392.638371
2016-12-29,1392.638371
2016-12-30,1392.638371
2017-01-03,1374.178534
2017-01-04,1374.178534
2017-01-05,1374.178534
2017-01-06,1374.178534
2017-01-09,1435.977202
2017-01-10,1435.977202
2017-01-11,1435.977202
2017-01-12,1435.977202
2017-01-13,1435.977202
2017-01-16,1477.787097
2017-01-17,1477.787097
2017-01-18,1477.787097
2017-01-19,1477.787097
2017-01-20,1477.787097
2017-01-23,1466.506533
2017-01-24,1466.506533
2017-01-25,1466.506533
2017-01-26,1466.506533
2017-01-27,1466.506533
2017-01-30,1479.662497
2017-01-31,1479.662497
2017-02-01,1479.662497
2017-02-02,1479.662497
2017-02-03,1479.662497
2017-02-06,1489.237489
2017-02-07,1489.237489
2017-02-08,1489.237489
2017-02-09,1489.237489
2017-02-10,1489.237489
2017-02-13,1497.219461
2017-02-14,1497.219461
2017-02-15,1497.219461
2017-02-16,1497.219461
2017-02-17,1497.219461
2017-02-20,1510.963976
2017-02-21,1510.963976
2017-02-22,1510.963976
2017-02-23,1510.963976
2017-02-24,1510.963976
2017-02-27,1559.692815
2017-02-28,1559.692815
2017-03-01,1559.692815
2017-03-02,1559.692815
2017-03-03,1559.692815
2017-03-06,1549.511616
2017-03-07,1549.511616
2017-03-08,1549.511616
2017-03-09,1549.511616
2017-03-10,1549.511616
2017-03-13,1545.685082
2017-03-14,1545.685082
2017-03-15,1545.685082
2017-03-16,1545.685082
2017-03-17,1545.685082
2017-03-20,1605.933851
2017-03-21,1605.933851
2017-03-22,1605.933851
2017-03-23,1605.933851
2017-03-24,1605.933851
2017-03-27,1653.963656
2017-03-28,1653.963656
2017-03-29,1653.963656
2017-03-30,1653.963656
2017-03-31,1653.963656
2017-04-03,1648.910606
2017-04-04,1648.910606
2017-04-05,1648.910606
2017-04-06,1648.910606
2017-04-07,1648.910606
2017-04-10,1644.531253
2017-04-11,1644.531253
2017-04-12,1644.531253
2017-04-13,1644.531253
2017-04-14,1644.531253
2017-04-17,1665.081094
2017-04-18,1665.081094
2017-04-19,1665.081094
2017-04-20,1665.081094
2017-04-21,1665.081094
2017-04-24,1642.305696
2017-04-25,1642.305696
2017-04-26,1642.305696
2017-04-27,1642.305696
2017-04-28,1642.305696
2017-05-01,1625.767144
2017-05-02,1625.767144
2017-05-03,1625.767144
2017-05-04,1625.767144
2017-05-05,1625.767144
2017-05-08,1629.5076
2017-05-09,1629.5076
2017-05-10,1629.5076
2017-05-11,1629.5076
2017-05-12,1629.5076
2017-05-15,1611.033019
2017-05-16,1611.033019
2017-05-17,1611.033019
2017-05-18,1611.033019
2017-05-19,1611.033019
2017-05-22,1592.001558
2017-05-23,1592.001558
2017-05-24,1592.001558
2017-05-25,1592.001558
2017-05-26,1592.001558
2017-05-29,1585.099153
2017-05-30,1585.099153
2017-05-31,1585.099153
2017-06-01,1585.099153
2017-06-02,1585.099153
2017-06-05,1603.775876
2017-06-06,1603.775876
2017-06-07,1603.775876
2017-06-08,1603.775876
2017-06-09,1603.775876
2017-06-12,1607.273354
2017-06-13,1607.273354
2017-06-14,1607.273354
2017-06-15,1607.273354
2017-06-16,1607.273354
2017-06-19,1575.94313
2017-06-20,1575.94313
2017-06-21,1575.94313
2017-06-22,1575.94313
2017-06-23,1575.94313
2017-06-26,1570.79245
2017-06-27,1570.79245
2017-06-28,1570.79245
2017-06-29,1570.79245
2017-06-30,1570.79245
2017-07-03,1606.99254
2017-07-04,1606.99254
2017-07-05,1606.99254
2017-07-06,1606.99254
2017-07-07,1606.99254
2017-07-10,1596.155053
2017-07-11,1596.155053
2017-07-12,1596.155053
2017-07-13,1596.155053
2017-07-14,1596.155053
2017-07-17,1592.912559
2017-07-18,1592.912559
2017-07-19,1592.912559
2017-07-20,1592.912559
2017-07-21,1592.912559
2017-07-24,1581.276115
2017-07-25,1581.276115
2017-07-26,1581.276115
2017-07-27,1581.276115
2017-07-28,1581.276115
2017-07-31,1587.461227
2017-08-01,1587.461227
2017-08-02,1587.461227
2017-08-03,1587.461227
2017-08-04,1587.461227
2017-08-07,1623.128979
2017-08-08,1623.128979
2017-08-09,1623.128979
2017-08-10,1623.128979
2017-08-11,1623.128979
2017-08-14,1643.211155
2017-08-15,1643.211155
2017-08-16,1643.211155
2017-08-17,1643.211155
2017-08-18,1643.211155
2017-08-21,1640.315886
2017-08-22,1640.315886
2017-08-23,1640.315886
2017-08-24,1640.315886
2017-08-25,1640.315886
2017-08-28,1640.412207
2017-08-29,1640.412207
2017-08-30,1640.412207
2017-08-31,1640.412207
2017-09-01,1640.412207
2017-09-04,1662.24176
2017-09-05,1662.24176
2017-09-06,1662.24176
2017-09-07,1662.24176
2017-09-08,1662.24176
2017-09-11,1681.414593
2017-09-12,1681.414593
2017-09-13,1681.414593
2017-09-14,1681.414593
2017-09-15,1681.414593
2017-09-18,1720.989417
2017-09-19,1720.989417
2017-09-20,1720.989417
2017-09-21,1720.989417
2017-09-22,1720.989417
2017-09-25,1732.581764
2017-09-26,1732.581764
2017-09-27,1732.581764
2017-09-28,1732.581764
2017-09-29,1732.581764
2017-10-02,1724.575135
2017-10-03,1724.575135
2017-10-04,1724.575135
2017-10-05,1724.575135
2017-10-06,1724.575135
2017-10-09,1726.359714
2017-10-10,1726.359714
2017-10-11,1726.359714
2017-10-12,1726.359714
2017-10-13,1726.359714
2017-10-16,1747.918539
2017-10-17,1747.918539
2017-10-18,1747.918539
2017-10-19,1747.918539
2017-10-20,1747.918539
2017-10-23,1745.495488
2017-10-24,1745.495488
2017-10-25,1745.495488
2017-10-26,1745.495488
2017-10-27,1745.495488
2017-10-30,1738.310096
2017-10-31,1738.310096
2017-11-01,1738.310096
2017-11-02,1738.310096
2017-11-03,1738.310096
2017-11-06,1733.709454
2017-11-07,1733.709454
2017-11-08,1733.709454
2017-11-09,1733.709454
2017-11-10,1733.709454
2017-11-13,1732.82648
2017-11-14,1732.82648
2017-11-15,1732.82648
2017-11-16,1732.82648
2017-11-17,1732.82648
2017-11-20,1725.356572
2017-11-21,1725.356572
2017-11-22,1725.356572
2017-11-23,1725.356572
2017-11-24,1725.356572
2017-11-27,1726.474843
2017-11-28,1726.474843
2017-11-29,1726.474843
2017-11-30,1726.474843
2017-12-01,1726.474843
2017-12-04,1730.839135
2017-12-05,1730.839135
2017-12-06,1730.839135
2017-12-07,1730.839135
2017-12-08,1730.839135
2017-12-11,1759.265298
2017-12-12,1759.265298
2017-12-13,1759.265298
2017-12-14,1759.265298
2017-12-15,1759.265298
2017-12-18,1841.906879
2017-12-19,1841.906879
2017-12-20,1841.906879
2017-12-21,1841.906879
2017-12-22,1841.906879
2017-12-26,1860.439151
2017-12-27,1860.439151
2017-12-28,1860.439151
2017-12-29,1860.439151
2018-01-02,1883.191921
2018-01-03,1883.191921
2018-01-04,1883.191921
2018-01-05,1883.191921
2018-01-08,1920.238732
2018-01-09,1920.238732
2018-01-10,1920.238732
2018-01-11,1920.238732
2018-01-12,1920.238732
2018-01-15,1919.618473
2018-01-16,1919.618473
2018-01-17,1919.618473
2018-01-18,1919.618473
2018-01-19,1919.618473
2018-01-22,1942.017253
2018-01-23,1942.017253
2018-01-24,1942.017253
2018-01-25,1942.017253
2018-01-26,1942.017253
2018-01-29,1963.047578
2018-01-30,1963.047578
2018-01-31,1963.047578
2018-02-01,1963.047578
2018-02-02,1963.047578
2018-02-05,1954.358974
2018-02-06,1954.358974
2018-02-07,1954.358974
2018-02-08,1954.358974
2018-02-09,1954.358974
2018-02-12,1955.725963
2018-02-13,1955.725963
2018-02-14,1955.725963
2018-02-15,1955.725963
2018-02-16,1955.725963
2018-02-19,1927.597889
2018-02-20,1927.597889
2018-02-21,1927.597889
2018-02-22,1927.597889
2018-02-23,1927.597889
2018-02-26,1933.538919
2018-02-27,1933.538919
2018-02-28,1933.538919
2018-03-01,1933.538919
2018-03-02,1933.538919
2018-03-05,1968.748002
2018-03-06,1968.748002
2018-03-07,1968.748002
2018-03-08,1968.748002
2018-03-09,1968.748002
2018-03-12,1992.66687
2018-03-13,1992.66687
2018-03-14,1992.66687
2018-03-15,1992.66687
2018-03-16,1992.66687
2018-03-19,2000.581977
2018-03-20,2000.581977
2018-03-21,2000.581977
2018-03-22,2000.581977
2018-03-23,2000.581977
2018-03-26,2026.944273
2018-03-27,2026.944273
2018-03-28,2026.944273
2018-03-29,2026.944273
2018-03-30,2026.944273
2018-04-02,2020.189979
2018-04-03,2020.189979
2018-04-04,2020.189979
2018-04-05,2020.189979
2018-04-06,2020.189979
2018-04-09,2015.182271
2018-04-10,2015.182271
2018-04-11,2015.182271
2018-04-12,2015.182271
2018-04-13,2015.182271
2018-04-16,1995.961708
2018-04-17,1995.961708
2018-04-18,1995.961708
2018-04-19,1995.961708
2018-04-20,1995.961708
2018-04-23,1991.567158
2018-04-24,1991.567158
2018-04-25,1991.567158
2018-04-26,1991.567158
2018-04-27,1991.567158
2018-04-30,1997.356932
2018-05-01,1997.356932
2018-05-02,1997.356932
2018-05-03,1997.356932
2018-05-04,1997.356932
2018-05-08,1985.559858
2018-05-09,1985.559858
2018-05-10,1985.559858
2018-05-11,1985.559858
2018-05-14,1960.503584
2018-05-15,1960.503584
2018-05-16,1960.503584
2018-05-17,1960.503584
2018-05-18,1960.503584
2018-05-21,1948.279459
2018-05-22,1948.279459
2018-05-23,1948.279459
2018-05-24,1948.279459
2018-05-25,1948.279459
2018-05-28,1933.541273
2018-05-29,1933.541273
2018-05-30,1933.541273
2018-05-31,1933.541273
2018-06-01,1933.541273
2018-06-04,1924.655236
2018-06-05,1924.655236
2018-06-06,1924.655236
2018-06-07,1924.655236
2018-06-08,1924.655236
2018-06-11,1916.437064
2018-06-12,1916.437064
2018-06-13,1916.437064
2018-06-14,1916.437064
2018-06-15,1916.437064
2018-06-18,1886.174272
2018-06-19,1886.174272
2018-06-20,1886.174272
2018-06-21,1886.174272
2018-06-22,1886.174272
2018-06-25,1883.569644
2018-06-26,1883.569644
2018-06-27,1883.569644
2018-06-28,1883.569644
2018-06-29,1883.569644
2018-07-02,1866.484893
2018-07-03,1866.484893
2018-07-04,1866.484893
2018-07-05,1866.484893
2018-07-06,1866.484893
2018-07-09,1869.164577
2018-07-10,1869.164577
2018-07-11,1869.164577
2018-07-12,1869.164577
2018-07-13,1869.164577
2018-07-16,1854.471089
2018-07-17,1854.471089
2018-07-18,1854.471089
2018-07-19,1854.471089
2018-07-20,1854.471089
2018-07-23,1835.921262
2018-07-24,1835.921262
2018-07-25,1835.921262
2018-07-26,1835.921262
2018-07-27,1835.921262
2018-07-30,1795.054762
2018-07-31,1795.054762
2018-08-01,1795.054762
2018-08-02,1795.054762
2018-08-03,1795.054762
2018-08-06,1806.051147
2018-08-07,1806.051147
2018-08-08,1806.051147
2018-08-09,1806.051147
2018-08-10,1806.051147
2018-08-13,1757.005556
2018-08-14,1757.005556
2018-08-15,1757.005556
2018-08-16,1757.005556
2018-08-17,1757.005556
2018-08-20,1737.391706
2018-08-21,1737.391706
2018-08-22,1737.391706
2018-08-23,1737.391706
2018-08-24,1737.391706
2018-08-27,1729.047602
2018-08-28,1729.047602
2018-08-29,1729.047602
2018-08-30,1729.047602
2018-08-31,1729.047602
2018-09-03,1713.071003
2018-09-04,1713.071003
2018-09-05,1713.071003
2018-09-06,1713.071003
2018-09-07,1713.071003
2018-09-10,1715.393838
2018-09-11,1715.393838
2018-09-12,1715.393838
2018-09-13,1715.393838
2018-09-14,1715.393838
2018-09-17,1746.610733
2018-09-18,1746.610733
2018-09-19,1746.610733
2018-09-20,1746.610733
2018-09-21,1746.610733
2018-09-24,1734.860636
2018-09-25,1734.860636
2018-09-26,1734.860636
2018-09-27,1734.860636
2018-09-28,1734.860636
2018-10-01,1705.239278
2018-10-02,1705.239278
2018-10-03,1705.239278
2018-10-04,1705.239278
2018-10-05,1705.239278
2018-10-08,1724.137272
2018-10-09,1724.137272
2018-10-10,1724.137272
2018-10-11,1724.137272
2018-10-12,1724.137272
2018-10-15,1721.932628
2018-10-16,1721.932628
2018-10-17,1721.932628
2018-10-18,1721.932628
2018-10-19,1721.932628
2018-10-22,1707.458322
2018-10-23,1707.458322
2018-10-24,1707.458322
2018-10-25,1707.458322
2018-10-26,1707.458322
2018-10-29,1722.102538
2018-10-30,1722.102538
2018-10-31,1722.102538
2018-11-01,1722.102538
2018-11-02,1722.102538
2018-11-05,1682.70337
2018-11-06,1682.70337
2018-11-07,1682.70337
2018-11-08,1682.70337
2018-11-09,1682.70337
2018-11-12,1617.318982
2018-11-13,1617.318982
2018-11-14,1617.318982
2018-11-15,1617.318982
2018-11-16,1617.318982
2018-11-19,1677.072665
2018-11-20,1677.072665
2018-11-21,1677.072665
2018-11-22,1677.072665
2018-11-23,1677.072665
2018-11-26,1666.474054
2018-11-27,1666.474054
2018-11-28,1666.474054
2018-11-29,1666.474054
2018-11-30,1666.474054
2018-12-03,1645.27477
2018-12-04,1645.27477
2018-12-05,1645.27477
2018-12-06,1645.27477
2018-12-07,1645.27477
2018-12-10,1597.777059
2018-12-11,1597.777059
2018-12-12,1597.777059
2018-12-13,1597.777059
2018-12-14,1597.777059
2018-12-17,1584.283242
2018-12-18,1584.283242
2018-12-19,1584.283242
2018-12-20,1584.283242
2018-12-21,1584.283242
2018-12-24,1581.114135
2018-12-25,1581.114135
2018-12-26,1581.114135
2018-12-27,1581.114135
2018-12-28,1581.114135
2018-12-31,1555.541119
2019-01-01,1555.541119
2019-01-02,1555.541119
2019-01-03,1555.541119
2019-01-04,1555.541119
2019-01-07,1552.201972
2019-01-08,1552.201972
2019-01-09,1552.201972
2019-01-10,1552.201972
2019-01-11,1552.201972
2019-01-14,1524.713657
2019-01-15,1524.713657
2019-01-16,1524.713657
2019-01-17,1524.713657
2019-01-18,1524.713657
2019-01-21,1440.661474
2019-01-22,1440.661474
2019-01-23,1440.661474
2019-01-24,1440.661474
2019-01-25,1440.661474
2019-01-28,1424.818349
2019-01-29,1424.818349
2019-01-30,1424.818349
2019-01-31,1424.818349
2019-02-01,1424.818349
2019-02-04,1404.827224
2019-02-05,1404.827224
2019-02-06,1404.827224
2019-02-07,1404.827224
2019-02-08,1404.827224
2019-02-11,1397.55294
2019-02-12,1397.55294
2019-02-13,1397.55294
2019-02-14,1397.55294
2019-02-15,1397.55294
2019-02-18,1390.411907
2019-02-19,1390.411907
2019-02-20,1390.411907
2019-02-21,1390.411907
2019-02-22,1390.411907
2019-02-25,1389.190466
2019-02-26,1389.190466
2019-02-27,1389.190466
2019-02-28,1389.190466
2019-03-01,1389.190466
2019-03-04,1375.212132
2019-03-05,1375.212132
2019-03-06,1375.212132
2019-03-07,1375.212132
2019-03-08,1375.212132
2019-03-11,1366.496668
2019-03-12,1366.496668
2019-03-13,1366.496668
2019-03-14,1366.496668
2019-03-15,1366.496668
2019-03-18,1362.748132
2019-03-19,1362.748132
2019-03-20,1362.748132
2019-03-21,1362.748132
2019-03-22,1362.748132
2019-03-25,1351.671685
2019-03-26,1351.671685
2019-03-27,1351.671685
2019-03-28,1351.671685
2019-03-29,1351.671685
2019-04-01,1386.151757
2019-04-02,1386.151757
2019-04-03,1386.151757
2019-04-04,1386.151757
2019-04-05,1386.151757
2019-04-08,1401.95337
2019-04-09,1401.95337
2019-04-10,1401.95337
2019-04-11,1401.95337
2019-04-12,1401.95337
2019-04-15,1410.6553
2019-04-16,1410.6553
2019-04-17,1410.6553
2019-04-18,1410.6553
2019-04-19,1410.6553
2019-04-22,1405.230145
2019-04-23,1405.230145
2019-04-24,1405.230145
2019-04-25,1405.230145
2019-04-26,1405.230145
2019-04-29,1398.638543
2019-04-30,1398.638543
2019-05-01,1398.638543
2019-05-02,1398.638543
2019-05-03,1398.638543
2019-05-06,1398.638543
2019-05-07,1395.604113
2019-05-08,1395.604113
2019-05-09,1395.604113
2019-05-10,1395.604113
2019-05-13,1399.444536
2019-05-14,1399.444536
2019-05-15,1399.444536
2019-05-16,1399.444536
2019-05-17,1399.444536
2019-05-20,1378.988321
2019-05-21,1378.988321
2019-05-22,1378.988321
2019-05-23,1378.988321
2019-05-24,1378.988321
2019-05-27,1377.507657
2019-05-28,1377.507657
2019-05-29,1377.507657
2019-05-30,1377.507657
2019-05-31,1377.507657
2019-06-03,1371.866143
2019-06-04,1371.866143
2019-06-05,1371.866143
2019-06-06,1371.866143
2019-06-07,1371.866143
2019-06-10,1360.725401
2019-06-11,1360.725401
2019-06-12,1360.725401
2019-06-13,1360.725401
2019-06-14,1360.725401
2019-06-17,1320.788721
2019-06-18,1320.788721
2019-06-19,1320.788721
2019-06-20,1320.788721
2019-06-21,1320.788721
2019-06-24,1321.212442
2019-06-25,1321.212442
2019-06-26,1321.212442
2019-06-27,1321.212442
2019-06-28,1321.212442
2019-07-01,1307.490444
2019-07-02,1307.490444
2019-07-03,1307.490444
2019-07-04,1307.490444
2019-07-05,1307.490444
2019-07-08,1304.280959
2019-07-09,1304.280959
2019-07-10,1304.280959
2019-07-11,1304.280959
2019-07-12,1304.280959
2019-07-15,1287.361345
2019-07-16,1287.361345
2019-07-17,1287.361345
2019-07-18,1287.361345
2019-07-19,1287.361345
2019-07-22,1268.852097
2019-07-23,1268.852097
2019-07-24,1268.852097
2019-07-25,1268.852097
2019-07-26,1268.852097
2019-07-29,1262.586692
2019-07-30,1262.586692
2019-07-31,1262.586692
2019-08-01,1262.586692
2019-08-02,1262.586692
2019-08-05,1249.246385
2019-08-06,1249.246385
2019-08-07,1249.246385
2019-08-08,1249.246385
2019-08-09,1249.246385
2019-08-12,1245.213752
2019-08-13,1245.213752
2019-08-14,1245.213752
2019-08-15,1245.213752
2019-08-16,1245.213752
2019-08-19,1279.920092
2019-08-20,1279.920092
2019-08-21,1279.920092
2019-08-22,1279.920092
2019-08-23,1279.920092
2019-08-26,1298.120758
2019-08-27,1298.120758
2019-08-28,1298.120758
2019-08-29,1298.120758
2019-08-30,1298.120758
2019-09-02,1242.963389
2019-09-03,1242.963389
2019-09-04,1242.963389
2019-09-05,1242.963389
2019-09-06,1242.963389
2019-09-09,1235.833015
2019-09-10,1235.833015
2019-09-11,1235.833015
2019-09-12,1235.833015
2019-09-13,1235.833015
2019-09-16,1230.29613
2019-09-17,1230.29613
2019-09-18,1230.29613
2019-09-19,1230.29613
2019-09-20,1230.29613
2019-09-23,1245.13984
2019-09-24,1245.13984
2019-09-25,1245.13984
2019-09-26,1245.13984
2019-09-27,1245.13984
2019-09-30,1249.456254
2019-10-01,1249.456254
2019-10-02,1249.456254
2019-10-03,1249.456254
2019-10-04,1249.456254
2019-10-07,1238.128487
2019-10-08,1238.128487
2019-10-09,1238.128487
2019-10-10,1238.128487
2019-10-11,1238.128487
2019-10-14,1230.863375
2019-10-15,1230.863375
2019-10-16,1230.863375
2019-10-17,1230.863375
2019-10-18,1230.863375
2019-10-21,1225.555537
2019-10-22,1225.555537
2019-10-23,1225.555537
2019-10-24,1225.555537
2019-10-25,1225.555537
2019-10-28,1216.21574
2019-10-29,1216.21574
2019-10-30,1216.21574
2019-10-31,1216.21574
2019-11-01,1216.21574
2019-11-04,1194.680829
2019-11-05,1194.680829
2019-11-06,1194.680829
2019-11-07,1194.680829
2019-11-08,1194.680829
2019-11-11,1164.923959
2019-11-12,1164.923959
2019-11-13,1164.923959
2019-11-14,1164.923959
2019-11-15,1164.923959
2019-11-18,1143.262658
2019-11-19,1143.262658
2019-11-20,1143.262658
2019-11-21,1143.262658
2019-11-22,1143.262658
2019-11-25,1145.379212
2019-11-26,1145.379212
2019-11-27,1145.379212
2019-11-28,1145.379212
2019-11-29,1145.379212
2019-12-02,1130.061874
2019-12-03,1130.061874
2019-12-04,1130.061874
2019-12-05,1130.061874
2019-12-06,1130.061874
2019-12-09,1122.458392
2019-12-10,1122.458392
2019-12-11,1122.458392
2019-12-12,1122.458392
2019-12-13,1122.458392
2019-12-16,1110.285476
2019-12-17,1110.285476
2019-12-18,1110.285476
2019-12-19,1110.285476
2019-12-20,1110.285476
2019-12-23,1104.705786
2019-12-24,1104.705786
2019-12-25,1104.705786
2019-12-26,1104.705786
2019-12-27,1104.705786
2019-12-30,1104.634033
2019-12-31,1104.634033
2020-01-01,1104.634033
2020-01-02,1104.634033
2020-01-03,1104.634033
2020-01-06,1100.868717
2020-01-07,1100.868717
2020-01-08,1100.868717
2020-01-09,1100.868717
2020-01-10,1100.868717
2020-01-13,1103.598082
2020-01-14,1103.598082
2020-01-15,1103.598082
2020-01-16,1103.598082
2020-01-17,1103.598082
2020-01-20,1110.946458
2020-01-21,1110.946458
2020-01-22,1110.946458
2020-01-23,1110.946458
2020-01-24,1110.946458
2020-01-27,1116.261207
2020-01-28,1116.261207
2020-01-29,1116.261207
2020-01-30,1116.261207
2020-01-31,1116.261207
2020-02-03,1126.733721
2020-02-04,1126.733721
2020-02-05,1126.733721
2020-02-06,1126.733721
2020-02-07,1126.733721
2020-02-10,1137.752292
2020-02-11,1137.752292
2020-02-12,1137.752292
2020-02-13,1137.752292
2020-02-14,1137.752292
2020-02-17,1152.980855
2020-02-18,1152.980855
2020-02-19,1152.980855
2020-02-20,1152.980855
2020-02-21,1152.980855
2020-02-24,1151.562323
2020-02-25,1151.562323
2020-02-26,1151.562323
2020-02-27,1151.562323
2020-02-28,1151.562323
2020-03-02,1141.39099
2020-03-03,1141.39099
2020-03-04,1141.39099
2020-03-05,1141.39099
2020-03-06,1141.39099
2020-03-09,1134.575068
2020-03-10,1134.575068
2020-03-11,1134.575068
2020-03-12,1134.575068
2020-03-13,1134.575068
2020-03-16,1131.84059
2020-03-17,1131.84059
2020-03-18,1131.84059
2020-03-19,1131.84059
2020-03-20,1131.84059
2020-03-23,1108.585814
2020-03-24,1108.585814
2020-03-25,1108.585814
2020-03-26,1108.585814
2020-03-27,1108.585814
2020-03-30,1099.217622
2020-03-31,1099.217622
2020-04-01,1099.217622
2020-04-02,1099.217622
2020-04-03,1099.217622
2020-04-06,1109.217073
2020-04-07,1109.217073
2020-04-08,1109.217073
2020-04-09,1109.217073
2020-04-10,1109.217073
2020-04-13,1108.514644
2020-04-14,1108.514644
2020-04-15,1108.514644
2020-04-16,1108.514644
2020-04-17,1108.514644
2020-04-20,1102.490279
2020-04-21,1102.490279
2020-04-22,1102.490279
2020-04-23,1102.490279
2020-04-24,1102.490279
2020-04-27,1106.049817
2020-04-28,1106.049817
2020-04-29,1106.049817
2020-04-30,1106.049817
2020-05-01,1106.049817
2020-05-04,1109.821223
2020-05-05,1109.821223
2020-05-06,1109.821223
2020-05-07,1109.821223
2020-05-08,1109.821223
2020-05-11,1118.183079
2020-05-12,1118.183079
2020-05-13,1118.183079
2020-05-14,1118.183079
2020-05-15,1118.183079
2020-05-18,1104.076221
2020-05-19,1104.076221
2020-05-20,1104.076221
2020-05-21,1104.076221
2020-05-22,1104.076221
2020-05-25,1090.598778
2020-05-26,1090.598778
2020-05-27,1090.598778
2020-05-28,1090.598778
2020-05-29,1090.598778
2020-06-01,1082.3922
2020-06-02,1082.3922
2020-06-03,1082.3922
2020-06-04,1082.3922
2020-06-05,1082.3922
2020-06-08,1065.758423
2020-06-09,1065.758423
2020-06-10,1065.758423
2020-06-11,1065.758423
2020-06-12,1065.758423
2020-06-15,1059.014291
2020-06-16,1059.014291
2020-06-17,1059.014291
2020-06-18,1059.014291
2020-06-19,1059.014291
2020-06-22,1051.503204
2020-06-23,1051.503204
2020-06-24,1051.503204
2020-06-25,1051.503204
2020-06-26,1051.503204
2020-06-29,1033.606342
2020-06-30,1033.606342
2020-07-01,1033.606342
2020-07-02,1033.606342
2020-07-03,1033.606342
2020-07-06,1012.250229
2020-07-07,1012.250229
2020-07-08,1012.250229
2020-07-09,1012.250229
2020-07-10,1012.250229
2020-07-13,997.3002772
2020-07-14,997.3002772
2020-07-15,997.3002772
2020-07-16,997.3002772
2020-07-17,997.3002772
2020-07-20,994.1978772
2020-07-21,994.1978772
2020-07-22,994.1978772
2020-07-23,994.1978772
2020-07-24,994.1978772
2020-07-27,1003.991746
2020-07-28,1003.991746
2020-07-29,1003.991746
2020-07-30,1003.991746
2020-07-31,1003.991746
2020-08-03,996.4977107
2020-08-04,996.4977107
2020-08-05,996.4977107
2020-08-06,996.4977107
2020-08-07,996.4977107
2020-08-10,1003.947766
2020-08-11,1003.947766
2020-08-12,1003.947766
2020-08-13,1003.947766
2020-08-14,1003.947766
2020-08-17,1030.781472
2020-08-18,1030.781472
2020-08-19,1030.781472
2020-08-20,1030.781472
2020-08-21,1030.781472
2020-08-24,1037.252477
2020-08-25,1037.252477
2020-08-26,1037.252477
2020-08-27,1037.252477
2020-08-28,1037.252477
2020-08-31,1032.365101
2020-09-01,1032.365101
2020-09-02,1032.365101
2020-09-03,1032.365101
2020-09-04,1032.365101
2020-09-07,1043.875888
2020-09-08,1043.875888
2020-09-09,1043.875888
2020-09-10,1043.875888
2020-09-11,1043.875888
2020-09-14,1050.282898
2020-09-15,1050.282898
2020-09-16,1050.282898
2020-09-17,1050.282898
2020-09-18,1050.282898
2020-09-21,1054.441793
2020-09-22,1054.441793
2020-09-23,1054.441793
2020-09-24,1054.441793
2020-09-25,1054.441793
2020-09-28,1051.253965
2020-09-29,1051.253965
2020-09-30,1051.253965
2020-10-01,1051.253965
2020-10-02,1051.253965
2020-10-05,1051.93033
2020-10-06,1051.93033
2020-10-07,1051.93033
2020-10-08,1051.93033
2020-10-09,1051.93033
2020-10-12,1055.628975
2020-10-13,1055.628975
2020-10-14,1055.628975
2020-10-15,1055.628975
2020-10-16,1055.628975
2020-10-19,1067.238015
2020-10-20,1067.238015
2020-10-21,1067.238015
2020-10-22,1067.238015
2020-10-23,1067.238015
2020-10-26,1063.868267
2020-10-27,1063.868267
2020-10-28,1063.868267
2020-10-29,1063.868267
2020-10-30,1063.868267
2020-11-02,1064.007352
2020-11-03,1064.007352
2020-11-04,1064.007352
2020-11-05,1064.007352
2020-11-06,1064.007352
2020-11-09,1077.152681
2020-11-10,1077.152681
2020-11-11,1077.152681
2020-11-12,1077.152681
2020-11-13,1077.152681
2020-11-16,1083.080181
2020-11-17,1083.080181
2020-11-18,1083.080181
2020-11-19,1083.080181
2020-11-20,1083.080181
2020-11-23,1112.634401
2020-11-24,1112.634401
2020-11-25,1112.634401
2020-11-26,1112.634401
2020-11-27,1112.634401
2020-11-30,1116.322186
2020-12-01,1116.322186
2020-12-02,1116.322186
2020-12-03,1116.322186
2020-12-04,1116.322186
2020-12-07,1125.003381
2020-12-08,1125.003381
2020-12-09,1125.003381
2020-12-10,1125.003381
2020-12-11,1125.003381
2020-12-14,1138.537608
2020-12-15,1138.537608
2020-12-16,1138.537608
2020-12-17,1138.537608
2020-12-18,1138.537608
2020-12-21,1149.207599
2020-12-22,1149.207599
2020-12-23,1149.207599
2020-12-24,1149.207599
2020-12-25,1149.207599
2020-12-28,1162.043487
2020-12-29,1162.043487
2020-12-30,1162.043487
2020-12-31,1162.043487
2021-01-04,1201.628612
2021-01-05,1201.628612
2021-01-06,1201.628612
2021-01-07,1201.628612
2021-01-08,1201.628612
2021-01-11,1246.962689
2021-01-12,1246.962689
2021-01-13,1246.962689
2021-01-14,1246.962689
2021-01-15,1246.962689
2021-01-18,1300.760281
2021-01-19,1300.760281
2021-01-20,1300.760281
2021-01-21,1300.760281
2021-01-22,1300.760281
2021-01-25,1380.059411
2021-01-26,1380.059411
2021-01-27,1380.059411
2021-01-28,1380.059411
2021-01-29,1380.059411
2021-02-01,1420.917394
2021-02-02,1420.917394
2021-02-03,1420.917394
2021-02-04,1420.917394
2021-02-05,1420.917394
2021-02-08,1472.398607
2021-02-09,1472.398607
2021-02-10,1472.398607
2021-02-11,1472.398607
2021-02-12,1472.398607
2021-02-15,1492.396655
2021-02-16,1492.396655
2021-02-17,1492.396655
2021-02-18,1492.396655
2021-02-19,1492.396655
2021-02-22,1557.587554
2021-02-23,1557.587554
2021-02-24,1557.587554
2021-02-25,1557.587554
2021-02-26,1557.587554
2021-03-01,1610.357468
2021-03-02,1610.357468
2021-03-03,1610.357468
2021-03-04,1610.357468
2021-03-05,1610.357468
2021-03-08,1650.829733
2021-03-09,1650.829733
2021-03-10,1650.829733
2021-03-11,1650.829733
2021-03-12,1650.829733
2021-03-15,1688.982229
2021-03-16,1688.982229
2021-03-17,1688.982229
2021-03-18,1688.982229
2021-03-19,1688.982229
2021-03-22,1677.091839
2021-03-23,1677.091839
2021-03-24,1677.091839
2021-03-25,1677.091839
2021-03-26,1677.091839
2021-03-29,1678.749656
2021-03-30,1678.749656
2021-03-31,1678.749656
2021-04-01,1678.749656
2021-04-02,1678.749656
2021-04-05,1671.795891
2021-04-06,1671.795891
2021-04-07,1671.795891
2021-04-08,1671.795891
2021-04-09,1671.795891
2021-04-12,1646.147647
2021-04-13,1646.147647
2021-04-14,1646.147647
2021-04-15,1646.147647
2021-04-16,1646.147647
2021-04-19,1620.421086
2021-04-20,1620.421086
2021-04-21,1620.421086
2021-04-22,1620.421086
2021-04-23,1620.421086
2021-04-26,1610.735537
2021-04-27,1610.735537
2021-04-28,1610.735537
2021-04-29,1610.735537
2021-04-30,1610.735537
2021-05-03,1613.451587
2021-05-04,1613.451587
2021-05-05,1613.451587
2021-05-06,1613.451587
2021-05-07,1613.451587
2021-05-10,1609.803744
2021-05-11,1609.803744
2021-05-12,1609.803744
2021-05-13,1609.803744
2021-05-14,1609.803744
2021-05-17,1634.062199
2021-05-18,1634.062199
2021-05-19,1634.062199
2021-05-20,1634.062199
2021-05-21,1634.062199
2021-05-24,1668.824454
2021-05-25,1668.824454
2021-05-26,1668.824454
2021-05-27,1668.824454
2021-05-28,1668.824454
2021-05-31,1679.320745
2021-06-01,1679.320745
2021-06-02,1679.320745
2021-06-03,1679.320745
2021-06-04,1679.320745
2021-06-07,1682.471447
2021-06-08,1682.471447
2021-06-09,1682.471447
2021-06-10,1682.471447
2021-06-11,1682.471447
2021-06-14,1741.940418
2021-06-15,1741.940418
2021-06-16,1741.940418
2021-06-17,1741.940418
2021-06-18,1741.940418
2021-06-21,1805.045038
2021-06-22,1805.045038
2021-06-23,1805.045038
2021-06-24,1805.045038
2021-06-25,1805.045038
2021-06-28,1805.416815
2021-06-29,1805.416815
2021-06-30,1805.416815
2021-07-01,1805.416815
2021-07-02,1805.416815
2021-07-05,1807.761399
2021-07-06,1807.761399
2021-07-07,1807.761399
2021-07-08,1807.761399
2021-07-09,1807.761399
2021-07-12,1831.065083
2021-07-13,1831.065083
2021-07-14,1831.065083
2021-07-15,1831.065083
2021-07-16,1831.065083
2021-07-19,1830.129722
2021-07-20,1830.129722
2021-07-21,1830.129722
2021-07-22,1830.129722
2021-07-23,1830.129722
2021-07-26,1838.858226
2021-07-27,1838.858226
2021-07-28,1838.858226
2021-07-29,1838.858226
2021-07-30,1838.858226
2021-08-02,1914.577449
2021-08-03,1914.577449
2021-08-04,1914.577449
2021-08-05,1914.577449
2021-08-06,1914.577449
2021-08-09,1962.704311
2021-08-10,1962.704311
2021-08-11,1962.704311
2021-08-12,1962.704311
2021-08-13,1962.704311
2021-08-16,2041.301641
2021-08-17,2041.301641
2021-08-18,2041.301641
2021-08-19,2041.301641
2021-08-20,2041.301641
2021-08-23,2099.661603
2021-08-24,2099.661603
2021-08-25,2099.661603
2021-08-26,2099.661603
2021-08-27,2099.661603
2021-08-30,2154.227103
2021-08-31,2154.227103
2021-09-01,2154.227103
2021-09-02,2154.227103
2021-09-03,2154.227103
2021-09-06,2218.062364
2021-09-07,2218.062364
2021-09-08,2218.062364
2021-09-09,2218.062364
2021-09-10,2218.062364
2021-09-13,2316.027118
2021-09-14,2316.027118
2021-09-15,2316.027118
2021-09-16,2316.027118
2021-09-17,2316.027118
2021-09-20,2411.364439
2021-09-21,2411.364439
2021-09-22,2411.364439
2021-09-23,2411.364439
2021-09-24,2411.364439
2021-09-27,2490.49861
2021-09-28,2490.49861
2021-09-29,2490.49861
2021-09-30,2490.49861
2021-10-01,2490.49861
2021-10-04,2658.271039
2021-10-05,2658.271039
2021-10-06,2658.271039
2021-10-07,2658.271039
2021-10-08,2658.271039
2021-10-11,2668.326718
2021-10-12,2668.326718
2021-10-13,2668.326718
2021-10-14,2668.326718
2021-10-15,2668.326718
2021-10-18,2729.374588
2021-10-19,2729.374588
2021-10-20,2729.374588
2021-10-21,2729.374588
2021-10-22,2729.374588
2021-10-25,2804.611706
2021-10-26,2804.611706
2021-10-27,2804.611706
2021-10-28,2804.611706
2021-10-29,2804.611706
2021-11-01,2820.840048
2021-11-02,2820.840048
2021-11-03,2820.840048
2021-11-04,2820.840048
2021-11-05,2820.840048
2021-11-08,2801.670621
2021-11-09,2801.670621
2021-11-10,2801.670621
2021-11-11,2801.670621
2021-11-12,2801.670621
2021-11-15,2843.663136
2021-11-16,2843.663136
2021-11-17,2843.663136
2021-11-18,2843.663136
2021-11-19,2843.663136
2021-11-22,2848.788896
2021-11-23,2848.788896
2021-11-24,2848.788896
2021-11-25,2848.788896
2021-11-26,2848.788896
2021-11-29,2865.762818
2021-11-30,2865.762818
2021-12-01,2865.762818
2021-12-02,2865.762818
2021-12-03,2865.762818
2021-12-06,2877.611253
2021-12-07,2877.611253
2021-12-08,2877.611253
2021-12-09,2877.611253
2021-12-10,2877.611253
2021-12-13,2919.758338
2021-12-14,2919.758338
2021-12-15,2919.758338
2021-12-16,2919.758338
2021-12-17,2919.758338
2021-12-20,2967.510881
2021-12-21,2967.510881
2021-12-22,2967.510881
2021-12-23,2967.510881
2021-12-24,2967.510881
2021-12-27,3050.712939
2021-12-28,3050.712939
2021-12-29,3050.712939
2021-12-30,3050.712939
2021-12-31,3050.712939
2022-01-03,3160.455304
2022-01-04,3160.455304
2022-01-05,3160.455304
2022-01-06,3160.455304
2022-01-07,3160.455304
2022-01-10,3210.780442
2022-01-11,3210.780442
2022-01-12,3210.780442
2022-01-13,3210.780442
2022-01-14,3210.780442
2022-01-17,3327.351148
2022-01-18,3327.351148
2022-01-19,3327.351148
2022-01-20,3327.351148
2022-01-21,3327.351148
2022-01-24,3455.766878
2022-01-25,3455.766878
2022-01-26,3455.766878
2022-01-27,3455.766878
2022-01-28,3455.766878
2022-01-31,3544.157211
2022-02-01,3544.157211
2022-02-02,3544.157211
2022-02-03,3544.157211
2022-02-04,3544.157211
2022-02-07,3574.390457
2022-02-08,3574.390457
2022-02-09,3574.390457
2022-02-10,3574.390457
2022-02-11,3574.390457
2022-02-14,3618.256503
2022-02-15,3618.256503
2022-02-16,3618.256503
2022-02-17,3618.256503
2022-02-18,3618.256503
2022-02-21,3742.947173
2022-02-22,3742.947173
2022-02-23,3742.947173
2022-02-24,3742.947173
2022-02-25,3742.947173
2022-02-28,3844.378117
2022-03-01,3844.378117
2022-03-02,3844.378117
2022-03-03,3844.378117
2022-03-04,3844.378117
2022-03-07,3979.610227
2022-03-08,3979.610227
2022-03-09,3979.610227
2022-03-10,3979.610227
2022-03-11,3979.610227
2022-03-14,4273.453493
2022-03-15,4273.453493
2022-03-16,4273.453493
2022-03-17,4273.453493
2022-03-18,4273.453493
2022-03-21,4359.038946
2022-03-22,4359.038946
2022-03-23,4359.038946
2022-03-24,4359.038946
2022-03-25,4359.038946
2022-03-28,4477.963611
2022-03-29,4477.963611
2022-03-30,4477.963611
2022-03-31,4477.963611
2022-04-01,4477.963611
2022-04-04,4496.201723
2022-04-05,4496.201723
2022-04-06,4496.201723
2022-04-07,4496.201723
2022-04-08,4496.201723
2022-04-11,4470.741866
2022-04-12,4470.741866
2022-04-13,4470.741866
2022-04-14,4470.741866
2022-04-15,4470.741866
2022-04-18,4512.26093
2022-04-19,4512.26093
2022-04-20,4512.26093
2022-04-21,4512.26093
2022-04-22,4512.26093
2022-04-25,4552.847403
2022-04-26,4552.847403
2022-04-27,4552.847403
2022-04-28,4552.847403
2022-04-29,4552.847403
2022-05-02,4514.43025
2022-05-03,4514.43025
2022-05-04,4514.43025
2022-05-05,4514.43025
2022-05-06,4514.43025
2022-05-09,4423.911756
2022-05-10,4423.911756
2022-05-11,4423.911756
2022-05-12,4423.911756
2022-05-13,4423.911756
2022-05-16,4425.013116
2022-05-17,4425.013116
2022-05-18,4425.013116
2022-05-19,4425.013116
2022-05-20,4425.013116
2022-05-23,4394.495983
2022-05-24,4394.495983
2022-05-25,4394.495983
2022-05-26,4394.495983
2022-05-27,4394.495983
2022-05-30,4361.376925
2022-05-31,4361.376925
2022-06-01,4361.376925
2022-06-02,4361.376925
2022-06-03,4361.376925
2022-06-06,4375.435525
2022-06-07,4375.435525
2022-06-08,4375.435525
2022-06-09,4375.435525
2022-06-10,4375.435525
2022-06-13,4375.488042
2022-06-14,4375.488042
2022-06-15,4375.488042
2022-06-16,4375.488042
2022-06-17,4375.488042
2022-06-20,4432.142861
2022-06-21,4432.142861
2022-06-22,4432.142861
2022-06-23,4432.142861
2022-06-24,4432.142861
2022-06-27,4349.135294
2022-06-28,4349.135294
2022-06-29,4349.135294
2022-06-30,4349.135294
2022-07-01,4349.135294
2022-07-04,4300.541299
2022-07-05,4300.541299
2022-07-06,4300.541299
2022-07-07,4300.541299
2022-07-08,4300.541299
2022-07-11,4258.539497
2022-07-12,4258.539497
2022-07-13,4258.539497
2022-07-14,4258.539497
2022-07-15,4258.539497
2022-07-18,4186.482244
2022-07-19,4186.482244
2022-07-20,4186.482244
2022-07-21,4186.482244
2022-07-22,4186.482244
2022-07-25,4085.283977
2022-07-26,4085.283977
2022-07-27,4085.283977
2022-07-28,4085.283977
2022-07-29,4085.283977
2022-08-01,3967.567606
2022-08-02,3967.567606
2022-08-03,3967.567606
2022-08-04,3967.567606
2022-08-05,3967.567606
2022-08-08,3914.118878
2022-08-09,3914.118878
2022-08-10,3914.118878
2022-08-11,3914.118878
2022-08-12,3914.118878
2022-08-15,3926.479594
2022-08-16,3926.479594
2022-08-17,3926.479594
2022-08-18,3926.479594
2022-08-19,3926.479594
2022-08-22,3878.763733
2022-08-23,3878.763733
2022-08-24,3878.763733
2022-08-25,3878.763733
2022-08-26,3878.763733
2022-08-29,3896.916826
2022-08-30,3896.916826
2022-08-31,3896.916826
2022-09-01,3896.916826
2022-09-02,3896.916826
2022-09-05,3961.776898
2022-09-06,3961.776898
2022-09-07,3961.776898
2022-09-08,3961.776898
2022-09-09,3961.776898
2022-09-12,3999.959874
2022-09-13,3999.959874
2022-09-14,3999.959874
2022-09-15,3999.959874
2022-09-16,3999.959874
2022-09-19,4004.425252
2022-09-20,4004.425252
2022-09-21,4004.425252
2022-09-22,4004.425252
2022-09-23,4004.425252
2022-09-26,4049.25233
2022-09-27,4049.25233
2022-09-28,4049.25233
2022-09-29,4049.25233
2022-09-30,4049.25233
2022-10-03,4060.331538
2022-10-04,4060.331538
2022-10-05,4060.331538
2022-10-06,4060.331538
2022-10-07,4060.331538
2022-10-10,3990.950918
2022-10-11,3990.950918
2022-10-12,3990.950918
2022-10-13,3990.950918
2022-10-14,3990.950918
2022-10-17,4053.244413
2022-10-18,4053.244413
2022-10-19,4053.244413
2022-10-20,4053.244413
2022-10-21,4053.244413
2022-10-24,4066.102671
2022-10-25,4066.102671
2022-10-26,4066.102671
2022-10-27,4066.102671
2022-10-28,4066.102671
2022-10-31,4088.526084
2022-11-01,4088.526084
2022-11-02,4088.526084
2022-11-03,4088.526084
2022-11-04,4088.526084
2022-11-07,4114.969451
2022-11-08,4114.969451
2022-11-09,4114.969451
2022-11-10,4114.969451
2022-11-11,4114.969451
2022-11-14,4181.342036
2022-11-15,4181.342036
2022-11-16,4181.342036
2022-11-17,4181.342036
2022-11-18,4181.342036
2022-11-21,4166.613813
2022-11-22,4166.613813
2022-11-23,4166.613813
2022-11-24,4166.613813
2022-11-25,4166.613813
2022-11-28,4119.639199
2022-11-29,4119.639199
2022-11-30,4119.639199
2022-12-01,4119.639199
2022-12-02,4119.639199
2022-12-05,4126.400608
2022-12-06,4126.400608
2022-12-07,4126.400608
2022-12-08,4126.400608
2022-12-09,4126.400608
2022-12-12,4173.283778
2022-12-13,4173.283778
2022-12-14,4173.283778
2022-12-15,4173.283778
2022-12-16,4173.283778
2022-12-19,4179.3113
2022-12-20,4179.3113
2022-12-21,4179.3113
2022-12-22,4179.3113
2022-12-23,4179.3113
2022-12-26,4266.785397
2022-12-27,4266.785397
2022-12-28,4266.785397
2022-12-29,4266.785397
2022-12-30,4266.785397
2023-01-02,4180.686652
2023-01-03,4180.686652
2023-01-04,4180.686652
2023-01-05,4180.686652
2023-01-06,4180.686652
2023-01-09,4200.658622
2023-01-10,4200.658622
2023-01-11,4200.658622
2023-01-12,4200.658622
2023-01-13,4200.658622
2023-01-16,4055.342698
2023-01-17,4055.342698
2023-01-18,4055.342698
2023-01-19,4055.342698
2023-01-20,4055.342698
2023-01-23,4108.275913
2023-01-24,4108.275913
2023-01-25,4108.275913
2023-01-26,4108.275913
2023-01-27,4108.275913
2023-01-30,4178.687599
2023-01-31,4178.687599
2023-02-01,4178.687599
2023-02-02,4178.687599
2023-02-03,4178.687599
2023-02-06,4319.167171
2023-02-07,4319.167171
2023-02-08,4319.167171
2023-02-09,4319.167171
2023-02-10,4319.167171
2023-02-13,4195.226864
2023-02-14,4195.226864
2023-02-15,4195.226864
2023-02-16,4195.226864
2023-02-17,4195.226864
2023-02-20,4117.644441
2023-02-21,4117.644441
2023-02-22,4117.644441
2023-02-23,4117.644441
2023-02-24,4117.644441
2023-02-27,3988.954118
2023-02-28,3988.954118
2023-03-01,3988.954118
2023-03-02,3988.954118
2023-03-03,3988.954118
2023-03-06,3863.862348
2023-03-07,3863.862348
2023-03-08,3863.862348
2023-03-09,3863.862348
2023-03-10,3863.862348
2023-03-13,3718.46886
2023-03-14,3718.46886
2023-03-15,3718.46886
2023-03-16,3718.46886
2023-03-17,3718.46886
2023-03-20,3587.514485
2023-03-21,3587.514485
2023-03-22,3587.514485
2023-03-23,3587.514485
2023-03-24,3587.514485
2023-03-27,3445.247874
2023-03-28,3445.247874
2023-03-29,3445.247874
2023-03-30,3445.247874
2023-03-31,3445.247874
2023-04-03,3215.535132
2023-04-04,3215.535132
2023-04-05,3215.535132
2023-04-06,3215.535132
2023-04-07,3215.535132
2023-04-10,3094.272129
2023-04-11,3094.272129
2023-04-12,3094.272129
2023-04-13,3094.272129
2023-04-14,3094.272129
2023-04-17,2953.43124
2023-04-18,2953.43124
2023-04-19,2953.43124
2023-04-20,2953.43124
2023-04-21,2953.43124
2023-04-24,2794.513335
2023-04-25,2794.513335
2023-04-26,2788.886075
2023-04-27,2788.886075
2023-04-28,2788.886075
2023-05-01,2774.833467
2023-05-02,2774.833467
2023-05-03,2774.833467
2023-05-04,2774.833467
2023-05-05,2774.833467
2023-05-08,2822.892389
2023-05-09,2822.892389
2023-05-10,2822.892389
2023-05-11,2822.892389
2023-05-12,2822.892389
2023-05-15,2981.334242
2023-05-16,2981.334242
2023-05-17,2981.334242
2023-05-18,2981.334242
2023-05-19,2981.334242
2023-05-22,3164.931433
2023-05-23,3164.931433
2023-05-24,3164.931433
2023-05-25,3164.931433
2023-05-26,3164.931433
2023-05-29,3405.617809
2023-05-30,3405.617809
2023-05-31,3405.617809
2023-06-01,3405.617809
2023-06-02,3405.617809
2023-06-05,3392.88251
2023-06-06,3392.88251
2023-06-07,3392.88251
2023-06-08,3392.88251
2023-06-09,3392.88251
2023-06-12,3381.59888
2023-06-13,3381.59888
2023-06-14,3381.59888
2023-06-15,3381.59888
2023-06-16,3381.59888
2023-06-19,3437.732262
2023-06-20,3437.732262
2023-06-21,3437.732262
2023-06-22,3437.732262
2023-06-23,3437.732262
2023-06-26,3450.691298
2023-06-27,3450.691298
2023-06-28,3450.691298
2023-06-29,3450.691298
2023-06-30,3450.691298
2023-07-03,3437.291535
2023-07-04,3437.291535
2023-07-05,3437.291535
2023-07-06,3437.291535
2023-07-07,3437.291535
2023-07-10,3449.55456
2023-07-11,3449.55456
2023-07-12,3449.55456
2023-07-13,3449.55456
2023-07-14,3449.55456
2023-07-17,3444.733868
2023-07-18,3444.733868
2023-07-19,3444.733868
2023-07-20,3444.733868
2023-07-21,3444.733868
2023-07-24,3359.083646
2023-07-25,3359.083646
2023-07-26,3359.083646
2023-07-27,3359.083646
2023-07-28,3359.083646
2023-07-31,3230.12391
2023-08-01,3230.12391
2023-08-02,3230.12391
2023-08-03,3230.12391
2023-08-04,3230.12391
2023-08-07,3091.459767
2023-08-08,3091.459767
2023-08-09,3091.459767
2023-08-10,3091.459767
2023-08-11,3091.459767
2023-08-14,3107.990979
2023-08-15,3107.990979
2023-08-16,3107.990979
2023-08-17,3107.990979
2023-08-18,3107.990979
2023-08-21,2910.927765
2023-08-22,2910.927765
2023-08-23,2910.927765
2023-08-24,2910.927765
2023-08-25,2910.927765
2023-08-28,2716.200299
2023-08-29,2716.200299
2023-08-30,2716.200299
2023-08-31,2716.200299
2023-09-01,2716.200299
2023-09-04,2671.359275
2023-09-05,2671.359275
2023-09-06,2671.359275
2023-09-07,2671.359275
2023-09-08,2671.359275
2023-09-11,2621.037969
2023-09-12,2621.037969
2023-09-13,2621.037969
2023-09-14,2621.037969
2023-09-15,2621.037969
2023-09-18,2475.44271
2023-09-19,2475.44271
2023-09-20,2475.44271
2023-09-21,2475.44271
2023-09-22,2475.44271
2023-09-25,2332.35682
2023-09-26,2332.35682
2023-09-27,2332.35682
2023-09-28,2332.35682
2023-09-29,2332.35682
2023-10-02,2259.024903
2023-10-03,2259.024903
2023-10-04,2259.024903
2023-10-05,2259.024903
2023-10-06,2259.024903
2023-10-09,2252.842022
2023-10-10,2252.842022
2023-10-11,2252.842022
2023-10-12,2252.842022
2023-10-13,2252.842022
2023-10-16,2276.650765
2023-10-17,2276.650765
2023-10-18,2276.650765
2023-10-19,2276.650765
2023-10-20,2276.650765
2023-10-23,2342.513917
2023-10-24,2342.513917
2023-10-25,2342.513917
2023-10-26,2342.513917
2023-10-27,2342.513917
2023-10-30,2280.555305
2023-10-31,2280.555305
2023-11-01,2280.555305
2023-11-02,2280.555305
2023-11-03,2280.555305
2023-11-06,2236.311347
2023-11-07,2236.311347
2023-11-08,2236.311347
2023-11-09,2236.311347
2023-11-10,2236.311347
2023-11-13,2184.082875
2023-11-14,2184.082875
2023-11-15,2184.082875
2023-11-16,2184.082875
2023-11-17,2184.082875
2023-11-20,2086.235075
2023-11-21,2086.235075
2023-11-22,2086.235075
2023-11-23,2086.235075
2023-11-24,2086.235075
2023-11-27,1972.164486
2023-11-28,1972.164486
2023-11-29,1972.164486
2023-11-30,1972.164486
2023-12-01,1972.164486
2023-12-04,1826.655203
2023-12-05,1826.655203
2023-12-06,1826.655203
2023-12-07,1826.655203
2023-12-08,1826.655203
2023-12-11,1661.851158
2023-12-12,1661.851158
2023-12-13,1661.851158
2023-12-14,1661.851158
2023-12-15,1661.851158
2023-12-18,1608.556597
2023-12-19,1608.556597
2023-12-20,1608.556597
2023-12-21,1608.556597
2023-12-22,1608.556597
2023-12-25,1604.286
2023-12-26,1604.286
2023-12-27,1604.286
2023-12-28,1604.286
2023-12-29,1604.286
2024-01-01,1597.319083
2024-01-02,1597.319083
2024-01-03,1597.319083
2024-01-04,1597.319083
2024-01-05,1597.319083
2024-01-08,1594.051167
2024-01-09,1594.051167
2024-01-10,1594.051167
2024-01-11,1594.051167
2024-01-12,1594.051167
2024-01-15,1590.527013
2024-01-16,1590.527013
2024-01-17,1590.527013
2024-01-18,1590.527013
2024-01-19,1590.527013
2024-01-22,1582.486502
2024-01-23,1582.486502
2024-01-24,1582.486502
2024-01-25,1582.486502
2024-01-26,1582.486502
2024-01-29,1580.036002
2024-01-30,1580.036002
2024-01-31,1580.036002
2024-02-01,1580.036002
2024-02-02,1580.036002
2024-02-05,1581.593596
2024-02-06,1581.593596
2024-02-07,1581.593596
2024-02-08,1581.593596
2024-02-09,1581.593596
2024-02-12,1603.149949
2024-02-13,1603.149949
2024-02-14,1603.149949
2024-02-15,1603.149949
2024-02-16,1603.149949
2024-02-19,1604.065398
2024-02-20,1604.065398
2024-02-21,1604.065398
2024-02-22,1604.065398
2024-02-23,1604.065398
2024-02-26,1602.010944
2024-02-27,1602.010944
2024-02-28,1602.010944
2024-02-29,1602.010944
2024-03-01,1602.010944
2024-03-04,1653.698636
2024-03-05,1653.698636
2024-03-06,1653.698636
2024-03-07,1653.698636
2024-03-08,1653.698636
2024-03-11,1748.849259
2024-03-12,1748.849259
2024-03-13,1748.849259
2024-03-14,1748.849259
2024-03-15,1748.849259
2024-03-18,1800.182717
2024-03-19,1800.182717
2024-03-20,1800.182717
2024-03-21,1800.182717
2024-03-22,1800.182717
2024-03-25,1814.850833
2024-03-26,1814.850833
2024-03-27,1814.850833
2024-03-28,1814.850833
2024-03-29,1814.850833
2024-04-01,1793.937677
2024-04-02,1793.937677
2024-04-03,1793.937677
2024-04-04,1793.937677
2024-04-05,1793.937677
2024-04-08,1786.619071
2024-04-09,1786.619071
2024-04-10,1786.619071
2024-04-11,1786.619071
2024-04-12,1786.619071
2024-04-15,1822.317222
2024-04-16,1822.317222
2024-04-17,1822.317222
2024-04-18,1822.317222
2024-04-19,1822.317222
2024-04-22,1819.96407
2024-04-23,1819.96407
2024-04-24,1819.96407
2024-04-25,1819.96407
2024-04-26,1819.96407
2024-04-29,1825.673769
2024-04-30,1825.673769
2024-05-01,1825.673769
2024-05-02,1825.673769
2024-05-03,1825.673769
2024-05-06,1845.637548
2024-05-07,1845.637548
2024-05-08,1845.637548
2024-05-09,1845.637548
2024-05-10,1845.637548
2024-05-13,1845.162442
2024-05-14,1845.162442
2024-05-15,1845.162442
2024-05-16,1845.162442
2024-05-17,1845.162442
2024-05-20,1815.483543
