기준일,메이저금속지수
2012-01-03,1740.076539
2012-01-04,1757.363025
2012-01-05,1771.828769
2012-01-06,1751.261922
2012-01-09,1758.12797
2012-01-10,1768.753857
2012-01-11,1807.420958
2012-01-12,1808.130924
2012-01-13,1838.357745
2012-01-16,1826.977618
2012-01-17,1828.442393
2012-01-18,1857.580747
2012-01-19,1857.044934
2012-01-20,1874.840857
2012-01-23,1869.223707
2012-01-24,1884.677516
2012-01-25,1882.328299
2012-01-26,1882.15343
2012-01-27,1926.516426
2012-01-30,1935.294189
2012-01-31,1907.198033
2012-02-01,1933.735157
2012-02-02,1912.12459
2012-02-03,1907.389839
2012-02-06,1894.23705
2012-02-07,1916.163178
2012-02-08,1904.88824
2012-02-09,1946.2949
2012-02-10,1931.148146
2012-02-13,1931.899484
2012-02-14,1918.101155
2012-02-15,1880.672522
2012-02-16,1878.949957
2012-02-17,1834.391982
2012-02-20,1844.970138
2012-02-21,1837.46182
2012-02-22,1862.046017
2012-02-23,1878.605713
2012-02-24,1889.811531
2012-02-27,1905.698534
2012-02-28,1911.911892
2012-02-29,1952.185246
2012-03-01,1944.758547
2012-03-02,1932.74236
2012-03-05,1933.953067
2012-03-06,1917.156144
2012-03-07,1884.727905
2012-03-08,1870.462262
2012-03-09,1883.269058
2012-03-12,1880.861055
2012-03-13,1883.922234
2012-03-14,1910.693006
2012-03-15,1910.240749
2012-03-16,1910.026585
2012-03-19,1924.807319
2012-03-20,1914.778569
2012-03-21,1893.124143
2012-03-22,1892.226006
2012-03-23,1867.483276
2012-03-26,1869.45285
2012-03-27,1874.585065
2012-03-28,1882.846262
2012-03-29,1879.042818
2012-03-30,1863.034145
2012-04-02,1872.306376
2012-04-03,1867.1938
2012-04-04,1882.996406
2012-04-05,1863.20038
2012-04-10,1854.42352
2012-04-11,1854.931776
2012-04-12,1842.054947
2012-04-13,1862.703082
2012-04-16,1854.534135
2012-04-17,1834.784036
2012-04-18,1840.862495
2012-04-19,1834.788698
2012-04-20,1829.157968
2012-04-23,1841.99079
2012-04-24,1833.637392
2012-04-25,1839.351399
2012-04-26,1845.014519
2012-04-27,1856.318511
2012-04-30,1874.952585
2012-05-01,1877.483798
2012-05-02,1877.771476
2012-05-03,1864.73306
2012-05-04,1850.169541
2012-05-08,1844.667732
2012-05-09,1829.967059
2012-05-10,1799.869298
2012-05-11,1806.222577
2012-05-14,1784.891079
2012-05-15,1770.075184
2012-05-16,1757.763297
2012-05-17,1745.550651
2012-05-18,1736.964509
2012-05-21,1748.175172
2012-05-22,1737.880428
2012-05-23,1737.555177
2012-05-24,1718.148024
2012-05-25,1720.559458
2012-05-28,1730.245951
2012-05-29,1732.913126
2012-05-30,1733.501352
2012-05-31,1718.088888
2012-06-01,1721.45881
2012-06-06,1697.179796
2012-06-07,1697.78142
2012-06-08,1710.044528
2012-06-11,1690.687955
2012-06-12,1706.921676
2012-06-13,1702.946967
2012-06-14,1705.43176
2012-06-15,1705.30747
2012-06-18,1711.460461
2012-06-19,1701.642257
2012-06-20,1703.909812
2012-06-21,1715.04965
2012-06-22,1690.736729
2012-06-25,1669.365551
2012-06-26,1668.944538
2012-06-27,1664.669158
2012-06-28,1658.216331
2012-06-29,1671.121653
2012-07-02,1686.212843
2012-07-03,1699.401241
2012-07-04,1731.185865
2012-07-05,1729.310703
2012-07-06,1730.091953
2012-07-09,1706.052952
2012-07-10,1697.530806
2012-07-11,1704.225498
2012-07-12,1691.028618
2012-07-13,1676.479977
2012-07-16,1699.86602
2012-07-17,1691.183923
2012-07-18,1694.973667
2012-07-19,1675.7213
2012-07-20,1696.647868
2012-07-23,1673.499293
2012-07-24,1630.717177
2012-07-25,1625.809112
2012-07-26,1623.500711
2012-07-27,1630.566991
2012-07-30,1631.661588
2012-07-31,1629.352816
2012-08-01,1641.108324
2012-08-02,1627.209924
2012-08-03,1611.907312
2012-08-06,1605.084724
2012-08-07,1614.620082
2012-08-08,1636.808296
2012-08-09,1635.57023
2012-08-10,1626.431849
2012-08-13,1600.614737
2012-08-14,1597.126942
2012-08-15,1595.91239
2012-08-16,1582.869519
2012-08-17,1577.017748
2012-08-20,1589.021737
2012-08-21,1580.692185
2012-08-22,1586.87572
2012-08-23,1575.72278
2012-08-24,1586.304881
2012-08-28,1580.988183
2012-08-29,1570.799093
2012-08-30,1535.6
2012-08-31,1535.242132
2012-09-03,1527.712379
2012-09-04,1543.803618
2012-09-05,1551.744687
2012-09-06,1543.783212
2012-09-07,1558.673095
2012-09-10,1592.761336
2012-09-11,1641.721611
2012-09-12,1674.863845
2012-09-13,1679.812765
2012-09-14,1663.59337
2012-09-17,1750.151967
2012-09-18,1747.886017
2012-09-19,1758.620917
2012-09-20,1773.773691
2012-09-21,1747.169557
2012-09-24,1747.954451
2012-09-25,1717.922315
2012-09-26,1733.910797
2012-09-27,1720.172578
2012-09-28,1727.015795
2012-10-01,1744.207091
2012-10-02,1728.408938
2012-10-03,1754.414621
2012-10-04,1738.717131
2012-10-05,1746.479228
2012-10-08,1741.198686
2012-10-09,1753.028639
2012-10-10,1770.094294
2012-10-11,1748.588889
2012-10-12,1747.971116
2012-10-15,1725.686724
2012-10-16,1712.013234
2012-10-17,1705.497035
2012-10-18,1706.761253
2012-10-19,1731.918901
2012-10-22,1726.251367
2012-10-23,1705.772408
2012-10-24,1687.134594
2012-10-25,1687.072608
2012-10-26,1691.594135
2012-10-29,1679.186531
2012-10-30,1668.590169
2012-10-31,1680.35998
2012-11-01,1686.97213
2012-11-02,1698.842994
2012-11-05,1702.67307
2012-11-06,1674.498802
2012-11-07,1685.203699
2012-11-08,1693.082887
2012-11-09,1688.302573
2012-11-12,1685.068509
2012-11-13,1702.067268
2012-11-14,1701.810289
2012-11-15,1712.071157
2012-11-16,1702.108597
2012-11-19,1693.211016
2012-11-20,1700.093325
2012-11-21,1709.450552
2012-11-22,1699.170753
2012-11-23,1698.346503
2012-11-26,1698.245743
2012-11-27,1719.66843
2012-11-28,1726.052576
2012-11-29,1712.950759
2012-11-30,1741.389105
2012-12-03,1752.150381
2012-12-04,1762.345086
2012-12-05,1763.519254
2012-12-06,1771.061158
2012-12-07,1782.364047
2012-12-10,1765.187175
2012-12-11,1800.10192
2012-12-12,1811.156044
2012-12-13,1816.187574
2012-12-14,1809.805907
2012-12-17,1830.249223
2012-12-18,1845.513025
2012-12-19,1829.476912
2012-12-20,1832.922708
2012-12-21,1813.478183
2012-12-24,1806.198246
2012-12-27,1808.269134
2012-12-28,1835.789209
2012-12-31,1831.630666
2013-01-02,1855.566184
2013-01-03,1887.924569
2013-01-04,1906.41578
2013-01-07,1889.063345
2013-01-08,1875.699341
2013-01-09,1896.868624
2013-01-10,1909.991043
2013-01-11,1916.220673
2013-01-14,1888.290667
2013-01-15,1881.852873
2013-01-16,1854.134719
2013-01-17,1833.175461
2013-01-18,1840.213574
2013-01-21,1857.195598
2013-01-22,1849.889739
2013-01-23,1865.433775
2013-01-24,1886.801184
2013-01-25,1875.084303
2013-01-28,1884.42932
2013-01-29,1871.514553
2013-01-30,1869.798474
2013-01-31,1906.352494
2013-02-01,1924.481073
2013-02-04,1918.492414
2013-02-05,1936.130256
2013-02-06,1936.385308
2013-02-07,1930.957592
2013-02-08,1930.865671
2013-02-11,1932.404556
2013-02-12,1936.703512
2013-02-13,1927.764925
2013-02-14,1940.826325
2013-02-15,1943.346515
2013-02-18,1945.562746
2013-02-19,1939.55253
2013-02-20,1929.449684
2013-02-21,1922.64061
2013-02-22,1884.951755
2013-02-25,1867.09564
2013-02-26,1860.772609
2013-02-27,1844.232785
2013-02-28,1852.481854
2013-03-01,1846.591596
2013-03-04,1807.56343
2013-03-05,1813.175249
2013-03-06,1809.19474
2013-03-07,1806.875519
2013-03-08,1797.879245
2013-03-11,1808.80941
2013-03-12,1788.075727
2013-03-13,1812.194465
2013-03-14,1795.370205
2013-03-15,1769.451651
2013-03-18,1780.232506
2013-03-19,1741.689252
2013-03-20,1739.812228
2013-03-21,1741.366228
2013-03-22,1746.940773
2013-03-25,1750.657524
2013-03-26,1752.73576
2013-03-27,1755.499935
2013-03-28,1739.233642
2013-04-02,1740.379111
2013-04-03,1724.701989
2013-04-04,1711.58477
2013-04-05,1703.616384
2013-04-08,1709.161602
2013-04-09,1732.512595
2013-04-10,1734.723844
2013-04-11,1751.02972
2013-04-12,1738.033829
2013-04-15,1735.06159
2013-04-16,1688.098379
2013-04-17,1711.855513
2013-04-18,1693.632987
2013-04-19,1688.070142
2013-04-22,1688.223853
2013-04-23,1673.327586
2013-04-24,1665.890501
2013-04-25,1679.96421
2013-04-26,1688.925621
2013-04-29,1683.86218
2013-04-30,1673.173643
2013-05-01,1671.681284
2013-05-02,1636.754021
2013-05-03,1632.673989
2013-05-07,1654.923144
2013-05-08,1676.915894
2013-05-09,1698.669113
2013-05-10,1691.917088
2013-05-13,1684.637313
2013-05-14,1669.977314
2013-05-15,1659.543495
2013-05-16,1635.724173
2013-05-17,1632.154674
2013-05-20,1650.537744
2013-05-21,1640.759042
2013-05-22,1665.263991
2013-05-23,1672.380047
2013-05-24,1649.831231
2013-05-28,1640.371116
2013-05-29,1627.306267
2013-05-30,1624.072519
2013-05-31,1615.675151
2013-06-03,1623.649912
2013-06-04,1644.746939
2013-06-05,1668.163085
2013-06-06,1688.016135
2013-06-07,1652.994281
2013-06-10,1646.588635
2013-06-11,1617.700354
2013-06-12,1601.172765
2013-06-13,1602.377815
2013-06-14,1592.278081
2013-06-17,1595.996305
2013-06-18,1594.219893
2013-06-19,1599.854146
2013-06-20,1606.730105
2013-06-21,1581.306757
2013-06-24,1577.865774
2013-06-25,1546.971846
2013-06-26,1557.688462
2013-06-27,1547.069493
2013-06-28,1553.681744
2013-07-01,1562.244809
2013-07-02,1585.907759
2013-07-03,1608.642626
2013-07-04,1600.019139
2013-07-05,1608.79299
2013-07-08,1592.93447
2013-07-09,1572.52912
2013-07-10,1581.691109
2013-07-11,1597.519002
2013-07-12,1633.117136
2013-07-15,1625.027643
2013-07-16,1619.424562
2013-07-17,1618.377707
2013-07-18,1629.665981
2013-07-19,1625.978062
2013-07-22,1637.53929
2013-07-23,1646.245001
2013-07-24,1649.764637
2013-07-25,1661.850849
2013-07-26,1642.989004
2013-07-29,1637.363701
2013-07-30,1625.246574
2013-07-31,1609.31879
2013-08-01,1609.770284
2013-08-02,1639.507993
2013-08-05,1641.217969
2013-08-06,1634.087163
2013-08-07,1644.152934
2013-08-08,1629.216983
2013-08-09,1673.717439
2013-08-12,1696.41013
2013-08-13,1718.778785
2013-08-14,1733.896772
2013-08-15,1732.553865
2013-08-16,1726.795918
2013-08-19,1737.405246
2013-08-20,1736.323157
2013-08-21,1724.474431
2013-08-22,1721.112356
2013-08-23,1729.282978
2013-08-27,1720.051144
2013-08-28,1724.896168
2013-08-29,1723.560552
2013-08-30,1704.25631
2013-09-02,1682.925488
2013-09-03,1684.038624
2013-09-04,1685.394412
2013-09-05,1669.613155
2013-09-06,1668.55605
2013-09-09,1680.977031
2013-09-10,1676.545317
2013-09-11,1670.845232
2013-09-12,1669.032518
2013-09-13,1656.740114
2013-09-16,1654.463231
2013-09-17,1643.914727
2013-09-18,1635.261405
2013-09-19,1644.338288
2013-09-20,1676.188452
2013-09-23,1670.593437
2013-09-24,1655.458405
2013-09-25,1656.223663
2013-09-26,1662.296677
2013-09-27,1670.896192
2013-09-30,1672.752175
2013-10-01,1675.44273
2013-10-02,1663.086453
2013-10-03,1652.378953
2013-10-04,1660.698368
2013-10-07,1655.17281
2013-10-08,1659.78276
2013-10-09,1674.853493
2013-10-10,1674.685268
2013-10-11,1668.822507
2013-10-14,1676.27163
2013-10-15,1685.880823
2013-10-16,1679.91226
2013-10-17,1674.242161
2013-10-18,1680.560155
2013-10-21,1692.935266
2013-10-22,1691.768922
2013-10-23,1701.79301
2013-10-24,1687.634317
2013-10-25,1683.935006
2013-10-28,1681.029079
2013-10-29,1690.201079
2013-10-30,1693.622726
2013-10-31,1698.119456
2013-11-01,1694.988006
2013-11-04,1709.096753
2013-11-05,1687.509558
2013-11-06,1679.268866
2013-11-07,1693.092295
2013-11-08,1677.429539
2013-11-11,1672.745181
2013-11-12,1670.844965
2013-11-13,1666.292983
2013-11-14,1658.422166
2013-11-15,1654.983362
2013-11-18,1655.144954
2013-11-19,1654.588737
2013-11-20,1654.517032
2013-11-21,1655.933082
2013-11-22,1648.001151
2013-11-25,1661.183498
2013-11-26,1657.731719
2013-11-27,1657.101512
2013-11-28,1651.785285
2013-11-29,1642.251415
2013-12-02,1648.867082
2013-12-03,1644.430566
2013-12-04,1641.584575
2013-12-05,1650.500507
2013-12-06,1666.597772
2013-12-09,1667.929754
2013-12-10,1684.178185
2013-12-11,1688.736579
2013-12-12,1691.400255
2013-12-13,1691.143708
2013-12-16,1683.198071
2013-12-17,1687.575205
2013-12-18,1678.291896
2013-12-19,1675.739616
2013-12-20,1671.075241
2013-12-23,1679.624755
2013-12-24,1678.706703
2013-12-27,1676.973026
2013-12-30,1700.309395
2013-12-31,1703.857426
2014-01-02,1703.631533
2014-01-03,1704.639365
2014-01-06,1689.536739
2014-01-07,1677.195141
2014-01-08,1681.40449
2014-01-09,1674.968779
2014-01-10,1657.735915
2014-01-13,1660.917558
2014-01-14,1672.40193
2014-01-15,1680.634643
2014-01-16,1666.714585
2014-01-17,1678.544746
2014-01-20,1692.1614
2014-01-21,1684.227446
2014-01-22,1661.913477
2014-01-23,1658.276908
2014-01-24,1656.620887
2014-01-27,1648.579462
2014-01-28,1641.760894
2014-01-29,1635.705191
2014-01-30,1634.79406
2014-01-31,1619.63624
2014-02-03,1607.280588
2014-02-04,1607.204726
2014-02-05,1604.321238
2014-02-06,1609.186423
2014-02-07,1604.388029
2014-02-10,1619.976851
2014-02-11,1617.919572
2014-02-12,1608.814065
2014-02-13,1621.289634
2014-02-14,1623.779023
2014-02-17,1631.55336
2014-02-18,1642.974141
2014-02-19,1639.701745
2014-02-20,1650.396729
2014-02-21,1636.141675
2014-02-24,1643.160749
2014-02-25,1619.951768
2014-02-26,1609.454577
2014-02-27,1622.102122
2014-02-28,1614.466383
2014-03-03,1622.852216
2014-03-04,1603.175543
2014-03-05,1600.74334
2014-03-06,1625.309311
2014-03-07,1622.352785
2014-03-10,1600.49176
2014-03-11,1542.531549
2014-03-12,1564.338253
2014-03-13,1544.885536
2014-03-14,1553.239739
2014-03-17,1546.095498
2014-03-18,1546.627314
2014-03-19,1543.166154
2014-03-20,1539.277648
2014-03-21,1538.110608
2014-03-24,1547.662214
2014-03-25,1551.005842
2014-03-26,1567.722421
2014-03-27,1561.325331
2014-03-28,1559.419985
2014-03-31,1573.280486
2014-04-01,1588.919273
2014-04-02,1594.17788
2014-04-03,1604.621188
2014-04-04,1596.764559
2014-04-07,1617.002171
2014-04-08,1607.566523
2014-04-09,1617.719444
2014-04-10,1623.204912
2014-04-11,1639.346078
2014-04-14,1638.304346
2014-04-15,1635.36398
2014-04-16,1626.811083
2014-04-17,1634.158833
2014-04-22,1626.169335
2014-04-23,1622.147027
2014-04-24,1628.09101
2014-04-25,1638.550267
2014-04-28,1630.171574
2014-04-29,1611.550715
2014-04-30,1604.452079
2014-05-01,1587.282583
2014-05-02,1572.926955
2014-05-06,1577.7962
2014-05-07,1586.787523
2014-05-08,1578.45518
2014-05-09,1577.93607
2014-05-12,1584.407297
2014-05-13,1597.606698
2014-05-14,1595.567416
2014-05-15,1607.152431
2014-05-16,1597.237424
2014-05-19,1580.715343
2014-05-20,1580.425818
2014-05-21,1570.597336
2014-05-22,1561.833785
2014-05-23,1580.429476
2014-05-27,1589.612205
2014-05-28,1593.200714
2014-05-29,1594.651361
2014-05-30,1576.203331
2014-06-02,1567.013218
2014-06-03,1572.37738
2014-06-04,1563.42435
2014-06-05,1564.87898
2014-06-06,1565.617854
2014-06-09,1551.140341
2014-06-10,1570.839492
2014-06-11,1564.884776
2014-06-12,1558.420969
2014-06-13,1543.98897
2014-06-16,1530.556308
2014-06-17,1532.195101
2014-06-18,1540.192967
2014-06-19,1551.842159
2014-06-20,1553.752145
2014-06-23,1562.163736
2014-06-24,1582.282491
2014-06-25,1578.70534
2014-06-26,1584.381655
2014-06-27,1594.069276
2014-06-30,1596.122137
2014-07-01,1587.088397
2014-07-02,1587.865821
2014-07-03,1604.85577
2014-07-04,1625.884674
2014-07-07,1625.852477
2014-07-08,1619.583323
2014-07-09,1634.740703
2014-07-10,1640.564211
2014-07-11,1620.892818
2014-07-14,1632.83503
2014-07-15,1643.091053
2014-07-16,1639.860487
2014-07-17,1650.482828
2014-07-18,1643.071759
2014-07-21,1633.08912
2014-07-22,1634.233767
2014-07-23,1649.807858
2014-07-24,1641.987865
2014-07-25,1650.361709
2014-07-28,1658.893444
2014-07-29,1648.811273
2014-07-30,1649.439303
2014-07-31,1646.25213
2014-08-01,1658.114424
2014-08-04,1636.725355
2014-08-05,1641.803806
2014-08-06,1650.913492
2014-08-07,1637.108914
2014-08-08,1643.924368
2014-08-11,1642.742974
2014-08-12,1646.272448
2014-08-13,1648.267461
2014-08-14,1631.521525
2014-08-15,1624.630265
2014-08-18,1614.893066
2014-08-19,1619.03279
2014-08-20,1631.169294
2014-08-21,1631.166634
2014-08-22,1639.559938
2014-08-26,1638.358942
2014-08-27,1638.605414
2014-08-28,1630.569014
2014-08-29,1632.365287
2014-09-01,1629.904531
2014-09-02,1621.674083
2014-09-03,1620.460809
2014-09-04,1611.164119
2014-09-05,1615.345511
2014-09-08,1605.608439
2014-09-09,1613.603312
2014-09-10,1591.036043
2014-09-11,1565.663083
2014-09-12,1561.345844
2014-09-15,1562.767965
2014-09-16,1566.018373
2014-09-17,1565.768034
2014-09-18,1566.93601
2014-09-19,1553.264621
2014-09-22,1539.137284
2014-09-23,1518.138269
2014-09-24,1522.648132
2014-09-25,1517.364851
2014-09-26,1513.996644
2014-09-29,1514.563775
2014-09-30,1500.906904
2014-10-01,1508.204652
2014-10-02,1500.334249
2014-10-03,1495.557994
2014-10-06,1497.875944
2014-10-07,1507.136076
2014-10-08,1511.384346
2014-10-09,1520.563045
2014-10-10,1514.53074
2014-10-13,1506.291432
2014-10-14,1535.925
2014-10-15,1531.908054
2014-10-16,1525.756892
2014-10-17,1482.699086
2014-10-20,1500.867492
2014-10-21,1508.175904
2014-10-22,1513.027987
2014-10-23,1523.592316
2014-10-24,1512.372747
2014-10-27,1511.086492
2014-10-28,1507.653569
2014-10-29,1519.86279
2014-10-30,1527.5798
2014-10-31,1525.623499
2014-11-03,1541.847437
2014-11-04,1531.927979
2014-11-05,1517.549573
2014-11-06,1498.083872
2014-11-07,1499.868299
2014-11-10,1510.895012
2014-11-11,1507.22887
2014-11-12,1498.174921
2014-11-13,1517.734239
2014-11-14,1516.742631
2014-11-17,1499.087219
2014-11-18,1507.590155
2014-11-19,1479.943206
2014-11-20,1476.760924
2014-11-21,1479.481297
2014-11-24,1500.562884
2014-11-25,1494.320162
2014-11-26,1491.651838
2014-11-27,1483.064396
2014-11-28,1491.005343
2014-12-01,1481.358195
2014-12-02,1461.848364
2014-12-03,1462.919414
2014-12-04,1446.673527
2014-12-05,1465.402708
2014-12-08,1476.673884
2014-12-09,1451.331233
2014-12-10,1437.279352
2014-12-11,1444.34922
2014-12-12,1438.161468
2014-12-15,1437.721311
2014-12-16,1441.743766
2014-12-17,1414.577617
2014-12-18,1394.989681
2014-12-19,1404.336221
2014-12-22,1415.651813
2014-12-23,1407.854101
2014-12-24,1390.266859
2014-12-29,1385.980389
2014-12-30,1389.657418
2014-12-31,1401.71237
2015-01-04,1407.543128
2015-01-05,1402.31077
2015-01-06,1385.618796
2015-01-07,1387.727621
2015-01-08,1381.1813
2015-01-09,1391.535742
2015-01-12,1388.80365
2015-01-13,1375.898533
2015-01-14,1347.701391
2015-01-15,1318.878643
2015-01-16,1333.377765
2015-01-19,1331.74222
2015-01-20,1338.912673
2015-01-21,1350.567039
2015-01-22,1340.637386
2015-01-23,1352.94467
2015-01-26,1327.756036
2015-01-27,1304.592781
2015-01-28,1317.531508
2015-01-29,1312.189482
2015-01-30,1297.685284
2015-02-02,1305.114707
2015-02-03,1312.70021
2015-02-04,1333.559705
2015-02-05,1326.696441
2015-02-06,1310.315475
2015-02-09,1327.877758
2015-02-10,1316.162642
2015-02-11,1312.590541
2015-02-12,1307.325829
2015-02-13,1311.485581
2015-02-16,1324.451809
2015-02-17,1328.499348
2015-02-18,1306.792516
2015-02-19,1307.478343
2015-02-20,1309.401184
2015-02-23,1306.122455
2015-02-24,1296.592867
2015-02-25,1310.042265
2015-02-26,1309.230473
2015-02-27,1318.23171
2015-03-02,1310.66526
2015-03-03,1311.802116
2015-03-04,1301.573022
2015-03-05,1304.29527
2015-03-06,1293.866498
2015-03-09,1290.853696
2015-03-10,1282.399882
2015-03-11,1274.38072
2015-03-12,1272.042853
2015-03-13,1275.254563
2015-03-16,1272.736745
2015-03-17,1280.501026
2015-03-18,1262.303188
2015-03-19,1249.789722
2015-03-20,1256.882075
2015-03-23,1262.233034
2015-03-24,1285.179876
2015-03-25,1292.766963
2015-03-26,1286.269691
2015-03-27,1294.202832
2015-03-30,1270.19187
2015-03-31,1264.367742
2015-04-01,1250.592775
2015-04-02,1232.430513
2015-04-07,1223.758143
2015-04-08,1235.270479
2015-04-09,1237.229545
2015-04-10,1239.357419
2015-04-13,1237.967288
2015-04-14,1245.178629
2015-04-15,1246.1291
2015-04-16,1253.070143
2015-04-17,1272.380174
2015-04-20,1277.561778
2015-04-21,1276.792408
2015-04-22,1267.023964
2015-04-23,1283.78879
2015-04-24,1284.58882
2015-04-27,1316.228089
2015-04-28,1333.510453
2015-04-29,1347.324345
2015-04-30,1335.301253
2015-05-01,1349.990296
2015-05-05,1367.356851
2015-05-06,1379.418986
2015-05-07,1393.717029
2015-05-08,1378.961445
2015-05-11,1381.956844
2015-05-12,1383.687623
2015-05-13,1388.967676
2015-05-14,1387.312192
2015-05-15,1376.830274
2015-05-18,1357.821931
2015-05-19,1353.023926
2015-05-20,1320.74708
2015-05-21,1302.748697
2015-05-22,1309.05417
2015-05-26,1313.006376
2015-05-27,1321.315034
2015-05-28,1316.367335
2015-05-29,1324.032619
2015-06-01,1315.16532
2015-06-02,1299.245723
2015-06-03,1314.072319
2015-06-04,1316.989999
2015-06-05,1317.997105
2015-06-08,1312.124445
2015-06-09,1312.347783
2015-06-10,1327.888779
2015-06-11,1339.164769
2015-06-12,1321.748085
2015-06-15,1311.593223
2015-06-16,1286.427457
2015-06-17,1278.583288
2015-06-18,1274.241293
2015-06-19,1279.305195
2015-06-22,1260.75103
2015-06-23,1251.152118
2015-06-24,1269.541488
2015-06-25,1282.8805
2015-06-26,1271.102619
2015-06-29,1269.313463
2015-06-30,1255.364052
2015-07-01,1242.606408
2015-07-02,1250.631314
2015-07-03,1239.389028
2015-07-06,1234.05575
2015-07-07,1192.95321
2015-07-08,1167.862745
2015-07-09,1125.39345
2015-07-10,1178.524156
2015-07-13,1184.89296
2015-07-14,1192.632596
2015-07-15,1182.834817
2015-07-16,1203.040914
2015-07-17,1192.704872
2015-07-20,1189.73513
2015-07-21,1190.863648
2015-07-22,1193.453616
2015-07-23,1174.172282
2015-07-24,1170.612616
2015-07-27,1155.751262
2015-07-28,1157.256486
2015-07-29,1172.202846
2015-07-30,1192.633089
2015-07-31,1181.86931
2015-08-03,1164.482381
2015-08-04,1165.666506
2015-08-05,1172.475886
2015-08-06,1173.420959
2015-08-07,1167.535806
2015-08-10,1163.911273
2015-08-11,1166.798016
2015-08-12,1161.816616
2015-08-13,1156.690518
2015-08-14,1163.142717
2015-08-17,1164.436642
2015-08-18,1155.400595
2015-08-19,1147.73406
2015-08-20,1144.080962
2015-08-21,1151.392438
2015-08-24,1143.095849
2015-08-25,1099.172836
2015-08-26,1123.226493
2015-08-27,1111.664581
2015-08-28,1123.977373
2015-09-01,1148.629134
2015-09-02,1161.200648
2015-09-03,1157.632932
2015-09-04,1176.965195
2015-09-07,1164.94865
2015-09-08,1165.452331
2015-09-09,1176.899535
2015-09-10,1197.386283
2015-09-11,1201.925225
2015-09-14,1198.071061
2015-09-15,1183.94174
2015-09-16,1174.061963
2015-09-17,1180.925297
2015-09-18,1182.610701
2015-09-21,1185.149653
2015-09-22,1171.907897
2015-09-23,1149.764925
2015-09-24,1145.605424
2015-09-25,1137.594781
2015-09-28,1152.507415
2015-09-29,1132.898761
2015-09-30,1137.877059
2015-10-01,1149.475251
2015-10-02,1160.743627
2015-10-05,1126.139724
2015-10-06,1130.531428
2015-10-07,1131.396971
2015-10-08,1144.87808
2015-10-09,1151.843565
2015-10-12,1189.440634
2015-10-13,1194.437934
2015-10-14,1167.063213
2015-10-15,1171.016993
2015-10-16,1171.37044
2015-10-19,1159.213157
2015-10-20,1151.884074
2015-10-21,1138.532196
2015-10-22,1133.29826
2015-10-23,1132.700962
2015-10-26,1134.836339
2015-10-27,1122.386984
2015-10-28,1121.238042
2015-10-29,1103.786046
2015-10-30,1101.89248
2015-11-02,1098.21823
2015-11-03,1096.35058
2015-11-04,1097.136886
2015-11-05,1099.860106
2015-11-06,1085.547005
2015-11-09,1082.566485
2015-11-10,1084.942739
2015-11-11,1074.323113
2015-11-12,1074.655375
2015-11-13,1064.277645
2015-11-16,1062.474161
2015-11-17,1053.281872
2015-11-18,1035.00487
2015-11-19,1031.849942
2015-11-20,1019.431016
2015-11-23,1033.28735
2015-11-24,1000.998247
2015-11-25,1003.743568
2015-11-26,1007.1637
2015-11-27,1029.789817
2015-11-30,1026.561447
2015-12-01,1008.950745
2015-12-02,1006.397101
2015-12-03,1001.509107
2015-12-04,993.7729929
2015-12-07,1007.382331
2015-12-08,998.0765294
2015-12-09,982.3753699
2015-12-10,997.7215723
2015-12-11,985.2431357
2015-12-14,996.774975
2015-12-15,994.8630307
2015-12-16,993.5769454
2015-12-17,990.297112
2015-12-18,987.672358
2015-12-21,1005.723182
2015-12-22,1013.443483
2015-12-23,1015.985652
2015-12-24,1021.254166
2015-12-29,1022.40463
2015-12-30,1032.24212
2015-12-31,1038.948271
2016-01-04,1040.395599
2016-01-05,1029.695233
2016-01-06,1022.631499
2016-01-07,1011.62429
2016-01-08,998.0465081
2016-01-11,999.2762549
2016-01-12,985.0278486
2016-01-13,976.8706042
2016-01-14,968.8664778
2016-01-15,979.033786
2016-01-18,978.510002
2016-01-19,994.9733204
2016-01-20,1006.92336
2016-01-21,984.8608072
2016-01-22,985.4707534
2016-01-25,1007.744113
2016-01-26,996.7938176
2016-01-27,998.9150387
2016-01-28,1015.981594
2016-01-29,1018.359092
2016-02-01,1020.288372
2016-02-02,1025.935636
2016-02-03,1041.220341
2016-02-04,1042.214986
2016-02-05,1061.58006
2016-02-08,1060.326742
2016-02-09,1043.000679
2016-02-10,1043.466261
2016-02-11,1042.887352
2016-02-12,1037.191024
2016-02-15,1039.174362
2016-02-16,1051.103328
2016-02-17,1059.250018
2016-02-18,1050.559299
2016-02-19,1056.959887
2016-02-22,1073.542646
2016-02-23,1107.097999
2016-02-24,1103.04698
2016-02-25,1090.165911
2016-02-26,1095.430061
2016-02-29,1085.512102
2016-03-01,1105.244062
2016-03-02,1111.750936
2016-03-03,1126.071552
2016-03-04,1126.848528
2016-03-07,1147.452656
2016-03-08,1214.294768
2016-03-09,1205.457612
2016-03-10,1166.671045
2016-03-11,1164.84077
2016-03-14,1158.331493
2016-03-15,1151.033148
2016-03-16,1121.475554
2016-03-17,1121.946691
2016-03-18,1148.203515
2016-03-21,1163.559456
2016-03-22,1163.59256
2016-03-23,1160.813031
2016-03-24,1156.868323
2016-03-29,1133.699569
2016-03-30,1127.639418
2016-03-31,1122.630297
2016-04-01,1114.641188
2016-04-04,1131.732423
2016-04-05,1126.915264
2016-04-06,1116.189667
2016-04-07,1112.128473
2016-04-08,1108.756918
2016-04-11,1101.760962
2016-04-12,1116.419732
2016-04-13,1141.253436
2016-04-14,1167.592316
2016-04-15,1163.810555
2016-04-18,1152.632085
2016-04-19,1166.303027
2016-04-20,1185.455086
2016-04-21,1213.926331
2016-04-22,1256.414202
2016-04-25,1233.596841
2016-04-26,1231.020702
2016-04-27,1206.784156
2016-04-28,1202.301984
2016-04-29,1210.191516
2016-05-03,1248.603118
2016-05-04,1218.599781
2016-05-05,1191.475423
2016-05-06,1183.804804
2016-05-09,1169.682982
2016-05-10,1137.671734
2016-05-11,1133.687237
2016-05-12,1145.633345
2016-05-13,1138.959462
2016-05-16,1122.944738
2016-05-17,1119.440714
2016-05-18,1128.887956
2016-05-19,1130.025634
2016-05-20,1112.214621
2016-05-23,1127.113959
2016-05-24,1091.575485
2016-05-25,1101.801886
2016-05-26,1093.241721
2016-05-27,1099.005444
2016-05-31,1112.014355
2016-06-01,1105.453731
2016-06-02,1085.565568
2016-06-03,1093.089545
2016-06-06,1108.353087
2016-06-07,1118.402088
2016-06-08,1117.217541
2016-06-09,1131.193502
2016-06-10,1129.447554
2016-06-13,1124.795975
2016-06-14,1124.103684
2016-06-15,1113.319119
2016-06-16,1127.405153
2016-06-17,1111.829346
2016-06-20,1118.142485
2016-06-21,1124.578251
2016-06-22,1126.258593
2016-06-23,1144.467111
2016-06-24,1146.360222
2016-06-27,1123.690444
2016-06-28,1143.233465
2016-06-29,1153.683203
2016-06-30,1159.832399
2016-07-01,1181.374655
2016-07-04,1176.450743
2016-07-05,1207.423471
2016-07-06,1190.335643
2016-07-07,1174.194852
2016-07-08,1178.32192
2016-07-11,1177.703279
2016-07-12,1188.97995
2016-07-13,1216.751757
2016-07-14,1228.317455
2016-07-15,1226.342299
2016-07-18,1232.144691
2016-07-19,1206.239763
2016-07-20,1210.800529
2016-07-21,1198.002814
2016-07-22,1210.375462
2016-07-25,1204.527815
2016-07-26,1205.770902
2016-07-27,1203.663093
2016-07-28,1204.847812
2016-07-29,1218.285222
2016-08-01,1214.012081
2016-08-02,1244.901788
2016-08-03,1239.86617
2016-08-04,1230.328666
2016-08-05,1211.832892
2016-08-08,1223.205517
2016-08-09,1232.506563
2016-08-10,1226.920494
2016-08-11,1237.764496
2016-08-12,1219.866114
2016-08-15,1218.092983
2016-08-16,1218.802275
2016-08-17,1240.77943
2016-08-18,1232.84688
2016-08-19,1239.890962
2016-08-22,1229.677616
2016-08-23,1226.223063
2016-08-24,1229.796352
2016-08-25,1226.254269
2016-08-26,1212.701961
2016-08-30,1203.364258
2016-08-31,1202.709522
2016-09-01,1195.5839
2016-09-02,1195.776164
2016-09-05,1201.416746
2016-09-06,1198.605916
2016-09-07,1199.697238
2016-09-08,1198.624295
2016-09-09,1190.456328
2016-09-12,1189.450911
2016-09-13,1176.24953
2016-09-14,1176.542002
2016-09-15,1176.141588
2016-09-16,1181.610495
2016-09-19,1179.689625
2016-09-20,1180.476546
2016-09-21,1186.730121
2016-09-22,1189.800335
2016-09-23,1208.363953
2016-09-26,1214.098293
2016-09-27,1206.955773
2016-09-28,1217.548255
2016-09-29,1218.842668
2016-09-30,1224.342454
2016-10-03,1225.293737
2016-10-04,1218.359488
2016-10-05,1222.902068
2016-10-06,1216.216021
2016-10-07,1214.018222
2016-10-10,1217.803632
2016-10-11,1226.774806
2016-10-12,1230.26771
2016-10-13,1229.768775
2016-10-14,1219.312901
2016-10-17,1216.807338
2016-10-18,1215.651029
2016-10-19,1220.254339
2016-10-20,1208.07545
2016-10-21,1209.325244
2016-10-24,1207.745772
2016-10-25,1213.010395
2016-10-26,1245.662022
2016-10-27,1253.752609
2016-10-28,1261.021248
2016-10-31,1271.320663
2016-11-01,1284.583405
2016-11-02,1293.194843
2016-11-03,1287.604783
2016-11-04,1297.240655
2016-11-07,1295.40823
2016-11-08,1319.670312
2016-11-09,1323.514242
2016-11-10,1369.108303
2016-11-11,1418.116457
2016-11-14,1466.308691
2016-11-15,1430.096363
2016-11-16,1386.119293
2016-11-17,1385.76878
2016-11-18,1379.671816
2016-11-21,1382.513291
2016-11-22,1382.562976
2016-11-23,1417.358788
2016-11-24,1421.735856
2016-11-25,1457.653762
2016-11-28,1469.173585
2016-11-29,1499.897045
2016-11-30,1457.568688
2016-12-01,1416.946864
2016-12-02,1455.926548
2016-12-05,1441.132147
2016-12-06,1462.567034
2016-12-07,1466.431729
2016-12-08,1489.792202
2016-12-09,1478.107514
2016-12-12,1476.484188
2016-12-13,1481.329678
2016-12-14,1487.953842
2016-12-15,1464.021625
2016-12-16,1466.134546
2016-12-19,1458.645476
2016-12-20,1438.688693
2016-12-21,1427.614672
2016-12-22,1426.410303
2016-12-23,1401.0368
2016-12-28,1415.822851
2016-12-29,1419.538443
2016-12-30,1412.164188
2017-01-03,1404.629781
2017-01-04,1405.629197
2017-01-05,1395.273518
2017-01-06,1419.050122
2017-01-09,1402.71846
2017-01-10,1411.471672
2017-01-11,1444.216403
2017-01-12,1451.230581
2017-01-13,1463.531499
2017-01-16,1467.758563
2017-01-17,1497.897768
2017-01-18,1475.634354
2017-01-19,1475.880783
2017-01-20,1477.537278
2017-01-23,1471.267176
2017-01-24,1489.376996
2017-01-25,1506.606531
2017-01-26,1498.172761
2017-01-27,1502.230521
2017-01-30,1492.178444
2017-01-31,1487.716236
2017-02-01,1503.648264
2017-02-02,1504.721984
2017-02-03,1504.249227
2017-02-06,1491.253826
2017-02-07,1478.974404
2017-02-08,1492.725141
2017-02-09,1505.281909
2017-02-10,1512.516129
2017-02-13,1530.385639
2017-02-14,1583.218079
2017-02-15,1588.13016
2017-02-16,1565.256255
2017-02-17,1559.009917
2017-02-20,1551.742657
2017-02-21,1570.416501
2017-02-22,1584.888936
2017-02-23,1573.518304
2017-02-24,1561.253197
2017-02-27,1546.471387
2017-02-28,1567.455071
2017-03-01,1565.659645
2017-03-02,1581.148425
2017-03-03,1579.042587
2017-03-06,1561.294159
2017-03-07,1537.945624
2017-03-08,1531.787484
2017-03-09,1520.946685
2017-03-10,1496.480634
2017-03-13,1510.752303
2017-03-14,1526.911959
2017-03-15,1511.227226
2017-03-16,1537.00363
2017-03-17,1561.979895
2017-03-20,1559.941529
2017-03-21,1558.071061
2017-03-22,1534.577559
2017-03-23,1516.022429
2017-03-24,1530.151648
2017-03-27,1523.253048
2017-03-28,1499.639321
2017-03-29,1504.011789
2017-03-30,1516.287281
2017-03-31,1522.349739
2017-04-03,1509.634995
2017-04-04,1501.527651
2017-04-05,1490.106487
2017-04-06,1518.105279
2017-04-07,1520.864041
2017-04-10,1471.746286
2017-04-11,1466.411664
2017-04-12,1458.197967
2017-04-13,1417.942908
2017-04-14,1415.649548
2017-04-17,1415.649548
2017-04-18,1402.87699
2017-04-19,1385.309466
2017-04-20,1384.385405
2017-04-21,1398.28615
2017-04-24,1411.605913
2017-04-25,1402.344858
2017-04-26,1405.569425
2017-04-27,1414.994473
2017-04-28,1415.573776
2017-05-01,1418.72544
2017-05-02,1418.72544
2017-05-03,1417.711315
2017-05-04,1417.098186
2017-05-05,1385.399227
2017-05-08,1365.269867
2017-05-09,1346.743359
2017-05-10,1355.176667
2017-05-11,1353.923539
2017-05-12,1363.205854
2017-05-15,1360.580101
2017-05-16,1363.58783
2017-05-17,1361.720964
2017-05-18,1373.231646
2017-05-19,1353.216216
2017-05-22,1379.568006
2017-05-23,1393.610179
2017-05-24,1381.681267
2017-05-25,1373.6623
2017-05-26,1372.391848
2017-05-29,1359.681705
2017-05-30,1363.214202
2017-05-31,1358.652962
2017-06-01,1340.968482
2017-06-02,1337.698434
2017-06-05,1338.376696
2017-06-06,1328.821713
2017-06-07,1322.574508
2017-06-08,1320.921054
2017-06-09,1325.476249
2017-06-12,1333.541755
2017-06-13,1329.482045
2017-06-14,1306.347841
2017-06-15,1319.464783
2017-06-16,1286.712534
2017-06-19,1327.71307
2017-06-20,1335.173868
2017-06-21,1342.162561
2017-06-22,1338.378734
2017-06-23,1350.106108
2017-06-26,1356.625607
2017-06-27,1354.778976
2017-06-28,1375.789738
2017-06-29,1399.794567
2017-06-30,1425.051671
2017-07-03,1415.195591
2017-07-04,1428.321917
2017-07-05,1414.089096
2017-07-06,1412.003964
2017-07-07,1410.454152
2017-07-10,1410.78084
2017-07-11,1412.966872
2017-07-12,1415.43931
2017-07-13,1420.220091
2017-07-14,1436.248742
2017-07-17,1429.314801
2017-07-18,1446.78759
2017-07-19,1447.557083
2017-07-20,1458.660505
2017-07-21,1441.853228
2017-07-24,1444.743687
2017-07-25,1446.985123
2017-07-26,1473.214263
2017-07-27,1487.548109
2017-07-28,1497.42226
2017-07-31,1479.258965
2017-08-01,1513.319119
2017-08-02,1503.015051
2017-08-03,1501.585696
2017-08-04,1504.861199
2017-08-07,1513.639612
2017-08-08,1530.455662
2017-08-09,1544.323923
2017-08-10,1566.631494
2017-08-11,1569.694627
2017-08-14,1557.017993
2017-08-15,1551.682049
2017-08-16,1557.729116
2017-08-17,1567.186342
2017-08-18,1592.240204
2017-08-21,1603.601979
2017-08-22,1617.115891
2017-08-23,1625.844555
2017-08-24,1612.297807
2017-08-25,1613.552143
2017-08-28,1628.114159
2017-08-29,1622.439949
2017-08-30,1625.547799
2017-08-31,1614.336302
2017-09-01,1642.538688
2017-09-04,1644.880649
2017-09-05,1645.014988
2017-09-06,1646.322615
2017-09-07,1626.154394
2017-09-08,1620.803184
2017-09-11,1605.988899
2017-09-12,1607.914409
2017-09-13,1600.531796
2017-09-14,1597.904801
2017-09-15,1570.280655
2017-09-18,1566.985567
2017-09-19,1572.91341
2017-09-20,1567.724386
2017-09-21,1593.598786
2017-09-22,1560.179025
2017-09-25,1541.834095
2017-09-26,1540.025378
2017-09-27,1547.738485
2017-09-28,1542.55092
2017-09-29,1529.046251
2017-10-02,1540.618239
2017-10-03,1529.054004
2017-10-04,1541.453883
2017-10-05,1559.146966
2017-10-06,1547.583258
2017-10-09,1558.692911
2017-10-10,1562.052793
2017-10-11,1555.140712
2017-10-12,1549.360868
2017-10-13,1561.262747
2017-10-16,1587.467808
2017-10-17,1606.461961
2017-10-18,1586.526509
2017-10-19,1582.500319
2017-10-20,1572.356529
2017-10-23,1597.987148
2017-10-24,1581.795737
2017-10-25,1600.084448
2017-10-26,1591.530001
2017-10-27,1594.264963
2017-10-30,1555.699548
2017-10-31,1555.077565
2017-11-01,1556.177204
2017-11-02,1586.981794
2017-11-03,1576.286233
2017-11-06,1583.223398
2017-11-07,1603.741078
2017-11-08,1591.27683
2017-11-09,1578.159307
2017-11-10,1568.440325
2017-11-13,1578.464916
2017-11-14,1572.346599
2017-11-15,1576.443019
2017-11-16,1552.394746
2017-11-17,1559.814227
2017-11-20,1555.459021
2017-11-21,1561.100659
2017-11-22,1562.113539
2017-11-23,1587.697411
2017-11-24,1601.644139
2017-11-27,1616.296415
2017-11-28,1602.736011
2017-11-29,1593.75196
2017-11-30,1581.04998
2017-12-01,1580.375362
2017-12-04,1591.721014
2017-12-05,1616.145932
2017-12-06,1598.688916
2017-12-07,1578.004841
2017-12-08,1539.514584
2017-12-11,1556.080197
2017-12-12,1556.433826
2017-12-13,1580.794814
2017-12-14,1581.300182
2017-12-15,1582.416087
2017-12-18,1598.087324
2017-12-19,1628.369522
2017-12-20,1629.486692
2017-12-21,1639.129818
2017-12-22,1644.683039
2017-12-26,1671.138717
2017-12-27,1671.138717
2017-12-28,1692.269639
2017-12-29,1694.135157
2018-01-02,1690.651137
2018-01-03,1704.027976
2018-01-04,1706.410977
2018-01-05,1713.170401
2018-01-08,1710.685314
2018-01-09,1706.643457
2018-01-10,1702.903156
2018-01-11,1714.951564
2018-01-12,1721.002528
2018-01-15,1717.17058
2018-01-16,1726.031238
2018-01-17,1692.006412
2018-01-18,1691.649598
2018-01-19,1702.711976
2018-01-22,1725.413394
2018-01-23,1718.503774
2018-01-24,1705.21336
2018-01-25,1699.359785
2018-01-26,1723.583433
2018-01-29,1721.459791
2018-01-30,1729.815993
2018-01-31,1713.311629
2018-02-01,1715.119225
2018-02-02,1710.702803
2018-02-05,1725.369944
2018-02-06,1721.275728
2018-02-07,1716.770633
2018-02-08,1717.857864
2018-02-09,1694.439681
2018-02-12,1680.853721
2018-02-13,1674.1887
2018-02-14,1690.885469
2018-02-15,1710.648574
2018-02-16,1734.112862
2018-02-19,1745.594438
2018-02-20,1752.072853
2018-02-21,1739.657121
2018-02-22,1725.958082
2018-02-23,1724.357692
2018-02-26,1737.46384
2018-02-27,1742.990722
2018-02-28,1730.127394
2018-03-01,1714.491251
2018-03-02,1698.626157
2018-03-05,1700.131836
2018-03-06,1679.23367
2018-03-07,1686.183016
2018-03-08,1669.158598
2018-03-09,1642.050785
2018-03-12,1622.528578
2018-03-13,1633.140822
2018-03-14,1634.915004
2018-03-15,1659.902888
2018-03-16,1639.651493
2018-03-19,1635.622191
2018-03-20,1608.417482
2018-03-21,1605.2103
2018-03-22,1595.552217
2018-03-23,1601.056491
2018-03-26,1575.59311
2018-03-27,1558.231445
2018-03-28,1580.499586
2018-03-29,1559.434662
2018-03-30,1566.67986
2018-04-02,1566.67986
2018-04-03,1581.452862
2018-04-04,1578.572909
2018-04-05,1554.416968
2018-04-06,1564.680291
2018-04-09,1556.838887
2018-04-10,1598.111062
2018-04-11,1630.529391
2018-04-12,1646.760222
2018-04-13,1618.165921
2018-04-16,1650.149741
2018-04-17,1651.038447
2018-04-18,1654.485783
2018-04-19,1715.53467
2018-04-20,1748.964829
2018-04-23,1709.520392
2018-04-24,1703.394532
2018-04-25,1665.518115
2018-04-26,1657.325677
2018-04-27,1637.706476
2018-04-30,1640.732797
2018-05-01,1633.645931
2018-05-02,1636.591601
2018-05-03,1647.843734
2018-05-04,1663.884519
2018-05-08,1652.149014
2018-05-09,1664.870695
2018-05-10,1648.559085
2018-05-11,1662.641716
2018-05-14,1658.748939
2018-05-15,1669.969449
2018-05-16,1667.181301
2018-05-17,1666.971729
2018-05-18,1664.70047
2018-05-21,1663.95885
2018-05-22,1654.971065
2018-05-23,1655.288208
2018-05-24,1635.190929
2018-05-25,1656.98469
2018-05-28,1652.786415
2018-05-29,1652.49938
2018-05-30,1646.83445
2018-05-31,1657.298486
2018-06-01,1663.297855
2018-06-04,1662.705268
2018-06-05,1678.897854
2018-06-06,1692.403752
2018-06-07,1709.391137
2018-06-08,1723.681869
2018-06-11,1707.494973
2018-06-12,1709.488713
2018-06-13,1711.622107
2018-06-14,1703.112473
2018-06-15,1711.41235
2018-06-18,1696.526086
2018-06-19,1676.52416
2018-06-20,1639.221752
2018-06-21,1636.243609
2018-06-22,1628.116135
2018-06-25,1632.098165
2018-06-26,1630.71269
2018-06-27,1621.949052
2018-06-28,1623.043864
2018-06-29,1612.572086
2018-07-02,1620.058696
2018-07-03,1602.592242
2018-07-04,1603.631528
2018-07-05,1574.813069
2018-07-06,1565.394743
2018-07-09,1552.161814
2018-07-10,1564.010246
2018-07-11,1555.025144
2018-07-12,1530.639438
2018-07-13,1528.312538
2018-07-16,1527.976699
2018-07-17,1530.572561
2018-07-18,1522.619404
2018-07-19,1506.362496
2018-07-20,1501.886871
2018-07-23,1516.023236
2018-07-24,1537.924288
2018-07-25,1528.151932
2018-07-26,1532.897136
2018-07-27,1533.038704
2018-07-30,1538.614643
2018-07-31,1532.711997
2018-08-01,1539.089339
2018-08-02,1528.307657
2018-08-03,1511.842856
2018-08-06,1518.073006
2018-08-07,1499.50668
2018-08-08,1522.265184
2018-08-09,1521.82504
2018-08-10,1554.846274
2018-08-13,1530.208956
2018-08-14,1521.58871
2018-08-15,1513.161479
2018-08-16,1473.225266
2018-08-17,1477.240218
2018-08-20,1468.521403
2018-08-21,1493.543033
2018-08-22,1504.0051
2018-08-23,1496.191313
2018-08-24,1484.0879
2018-08-27,1506.678153
2018-08-28,1510.299888
2018-08-29,1525.963823
2018-08-30,1527.485426
2018-08-31,1521.843874
2018-09-03,1514.03129
2018-09-04,1502.553317
2018-09-05,1482.268123
2018-09-06,1485.00371
2018-09-07,1495.970691
2018-09-10,1487.26165
2018-09-11,1475.572999
2018-09-12,1475.106127
2018-09-13,1468.426885
2018-09-14,1489.275546
2018-09-17,1484.831669
2018-09-18,1469.024774
2018-09-19,1488.834856
2018-09-20,1495.651547
2018-09-21,1503.430833
2018-09-24,1518.46167
2018-09-25,1533.651497
2018-09-26,1525.997424
2018-09-27,1531.547374
2018-09-28,1519.383671
2018-10-01,1514.107479
2018-10-02,1525.523285
2018-10-03,1543.570748
2018-10-04,1560.507528
2018-10-05,1584.91028
2018-10-08,1546.301086
2018-10-09,1532.870169
2018-10-10,1535.68418
2018-10-11,1540.334998
2018-10-12,1524.532182
2018-10-15,1554.704593
2018-10-16,1551.020939
2018-10-17,1539.555684
2018-10-18,1546.306605
2018-10-19,1535.850233
2018-10-22,1542.299194
2018-10-23,1549.807784
2018-10-24,1540.348604
2018-10-25,1545.586405
2018-10-26,1545.139704
2018-10-29,1535.324217
2018-10-30,1545.899691
2018-10-31,1525.53312
2018-11-01,1509.460304
2018-11-02,1514.302901
2018-11-05,1534.259034
2018-11-06,1528.302112
2018-11-07,1523.56781
2018-11-08,1518.207301
2018-11-09,1525.506033
2018-11-12,1524.214149
2018-11-13,1508.062576
2018-11-14,1510.474728
2018-11-15,1508.277544
2018-11-16,1515.292161
2018-11-19,1515.4938
2018-11-20,1529.633872
2018-11-21,1524.533021
2018-11-22,1521.486801
2018-11-23,1513.63972
2018-11-26,1492.660877
2018-11-27,1466.24316
2018-11-28,1462.516938
2018-11-29,1467.000717
2018-11-30,1482.727034
2018-12-03,1484.642893
2018-12-04,1505.39479
2018-12-05,1511.722044
2018-12-06,1497.373208
2018-12-07,1481.92109
2018-12-10,1491.143055
2018-12-11,1481.435419
2018-12-12,1483.782776
2018-12-13,1480.498587
2018-12-14,1487.715272
2018-12-17,1482.922808
2018-12-18,1489.596476
2018-12-19,1482.712132
2018-12-20,1475.727501
2018-12-21,1491.719684
2018-12-24,1497.002204
2018-12-25,1477.532662
2018-12-26,1477.532662
2018-12-27,1477.532662
2018-12-28,1482.551919
2018-12-31,1482.395102
2019-01-01,1472.56475
2019-01-02,1472.56475
2019-01-03,1455.499336
2019-01-04,1446.451043
2019-01-07,1467.239715
2019-01-08,1470.048736
2019-01-09,1470.702716
2019-01-10,1476.549782
2019-01-11,1468.128253
2019-01-14,1464.500721
2019-01-15,1451.85951
2019-01-16,1461.490536
2019-01-17,1474.311707
2019-01-18,1467.899931
2019-01-21,1496.08729
2019-01-22,1491.612482
2019-01-23,1492.786859
2019-01-24,1494.232126
2019-01-25,1486.928967
2019-01-28,1497.481242
2019-01-29,1521.454214
2019-01-30,1520.104062
2019-01-31,1545.298453
2019-02-01,1541.321172
2019-02-04,1569.956305
2019-02-05,1564.758987
2019-02-06,1586.309699
2019-02-07,1583.73805
2019-02-08,1577.886521
2019-02-11,1574.777179
2019-02-12,1579.491976
2019-02-13,1562.730897
2019-02-14,1557.931115
2019-02-15,1566.948636
2019-02-18,1567.803065
2019-02-19,1571.783609
2019-02-20,1576.892826
2019-02-21,1584.671172
2019-02-22,1590.998181
2019-02-25,1609.505888
2019-02-26,1608.134629
2019-02-27,1593.544212
2019-02-28,1608.666494
2019-03-01,1612.586407
2019-03-04,1617.465667
2019-03-05,1609.304336
2019-03-06,1619.506745
2019-03-07,1612.190481
2019-03-08,1605.627414
2019-03-11,1590.975252
2019-03-12,1585.325535
2019-03-13,1605.767414
2019-03-14,1614.471469
2019-03-15,1613.624149
2019-03-18,1603.857297
2019-03-19,1616.740386
2019-03-20,1622.379235
2019-03-21,1616.974412
2019-03-22,1614.545074
2019-03-25,1599.665935
2019-03-26,1589.746555
2019-03-27,1590.62738
2019-03-28,1624.880777
2019-03-29,1606.595884
2019-04-01,1627.243615
2019-04-02,1633.740306
2019-04-03,1617.703006
2019-04-04,1638.024614
2019-04-05,1636.22086
2019-04-08,1630.551022
2019-04-09,1638.386303
2019-04-10,1638.576019
2019-04-11,1632.968142
2019-04-12,1634.236407
2019-04-15,1636.081574
2019-04-16,1633.939754
2019-04-17,1628.072225
2019-04-18,1626.084162
2019-04-19,1614.818554
2019-04-22,1614.818554
2019-04-23,1618.969568
2019-04-24,1622.270974
2019-04-25,1618.667961
2019-04-26,1610.191921
2019-04-29,1610.670072
2019-04-30,1607.631931
2019-05-01,1613.464199
2019-05-02,1594.210797
2019-05-03,1582.178394
2019-05-06,1579.088895
2019-05-07,1579.088895
2019-05-08,1577.295484
2019-05-09,1564.294697
2019-05-10,1561.607237
2019-05-13,1563.375794
2019-05-14,1553.744642
2019-05-15,1552.167504
2019-05-16,1564.858592
2019-05-17,1593.465733
2019-05-20,1585.659058
2019-05-21,1573.783683
2019-05-22,1573.540365
2019-05-23,1570.921792
2019-05-24,1561.305383
2019-05-27,1576.268299
2019-05-28,1585.737413
2019-05-29,1586.234135
2019-05-30,1572.940724
2019-05-31,1562.017039
2019-06-03,1550.333791
2019-06-04,1548.250426
2019-06-05,1546.007799
2019-06-06,1553.175249
2019-06-07,1550.369654
2019-06-10,1537.234729
2019-06-11,1539.164297
2019-06-12,1565.02652
2019-06-13,1554.925196
2019-06-14,1551.877747
2019-06-17,1573.066028
2019-06-18,1561.444778
2019-06-19,1574.646451
2019-06-20,1590.1025
2019-06-21,1606.998417
2019-06-24,1605.123569
2019-06-25,1604.518182
2019-06-26,1623.00439
2019-06-27,1626.427459
2019-06-28,1612.650835
2019-07-01,1625.031175
2019-07-02,1624.460459
2019-07-03,1617.193294
2019-07-04,1615.82385
2019-07-05,1622.498224
2019-07-08,1611.336292
2019-07-09,1618.914024
2019-07-10,1610.922817
2019-07-11,1627.310887
2019-07-12,1634.094874
2019-07-15,1632.550785
2019-07-16,1641.8824
2019-07-17,1645.482072
2019-07-18,1645.263916
2019-07-19,1661.052804
2019-07-22,1670.004264
2019-07-23,1653.152341
2019-07-24,1648.620757
2019-07-25,1656.769187
2019-07-26,1640.808776
2019-07-29,1627.970896
2019-07-30,1635.761406
2019-07-31,1637.016145
2019-08-01,1630.66797
2019-08-02,1615.799113
2019-08-05,1602.771328
2019-08-06,1565.530336
2019-08-07,1573.467973
2019-08-08,1564.227935
2019-08-09,1540.670494
2019-08-12,1545.433118
2019-08-13,1545.502329
2019-08-14,1538.846653
2019-08-15,1546.203175
2019-08-16,1543.22265
2019-08-19,1530.984171
2019-08-20,1536.046362
2019-08-21,1529.641757
2019-08-22,1531.597983
2019-08-23,1524.600051
2019-08-26,1512.197003
2019-08-27,1512.197003
2019-08-28,1512.512075
2019-08-29,1506.356839
2019-08-30,1503.921835
2019-09-02,1504.967807
2019-09-03,1504.887672
2019-09-04,1499.404682
2019-09-05,1519.967856
2019-09-06,1561.796045
2019-09-09,1559.835943
2019-09-10,1558.452208
2019-09-11,1559.08794
2019-09-12,1570.85002
2019-09-13,1569.91762
2019-09-16,1570.335106
2019-09-17,1603.268791
2019-09-18,1580.923909
2019-09-19,1580.624694
2019-09-20,1575.993183
2019-09-23,1578.124871
2019-09-24,1561.46295
2019-09-25,1561.51802
2019-09-26,1553.136986
2019-09-27,1552.633854
2019-09-30,1543.801853
2019-10-01,1548.060082
2019-10-02,1541.099502
2019-10-03,1543.731552
2019-10-04,1545.939057
2019-10-07,1550.289493
2019-10-08,1556.747856
2019-10-09,1558.79259
2019-10-10,1558.679152
2019-10-11,1570.890523
2019-10-14,1576.976262
2019-10-15,1563.315284
2019-10-16,1563.893266
2019-10-17,1561.538374
2019-10-18,1569.61148
2019-10-21,1554.871655
2019-10-22,1557.918352
2019-10-23,1549.638923
2019-10-24,1551.80214
2019-10-25,1566.360928
2019-10-28,1566.223297
2019-10-29,1575.318726
2019-10-30,1579.741812
2019-10-31,1581.74786
2019-11-01,1572.240249
2019-11-04,1566.851698
2019-11-05,1576.174284
2019-11-06,1583.975551
2019-11-07,1582.246016
2019-11-08,1575.613339
2019-11-11,1576.062978
2019-11-12,1551.481746
2019-11-13,1532.723077
2019-11-14,1526.461492
2019-11-15,1520.934071
2019-11-18,1526.619796
2019-11-19,1528.360268
2019-11-20,1521.667491
2019-11-21,1529.609286
2019-11-22,1524.086417
2019-11-25,1528.617824
2019-11-26,1538.304658
2019-11-27,1530.764457
2019-11-28,1545.951738
2019-11-29,1534.75574
2019-12-02,1537.224166
2019-12-03,1537.571476
2019-12-04,1530.913168
2019-12-05,1524.753338
2019-12-06,1524.671971
2019-12-09,1524.76862
2019-12-10,1549.558573
2019-12-11,1549.749877
2019-12-12,1559.520057
2019-12-13,1562.548121
2019-12-16,1577.118668
2019-12-17,1570.218212
2019-12-18,1571.192731
2019-12-19,1565.1905
2019-12-20,1575.366331
2019-12-23,1572.592066
2019-12-24,1570.609773
2019-12-25,1573.956524
2019-12-26,1573.956524
2019-12-27,1572.654216
2019-12-30,1576.535086
2019-12-31,1577.750539
2020-01-01,1577.750539
2020-01-02,1577.987465
2020-01-03,1577.650427
2020-01-06,1564.944398
2020-01-07,1579.464754
2020-01-08,1584.414883
2020-01-09,1588.881187
2020-01-10,1585.952215
2020-01-13,1583.318875
2020-01-14,1587.739232
2020-01-15,1593.31853
2020-01-16,1601.224499
2020-01-17,1619.861364
2020-01-20,1616.212374
2020-01-21,1616.177984
2020-01-22,1608.159493
2020-01-23,1604.396449
2020-01-24,1576.848238
2020-01-27,1564.064428
2020-01-28,1534.954242
2020-01-29,1527.269564
2020-01-30,1519.424095
2020-01-31,1478.490407
2020-02-03,1474.727439
2020-02-04,1472.461394
2020-02-05,1470.506979
2020-02-06,1468.285183
2020-02-07,1470.979614
2020-02-10,1466.655247
2020-02-11,1457.940578
2020-02-12,1467.174214
2020-02-13,1493.325116
2020-02-14,1494.844752
2020-02-17,1495.895957
2020-02-18,1503.333711
2020-02-19,1494.071748
2020-02-20,1495.978686
2020-02-21,1500.803888
2020-02-24,1490.648325
2020-02-25,1480.303587
2020-02-26,1485.815896
2020-02-27,1464.964383
2020-02-28,1455.051284
2020-03-02,1444.501098
2020-03-03,1458.468425
2020-03-04,1480.167286
2020-03-05,1493.090869
2020-03-06,1495.576391
2020-03-09,1476.951825
2020-03-10,1440.797602
2020-03-11,1482.455114
2020-03-12,1460.936849
2020-03-13,1431.866027
2020-03-16,1465.316984
2020-03-17,1413.638711
2020-03-18,1407.444885
2020-03-19,1364.009348
2020-03-20,1346.576926
2020-03-23,1356.352403
2020-03-24,1295.40236
2020-03-25,1317.126605
2020-03-26,1314.027245
2020-03-27,1323.566176
2020-03-30,1325.324537
2020-03-31,1311.689454
2020-04-01,1316.720281
2020-04-02,1303.07928
2020-04-03,1305.914421
2020-04-06,1308.349007
2020-04-07,1298.626078
2020-04-08,1330.908426
2020-04-09,1315.832284
2020-04-10,1319.718563
2020-04-13,1319.718563
2020-04-14,1322.151679
2020-04-15,1348.635593
2020-04-16,1346.261637
2020-04-17,1349.252841
2020-04-20,1357.983681
2020-04-21,1355.902674
2020-04-22,1325.044115
2020-04-23,1335.827056
2020-04-24,1341.209672
2020-04-27,1339.531536
2020-04-28,1344.078012
2020-04-29,1341.103084
2020-04-30,1342.212391
2020-05-01,1348.857553
2020-05-04,1325.616969
2020-05-05,1323.779863
2020-05-06,1330.549782
2020-05-07,1344.881551
2020-05-08,1352.972677
2020-05-11,1365.808938
2020-05-12,1367.670582
2020-05-13,1376.047122
2020-05-14,1367.677498
2020-05-15,1358.524509
2020-05-18,1361.904002
2020-05-19,1385.616305
2020-05-20,1406.416938
2020-05-21,1403.511292
2020-05-22,1421.236733
2020-05-25,1394.999447
2020-05-26,1394.999447
2020-05-27,1405.217779
2020-05-28,1403.553677
2020-05-29,1401.529991
2020-06-01,1427.855942
2020-06-02,1429.835466
2020-06-03,1441.670254
2020-06-04,1453.657442
2020-06-05,1444.264741
2020-06-08,1472.324608
2020-06-09,1494.140274
2020-06-10,1489.647436
2020-06-11,1511.421542
2020-06-12,1499.131059
2020-06-15,1497.031185
2020-06-16,1473.282386
2020-06-17,1502.487319
2020-06-18,1500.968869
2020-06-19,1505.655726
2020-06-22,1507.487304
2020-06-23,1500.847979
2020-06-24,1500.958933
2020-06-25,1499.971083
2020-06-26,1497.216465
2020-06-29,1520.143804
2020-06-30,1508.201489
2020-07-01,1519.053367
2020-07-02,1507.709917
2020-07-03,1519.28222
2020-07-06,1513.891342
2020-07-07,1529.228154
2020-07-08,1532.970421
2020-07-09,1566.186686
2020-07-10,1589.350552
2020-07-13,1582.140988
2020-07-14,1627.820767
2020-07-15,1618.682006
2020-07-16,1623.071723
2020-07-17,1604.833511
2020-07-20,1600.247966
2020-07-21,1593.847717
2020-07-22,1617.43846
2020-07-23,1616.39632
2020-07-24,1618.91964
2020-07-27,1606.765207
2020-07-28,1607.340017
2020-07-29,1605.267152
2020-07-30,1635.70375
2020-07-31,1629.763914
2020-08-03,1633.692958
2020-08-04,1648.962889
2020-08-05,1663.573641
2020-08-06,1689.122205
2020-08-07,1692.188714
2020-08-10,1698.556526
2020-08-11,1683.63865
2020-08-12,1699.700461
2020-08-13,1696.609932
2020-08-14,1690.198174
2020-08-17,1691.733991
2020-08-18,1699.601472
2020-08-19,1727.531772
2020-08-20,1748.953155
2020-08-21,1744.994807
2020-08-24,1726.222867
2020-08-25,1724.827492
2020-08-26,1719.357403
2020-08-27,1727.836348
2020-08-28,1722.097357
2020-08-31,1752.400281
2020-09-01,1752.699657
2020-09-02,1767.118596
2020-09-03,1766.564751
2020-09-04,1747.660751
2020-09-07,1752.403674
2020-09-08,1764.257235
2020-09-09,1752.193083
2020-09-10,1732.302298
2020-09-11,1729.479019
2020-09-14,1745.088255
2020-09-15,1756.489401
2020-09-16,1765.439457
2020-09-17,1746.037754
2020-09-18,1728.355046
2020-09-21,1746.875251
2020-09-22,1729.406875
2020-09-23,1715.755383
2020-09-24,1686.168542
2020-09-25,1666.119527
2020-09-28,1667.218357
2020-09-29,1683.288604
2020-09-30,1691.845053
2020-10-01,1709.313276
2020-10-02,1701.415997
2020-10-05,1676.159393
2020-10-06,1692.543678
2020-10-07,1702.21354
2020-10-08,1703.16327
2020-10-09,1721.329128
2020-10-12,1748.394706
2020-10-13,1759.063491
2020-10-14,1747.382615
2020-10-15,1734.897738
2020-10-16,1728.519388
2020-10-19,1747.31695
2020-10-20,1748.871759
2020-10-21,1749.430912
2020-10-22,1775.270877
2020-10-23,1761.901819
2020-10-26,1750.45716
2020-10-27,1730.962766
2020-10-28,1733.152561
2020-10-29,1729.762022
2020-10-30,1720.78859
2020-11-02,1734.779047
2020-11-03,1739.844525
2020-11-04,1763.814692
2020-11-05,1756.799017
2020-11-06,1767.894889
2020-11-09,1783.693679
2020-11-10,1814.48025
2020-11-11,1789.808371
2020-11-12,1810.825843
2020-11-13,1807.106407
2020-11-16,1810.216852
2020-11-17,1836.545672
2020-11-18,1839.614579
2020-11-19,1860.078451
2020-11-20,1858.390232
2020-11-23,1884.96099
2020-11-24,1877.808331
2020-11-25,1882.947902
2020-11-26,1879.814975
2020-11-27,1891.735015
2020-11-30,1910.85967
2020-12-01,1949.37673
2020-12-02,1949.45063
2020-12-03,1955.262711
2020-12-04,1958.4869
2020-12-07,1986.127058
2020-12-08,1979.277275
2020-12-09,1983.539796
2020-12-10,2007.418768
2020-12-11,2033.60218
2020-12-14,2043.419526
2020-12-15,2036.76562
2020-12-16,2033.253614
2020-12-17,2043.992706
2020-12-18,2056.070139
2020-12-21,2082.816531
2020-12-22,2086.215889
2020-12-23,2038.18941
2020-12-24,2033.339868
2020-12-25,2057.8263
2020-12-28,2057.8263
2020-12-29,2052.033473
2020-12-30,2041.154421
2020-12-31,2029.45937
2021-01-04,2018.74717
2021-01-05,2068.165719
2021-01-06,2082.714055
2021-01-07,2117.357298
2021-01-08,2101.032288
2021-01-11,2115.161229
2021-01-12,2081.222073
2021-01-13,2093.666812
2021-01-14,2084.055267
2021-01-15,2094.096419
2021-01-18,2087.658133
2021-01-19,2080.411868
2021-01-20,2065.321016
2021-01-21,2077.024989
2021-01-22,2093.453564
2021-01-25,2062.227222
2021-01-26,2087.509059
2021-01-27,2075.366372
2021-01-28,2062.020774
2021-01-29,2016.473823
2021-02-01,2031.005896
2021-02-02,2024.145267
2021-02-03,1989.840153
2021-02-04,2009.372472
2021-02-05,2026.642517
2021-02-08,2045.958882
2021-02-09,2068.427243
2021-02-10,2099.285715
2021-02-11,2128.399469
2021-02-12,2133.223186
2021-02-15,2137.647612
2021-02-16,2154.679474
2021-02-17,2155.135328
2021-02-18,2159.074702
2021-02-19,2218.270387
2021-02-22,2227.096227
2021-02-23,2261.932349
2021-02-24,2247.260658
2021-02-25,2252.469214
2021-02-26,2312.929506
2021-03-01,2265.113202
2021-03-02,2241.560772
2021-03-03,2253.723263
2021-03-04,2257.3598
2021-03-05,2201.426305
2021-03-08,2216.066612
2021-03-09,2199.992149
2021-03-10,2159.908998
2021-03-11,2165.942343
2021-03-12,2203.059484
2021-03-15,2181.168599
2021-03-16,2191.813073
2021-03-17,2185.975645
2021-03-18,2196.137297
2021-03-19,2197.329026
2021-03-22,2178.2292
2021-03-23,2198.669651
2021-03-24,2194.143835
2021-03-25,2190.247783
2021-03-26,2160.011463
2021-03-29,2198.320145
2021-03-30,2215.918111
2021-03-31,2194.399844
2021-04-01,2188.894138
2021-04-02,2186.586032
2021-04-05,2186.586032
2021-04-06,2189.025378
2021-04-07,2228.851589
2021-04-08,2234.868709
2021-04-09,2246.425289
2021-04-12,2238.704201
2021-04-13,2228.751791
2021-04-14,2231.985853
2021-04-15,2249.040739
2021-04-16,2284.00767
2021-04-19,2299.198308
2021-04-20,2314.952324
2021-04-21,2332.89362
2021-04-22,2327.369885
2021-04-23,2333.010292
2021-04-26,2345.253423
2021-04-27,2393.316651
2021-04-28,2413.128151
2021-04-29,2410.92703
2021-04-30,2436.695479
2021-05-03,2431.03265
2021-05-04,2431.03265
2021-05-05,2440.727866
2021-05-06,2457.078871
2021-05-07,2492.931284
2021-05-10,2561.384577
2021-05-11,2651.138988
2021-05-12,2625.787549
2021-05-13,2621.804197
2021-05-14,2563.613459
2021-05-17,2507.353
2021-05-18,2547.196578
2021-05-19,2596.464183
2021-05-20,2521.427846
2021-05-21,2501.544555
2021-05-24,2473.281888
2021-05-25,2400.210747
2021-05-26,2419.953229
2021-05-27,2422.593076
2021-05-28,2430.858034
2021-05-31,2469.955039
2021-06-01,2489.687812
2021-06-02,2533.609563
2021-06-03,2543.485342
2021-06-04,2514.066497
2021-06-07,2501.713752
2021-06-08,2492.136536
2021-06-09,2494.113774
2021-06-10,2523.494802
2021-06-11,2519.403176
2021-06-14,2567.594194
2021-06-15,2564.669309
2021-06-16,2519.217035
2021-06-17,2507.49053
2021-06-18,2487.109064
2021-06-21,2458.007353
2021-06-22,2414.755282
2021-06-23,2417.7612
2021-06-24,2444.398586
2021-06-25,2468.553878
2021-06-28,2491.645297
2021-06-29,2492.771949
2021-06-30,2507.107383
2021-07-01,2514.09735
2021-07-02,2498.480242
2021-07-05,2503.772919
2021-07-06,2543.481563
2021-07-07,2565.22469
2021-07-08,2546.717262
2021-07-09,2499.937415
2021-07-12,2517.428488
2021-07-13,2507.134563
2021-07-14,2525.436194
2021-07-15,2535.961052
2021-07-16,2537.773862
2021-07-19,2558.634347
2021-07-20,2517.415782
2021-07-21,2510.533925
2021-07-22,2507.019561
2021-07-23,2501.355015
2021-07-26,2514.584462
2021-07-27,2537.51711
2021-07-28,2538.391296
2021-07-29,2542.285055
2021-07-30,2557.982907
2021-08-02,2543.599828
2021-08-03,2544.327242
2021-08-04,2525.443674
2021-08-05,2516.580542
2021-08-06,2472.146473
2021-08-09,2488.821949
2021-08-10,2439.912966
2021-08-11,2425.779731
2021-08-12,2443.224032
2021-08-13,2455.744731
2021-08-16,2452.157182
2021-08-17,2461.411956
2021-08-18,2447.030241
2021-08-19,2398.323036
2021-08-20,2275.368777
2021-08-23,2322.364574
2021-08-24,2341.516779
2021-08-25,2394.61746
2021-08-26,2416.424754
2021-08-27,2416.700668
2021-08-30,2447.512461
2021-08-31,2444.337672
2021-09-01,2455.733708
2021-09-02,2392.104094
2021-09-03,2394.149149
2021-09-06,2405.719626
2021-09-07,2375.194113
2021-09-08,2389.905286
2021-09-09,2373.440877
2021-09-10,2387.020987
2021-09-13,2420.006191
2021-09-14,2404.780479
2021-09-15,2349.068872
2021-09-16,2337.809399
2021-09-17,2288.537777
2021-09-20,2280.239178
2021-09-21,2184.622732
2021-09-22,2184.369788
2021-09-23,2283.079841
2021-09-24,2297.02232
2021-09-27,2310.465021
2021-09-28,2347.107834
2021-09-29,2309.995439
2021-09-30,2318.195122
2021-10-01,2304.040578
2021-10-04,2297.897703
2021-10-05,2323.316196
2021-10-06,2307.907893
2021-10-07,2309.528188
2021-10-08,2324.36201
2021-10-11,2371.276826
2021-10-12,2481.412335
2021-10-13,2470.630427
2021-10-14,2472.114555
2021-10-15,2526.225692
2021-10-18,2589.227444
2021-10-19,2592.096311
2021-10-20,2595.008117
2021-10-21,2525.349385
2021-10-22,2480.003196
2021-10-25,2468.72304
2021-10-26,2466.621135
2021-10-27,2454.413793
2021-10-28,2393.259811
2021-10-29,2366.358376
2021-11-01,2341.191492
2021-11-02,2320.570613
2021-11-03,2267.129609
2021-11-04,2296.321553
2021-11-05,2275.170823
2021-11-08,2189.788243
2021-11-09,2216.628996
2021-11-10,2232.350392
2021-11-11,2188.825499
2021-11-12,2239.727723
2021-11-15,2229.940127
2021-11-16,2225.563095
2021-11-17,2202.01777
2021-11-18,2193.873771
2021-11-19,2157.888464
2021-11-22,2210.382081
2021-11-23,2243.134085
2021-11-24,2293.911759
2021-11-25,2320.620904
2021-11-26,2334.336805
2021-11-29,2242.617294
2021-11-30,2297.73292
2021-12-01,2279.832771
2021-12-02,2293.906522
2021-12-03,2269.652724
2021-12-06,2268.220339
2021-12-07,2252.073658
2021-12-08,2313.868158
2021-12-09,2313.891043
2021-12-10,2307.081757
2021-12-13,2296.119992
2021-12-14,2341.960243
2021-12-15,2316.168508
2021-12-16,2281.265838
2021-12-17,2339.776221
2021-12-20,2374.798913
2021-12-21,2368.169215
2021-12-22,2407.277758
2021-12-23,2436.445286
2021-12-24,2452.027969
2021-12-27,2460.202673
2021-12-28,2445.028565
2021-12-29,2427.982121
2021-12-30,2422.728012
2021-12-31,2436.649303
2022-01-03,2440.366398
2022-01-04,2447.373901
2022-01-05,2448.227214
2022-01-06,2474.135864
2022-01-07,2480.646669
2022-01-10,2495.309217
2022-01-11,2497.154505
2022-01-12,2511.748832
2022-01-13,2573.742777
2022-01-14,2566.333075
2022-01-17,2546.102799
2022-01-18,2522.153887
2022-01-19,2535.951273
2022-01-20,2569.339617
2022-01-21,2625.365838
2022-01-24,2636.428989
2022-01-25,2591.107481
2022-01-26,2602.953037
2022-01-27,2635.32494
2022-01-28,2630.404355
2022-01-31,2647.558869
2022-02-01,2633.948478
2022-02-02,2637.423455
2022-02-03,2644.415361
2022-02-04,2636.682605
2022-02-07,2652.099649
2022-02-08,2669.516955
2022-02-09,2692.971593
2022-02-10,2691.030297
2022-02-11,2773.338439
2022-02-14,2712.097262
2022-02-15,2719.492426
2022-02-16,2655.906058
2022-02-17,2674.897481
2022-02-18,2695.947364
2022-02-21,2668.109501
2022-02-22,2665.349387
2022-02-23,2722.388014
2022-02-24,2695.489249
2022-02-25,2758.029174
2022-02-28,2705.783315
2022-03-01,2746.583091
2022-03-02,2761.522969
2022-03-03,2857.932405
2022-03-04,2957.507438
2022-03-07,2995.360069
2022-03-08,3151.168208
2022-03-09,3033.305065
2022-03-10,3012.375135
2022-03-11,3005.800331
2022-03-14,2973.40569
2022-03-15,2914.887582
2022-03-16,2812.446524
2022-03-17,2825.225125
2022-03-18,2865.855986
2022-03-21,2899.050391
2022-03-22,2950.129475
2022-03-23,2920.22696
2022-03-24,2911.473286
2022-03-25,2990.626694
2022-03-28,2949.642152
2022-03-29,2968.576853
2022-03-30,2973.035482
2022-03-31,2968.489211
2022-04-01,3001.383062
2022-04-04,2992.077343
2022-04-05,3007.304496
2022-04-06,2999.49205
2022-04-07,2999.866307
2022-04-08,2963.050288
2022-04-11,2977.272308
2022-04-12,2912.710324
2022-04-13,2887.118148
2022-04-14,2924.659023
2022-04-15,2915.001536
2022-04-18,2922.110529
2022-04-19,2922.110529
2022-04-20,2953.48349
2022-04-21,2907.506127
2022-04-22,2916.505912
2022-04-25,2907.879237
2022-04-26,2824.087973
2022-04-27,2829.489621
2022-04-28,2777.31199
2022-04-29,2753.036567
2022-05-02,2757.623953
2022-05-03,2757.623953
2022-05-04,2685.161431
2022-05-05,2686.111785
2022-05-06,2691.738068
2022-05-09,2649.342755
2022-05-10,2542.059802
2022-05-11,2504.72743
2022-05-12,2507.56966
2022-05-13,2487.102312
2022-05-16,2468.523791
2022-05-17,2507.251856
2022-05-18,2534.514711
2022-05-19,2526.089874
2022-05-20,2507.058718
2022-05-23,2578.852063
2022-05-24,2617.425429
2022-05-25,2596.326884
2022-05-26,2547.128014
2022-05-27,2560.891524
2022-05-30,2560.932741
2022-05-31,2626.078778
2022-06-01,2619.178871
2022-06-02,2577.178543
2022-06-03,2588.666301
2022-06-06,2588.666301
2022-06-07,2642.5814
2022-06-08,2614.284181
2022-06-09,2640.228672
2022-06-10,2625.53902
2022-06-13,2587.355296
2022-06-14,2508.573518
2022-06-15,2493.844802
2022-06-16,2493.018056
2022-06-17,2443.829626
2022-06-20,2411.543293
2022-06-21,2344.514828
2022-06-22,2368.692537
2022-06-23,2307.223737
2022-06-24,2287.92129
2022-06-27,2243.963407
2022-06-28,2271.803194
2022-06-29,2316.853555
2022-06-30,2315.893562
2022-07-01,2259.430654
2022-07-04,2196.769202
2022-07-05,2204.591644
2022-07-06,2159.86573
2022-07-07,2139.107482
2022-07-08,2199.437721
2022-07-11,2190.869656
2022-07-12,2168.18278
2022-07-13,2120.57262
2022-07-14,2104.194622
2022-07-15,2078.503733
2022-07-18,2015.307091
2022-07-19,2071.504139
2022-07-20,2088.298627
2022-07-21,2106.327553
2022-07-22,2078.986425
2022-07-25,2107.473083
2022-07-26,2147.729646
2022-07-27,2174.583702
2022-07-28,2161.413905
2022-07-29,2217.032069
2022-08-01,2240.901529
2022-08-02,2285.435716
2022-08-03,2262.354991
2022-08-04,2235.927327
2022-08-05,2207.70649
2022-08-08,2252.751404
2022-08-09,2223.218142
2022-08-10,2255.313676
2022-08-11,2241.750146
2022-08-12,2288.728733
2022-08-15,2268.909467
2022-08-16,2217.810829
2022-08-17,2254.390837
2022-08-18,2219.753675
2022-08-19,2203.902764
2022-08-22,2184.115834
2022-08-23,2190.796103
2022-08-24,2211.666993
2022-08-25,2204.002707
2022-08-26,2228.507922
2022-08-29,2264.970185
2022-08-30,2260.660023
2022-08-31,2187.555862
2022-09-01,2148.695156
2022-09-02,2112.298709
2022-09-05,2077.44821
2022-09-06,2098.628502
2022-09-07,2104.625563
2022-09-08,2090.158149
2022-09-09,2117.568073
2022-09-12,2152.293238
2022-09-13,2167.197545
2022-09-14,2209.695248
2022-09-15,2142.931964
2022-09-16,2153.055241
2022-09-19,2134.18947
2022-09-20,2134.393899
2022-09-21,2138.331001
2022-09-22,2132.889398
2022-09-23,2122.689774
2022-09-26,2073.29311
2022-09-27,2045.077242
2022-09-28,2041.11841
2022-09-29,2017.694973
2022-09-30,2119.663773
2022-10-03,2097.001277
2022-10-04,2075.433846
2022-10-05,2107.517589
2022-10-06,2135.651079
2022-10-07,2170.037592
2022-10-10,2154.807867
2022-10-11,2151.240734
2022-10-12,2119.65272
2022-10-13,2113.636064
2022-10-14,2150.505341
2022-10-17,2130.263421
2022-10-18,2101.687528
2022-10-19,2071.268617
2022-10-20,2055.726571
2022-10-21,2073.591491
2022-10-24,2052.710467
2022-10-25,2070.271458
2022-10-26,2046.703121
2022-10-27,2093.048498
2022-10-28,2091.054185
2022-10-31,2048.021153
2022-11-01,2005.664347
2022-11-02,2046.151992
2022-11-03,2048.356437
2022-11-04,2029.252981
2022-11-07,2109.046564
2022-11-08,2117.286028
2022-11-09,2137.995298
2022-11-10,2163.387182
2022-11-11,2139.422133
2022-11-14,2246.675248
2022-11-15,2263.335143
2022-11-16,2292.044877
2022-11-17,2284.282654
2022-11-18,2236.142152
2022-11-21,2240.830436
2022-11-22,2207.641122
2022-11-23,2228.76945
2022-11-24,2209.621365
2022-11-25,2222.366847
2022-11-28,2228.748211
2022-11-29,2219.008229
2022-11-30,2253.025908
2022-12-01,2280.228425
2022-12-02,2302.602228
2022-12-05,2323.950377
2022-12-06,2366.583888
2022-12-07,2348.828729
2022-12-08,2343.133475
2022-12-09,2380.036951
2022-12-12,2389.581473
2022-12-13,2361.540259
2022-12-14,2352.595399
2022-12-15,2346.425013
2022-12-16,2357.361816
2022-12-19,2336.536263
2022-12-20,2312.886306
2022-12-21,2315.409067
2022-12-22,2334.67599
2022-12-23,2350.957794
2022-12-26,2340.521176
2022-12-27,2343.152468
2022-12-28,2348.722976
2022-12-29,2373.144967
2022-12-30,2377.806854
2023-01-02,2388.617423
2023-01-03,2388.617423
2023-01-04,2380.763309
2023-01-05,2335.3848
2023-01-06,2345.832772
2023-01-09,2321.899726
2023-01-10,2382.587248
2023-01-11,2400.653273
2023-01-12,2436.521893
2023-01-13,2439.500685
2023-01-16,2487.475668
2023-01-17,2508.333249
2023-01-18,2476.918775
2023-01-19,2533.942737
2023-01-20,2495.52935
2023-01-23,2520.899992
2023-01-24,2521.419259
2023-01-25,2517.542463
2023-01-26,2530.598849
2023-01-27,2539.171088
2023-01-30,2547.247396
2023-01-31,2541.558338
2023-02-01,2509.810848
2023-02-02,2542.692132
2023-02-03,2504.172625
2023-02-06,2490.587734
2023-02-07,2436.857343
2023-02-08,2418.164439
2023-02-09,2439.964009
2023-02-10,2431.546181
2023-02-13,2430.372681
2023-02-14,2400.381174
2023-02-15,2407.235555
2023-02-16,2390.144458
2023-02-17,2388.457613
2023-02-20,2392.984154
2023-02-21,2431.293824
2023-02-22,2478.533521
2023-02-23,2459.487431
2023-02-24,2439.207183
2023-02-27,2390.631559
2023-02-28,2383.14767
2023-03-01,2380.082784
2023-03-02,2430.776744
2023-03-03,2416.492654
2023-03-06,2427.183973
2023-03-07,2390.334965
2023-03-08,2385.518253
2023-03-09,2376.100228
2023-03-10,2370.643919
2023-03-13,2358.250984
2023-03-14,2342.539221
2023-03-15,2383.375653
2023-03-16,2339.765169
2023-03-17,2324.814456
2023-03-20,2335.707698
2023-03-21,2336.898679
2023-03-22,2337.621282
2023-03-23,2332.267845
2023-03-24,2337.625556
2023-03-27,2339.08043
2023-03-28,2361.147829
2023-03-29,2379.362591
2023-03-30,2421.873217
2023-03-31,2408.501543
2023-04-03,2399.293724
2023-04-04,2412.850869
2023-04-05,2381.104529
2023-04-06,2355.011243
2023-04-07,2299.339993
2023-04-10,2297.346343
2023-04-11,2294.01389
2023-04-12,2283.830132
2023-04-13,2283.593616
2023-04-14,2314.672747
2023-04-17,2340.841215
2023-04-18,2327.676873
2023-04-19,2354.734082
2023-04-20,2331.231255
2023-04-21,2337.766552
2023-04-24,2304.887618
2023-04-25,2268.667773
2023-04-26,2233.95467
2023-04-27,2231.459763
2023-04-28,2224.209697
2023-05-01,2244.744246
2023-05-02,2244.744246
2023-05-03,2248.139343
2023-05-04,2239.250949
2023-05-05,2224.523201
2023-05-08,2192.981763
2023-05-09,2208.188947
2023-05-10,2243.027188
2023-05-11,2217.494494
2023-05-12,2174.827743
2023-05-15,2155.008992
2023-05-16,2181.930342
2023-05-17,2158.774888
2023-05-18,2180.885714
2023-05-19,2199.845155
2023-05-22,2197.608595
2023-05-23,2168.699599
2023-05-24,2124.201827
2023-05-25,2110.223883
2023-05-26,2094.955717
2023-05-29,2120.319844
2023-05-30,2139.967157
2023-05-31,2144.456601
2023-06-01,2119.670995
2023-06-02,2158.684775
2023-06-05,2186.290294
2023-06-06,2174.694288
2023-06-07,2180.639282
2023-06-08,2190.6208
2023-06-09,2196.563955
2023-06-12,2232.071278
2023-06-13,2212.320548
2023-06-14,2224.68191
2023-06-15,2251.380667
2023-06-16,2267.058165
2023-06-19,2281.754724
2023-06-20,2269.880531
2023-06-21,2254.049839
2023-06-22,2236.750171
2023-06-23,2262.364773
2023-06-26,2224.720356
2023-06-27,2202.064196
2023-06-28,2222.903017
2023-06-29,2215.493121
2023-06-30,2197.344951
2023-07-03,2207.252635
2023-07-04,2214.481936
2023-07-05,2214.930102
2023-07-06,2201.273745
2023-07-07,2216.37714
2023-07-10,2201.801977
2023-07-11,2196.426093
2023-07-12,2210.037025
2023-07-13,2226.431332
2023-07-14,2286.036498
2023-07-17,2293.793977
2023-07-18,2260.743919
2023-07-19,2249.865905
2023-07-20,2234.973622
2023-07-21,2272.721394
2023-07-24,2253.771397
2023-07-25,2255.340948
2023-07-26,2292.111798
2023-07-27,2293.785473
2023-07-28,2297.255061
2023-07-31,2280.769778
2023-08-01,2292.258922
2023-08-02,2314.90978
2023-08-03,2280.977533
2023-08-04,2250.495485
2023-08-07,2253.261118
2023-08-08,2193.836776
2023-08-09,2162.660512
2023-08-10,2172.399713
2023-08-11,2178.222616
2023-08-14,2152.725457
2023-08-15,2137.240043
2023-08-16,2125.889987
2023-08-17,2131.28832
2023-08-18,2161.429911
2023-08-21,2162.181482
2023-08-22,2162.491278
2023-08-23,2204.419443
2023-08-24,2230.906378
2023-08-25,2233.123932
2023-08-28,2235.210635
2023-08-29,2234.873019
2023-08-30,2226.490214
2023-08-31,2242.299975
2023-09-01,2259.739228
2023-09-04,2290.116584
2023-09-05,2273.149779
2023-09-06,2277.437678
2023-09-07,2279.32487
2023-09-08,2251.774904
2023-09-11,2237.286521
2023-09-12,2263.846383
2023-09-13,2271.635017
2023-09-14,2267.95163
2023-09-15,2298.310981
2023-09-18,2290.724942
2023-09-19,2281.145436
2023-09-20,2271.891552
2023-09-21,2287.814381
2023-09-22,2250.552328
2023-09-25,2269.551527
2023-09-26,2254.423115
2023-09-27,2242.134095
2023-09-28,2235.451743
2023-09-29,2261.634956
2023-10-02,2295.06752
2023-10-03,2276.148322
2023-10-04,2247.549581
2023-10-05,2238.593339
2023-10-06,2215.188626
2023-10-09,2230.745254
2023-10-10,2226.553495
2023-10-11,2201.432372
2023-10-12,2202.738147
2023-10-13,2211.245868
2023-10-16,2202.652053
2023-10-17,2210.99999
2023-10-18,2206.175719
2023-10-19,2233.691013
2023-10-20,2220.660461
2023-10-23,2210.725811
2023-10-24,2190.970482
2023-10-25,2201.963748
2023-10-26,2237.494136
2023-10-27,2237.01945
2023-10-30,2237.442602
2023-10-31,2285.244383
2023-11-01,2267.611063
2023-11-02,2276.097323
2023-11-03,2282.821118
2023-11-06,2291.161062
2023-11-07,2311.914493
2023-11-08,2297.822691
2023-11-09,2311.553054
2023-11-10,2304.275106
2023-11-13,2299.861701
2023-11-14,2307.451024
2023-11-15,2303.646059
2023-11-16,2337.750922
2023-11-17,2314.224494
2023-11-20,2310.998702
2023-11-21,2323.044902
2023-11-22,2339.187028
2023-11-23,2333.242241
2023-11-24,2325.181846
2023-11-27,2318.301256
2023-11-28,2312.496704
2023-11-29,2300.655338
2023-11-30,2310.425343
2023-12-01,2295.324215
2023-12-04,2311.007488
2023-12-05,2305.8166
2023-12-06,2272.332027
2023-12-07,2247.979342
2023-12-08,2248.083203
2023-12-11,2276.692058
2023-12-12,2255.189919
2023-12-13,2269.409744
2023-12-14,2251.612745
2023-12-15,2295.498455
2023-12-18,2314.820866
2023-12-19,2304.251091
2023-12-20,2303.234948
2023-12-21,2306.227032
2023-12-22,2313.112814
2023-12-25,2344.226758
2023-12-26,2342.735647
2023-12-27,2348.711652
2023-12-28,2367.184881
2023-12-29,2374.529395
2024-01-01,2372.827083
2024-01-02,2372.827083
2024-01-03,2380.192317
2024-01-04,2362.412549
2024-01-05,2351.549994
2024-01-08,2333.894711
2024-01-09,2324.354853
2024-01-10,2324.002459
2024-01-11,2313.631901
2024-01-12,2318.077278
2024-01-15,2299.692182
2024-01-16,2284.879765
2024-01-17,2279.371651
2024-01-18,2269.358255
2024-01-19,2256.151126
2024-01-22,2274.942324
2024-01-23,2270.971066
2024-01-24,2301.107033
2024-01-25,2345.465762
2024-01-26,2356.113426
2024-01-29,2357.640313
2024-01-30,2360.469143
2024-01-31,2359.615072
2024-02-01,2353.721209
2024-02-02,2330.709563
2024-02-05,2317.824413
2024-02-06,2295.332895
2024-02-07,2282.418817
2024-02-08,2289.658588
2024-02-09,2296.133351
2024-02-12,2271.377167
2024-02-13,2272.484136
2024-02-14,2284.542609
2024-02-15,2278.897937
2024-02-16,2289.659616
2024-02-19,2302.25733
2024-02-20,2302.443238
2024-02-21,2271.778438
2024-02-22,2292.283518
2024-02-23,2280.690183
2024-02-26,2279.978976
2024-02-27,2260.51441
2024-02-28,2273.024516
2024-02-29,2275.258623
2024-03-01,2269.432525
2024-03-04,2273.132455
2024-03-05,2268.919974
2024-03-06,2278.473987
2024-03-07,2276.471724
2024-03-08,2308.593402
2024-03-11,2305.681061
2024-03-12,2283.749673
2024-03-13,2280.28451
2024-03-14,2290.77363
2024-03-15,2278.583863
2024-03-18,2280.689771
2024-03-19,2275.544835
2024-03-20,2274.04829
2024-03-21,2280.098734
2024-03-22,2303.411489
2024-03-25,2285.979958
2024-03-26,2292.863394
2024-03-27,2284.668639
2024-03-28,2247.71436
2024-03-29,2252.93978
2024-04-01,2241.429173
2024-04-02,2214.499564
2024-04-03,2268.545497
2024-04-04,2271.656369
2024-04-05,2325.865295
2024-04-08,2325.958331
2024-04-09,2350.088922
2024-04-10,2373.275938
2024-04-11,2409.789919
2024-04-12,2387.587708
2024-04-15,2424.896731
2024-04-16,2448.589364
2024-04-17,2436.203748
2024-04-18,2472.676215
2024-04-19,2518.53072
2024-04-22,2545.261292
2024-04-23,2546.980112
2024-04-24,2500.91566
2024-04-25,2521.507684
2024-04-26,2545.055457
2024-04-29,2543.688728
2024-04-30,2538.732701
2024-05-01,2544.009413
2024-05-02,2521.873211
2024-05-03,2499.855583
2024-05-06,2513.838974
2024-05-07,2523.819063
2024-05-08,2537.666192
2024-05-09,2510.788123
2024-05-10,2504.498759
2024-05-13,2528.666748
2024-05-14,2537.347341
2024-05-15,2535.81845
2024-05-16,2555.724912
2024-05-17,2575.030928
2024-05-20,2604.892772
