±¤Á¾,Ç°¸ñ,´ë·ú,±¹°¡,´ÜÀ§,2011 ¼Òºñ·®,2012 ¼Òºñ·®,2013 ¼Òºñ·®,2014 ¼Òºñ·®,2015 ¼Òºñ·®,2016 ¼Òºñ·®,2017 ¼Òºñ·®,2018 ¼Òºñ·®,2019 ¼Òºñ·®,2020 ¼Òºñ·®,2021 ¼Òºñ·®,2022 ¼Òºñ·®
¾Ë·ç¹Ì´½,refined,EUROPE,Austria,ÃµÅæ,293.867,253.7,201,225.8,220.751,226.106,247.578,260.381,246.674,190.106,198.989,323.272
¾Ë·ç¹Ì´½,refined,EUROPE,Belarus,ÃµÅæ,10.2,10.2,10.2,29.598,21.898,30.197,27.001,27.052,31.673,29.178,39.481,38.997
¾Ë·ç¹Ì´½,refined,EUROPE,Belgium,ÃµÅæ,382.312,344.28,236.78,202.967,231.648,184.982,212.039,233.065,181.368,138.809,204.808,246.109
¾Ë·ç¹Ì´½,refined,EUROPE,Bulgaria,ÃµÅæ,52.188,53.527,60.645,87.027,109.824,110.526,109.522,111.927,119.211,95.958,128.057,127.192
¾Ë·ç¹Ì´½,refined,EUROPE,Croatia,ÃµÅæ,77.771,83.684,76.755,66.065,24.672,52.033,96.463,112.93,136.757,143.869,159.163,135.872
¾Ë·ç¹Ì´½,refined,EUROPE,Czech Republic,ÃµÅæ,173.054,160.59,154.357,147.329,152.171,143.921,142.835,90.579,69.129,23.958,0,0
¾Ë·ç¹Ì´½,refined,EUROPE,Denmark,ÃµÅæ,64.759,55.256,34.5,39.334,62.734,69.6,70.884,67.719,48.243,13.432,9.509,11.983
¾Ë·ç¹Ì´½,refined,EUROPE,Finland,ÃµÅæ,37.175,32.17,33.007,36.964,36.272,37.133,41.203,41.824,35.433,34.831,42.271,37.798
¾Ë·ç¹Ì´½,refined,EUROPE,France,ÃµÅæ,583.9,546.245,588.107,693.843,655.998,731.56,706.904,692.537,671.362,585.195,659.282,619.684
¾Ë·ç¹Ì´½,refined,EUROPE,Germany,ÃµÅæ,2103.344,2085.629,2082.96,2289.476,2163.247,2197.239,2159.921,2139.248,1988.308,1808,2111,2056.8
¾Ë·ç¹Ì´½,refined,EUROPE,Greece,ÃµÅæ,221.682,234.515,253.893,250.744,247.243,291.057,385.293,399.844,366.075,410.12,446.023,481.577
¾Ë·ç¹Ì´½,refined,EUROPE,Hungary,ÃµÅæ,245.259,221.597,179.138,203.32,215.539,219.999,251.233,232.475,193.61,138.468,192.794,195.335
¾Ë·ç¹Ì´½,refined,EUROPE,Ireland,ÃµÅæ,0.84,0.84,0.84,0.84,0.794,2.036,1.061,0.642,1.741,1.592,9.539,9.259
¾Ë·ç¹Ì´½,refined,EUROPE,Italy,ÃµÅæ,994.403,751.788,709.12,810.463,800.926,908.805,924.155,950.527,938.394,768.121,950.254,1054.396
¾Ë·ç¹Ì´½,refined,EUROPE,Macedonia,ÃµÅæ,1.942,2.329,2.809,3.027,3.93,4.592,5.185,6.426,5.353,4.749,5.309,5.603
¾Ë·ç¹Ì´½,refined,EUROPE,Netherlands,ÃµÅæ,146.4,146.4,146.4,146.4,146.4,146.4,112.8,112.8,112.8,112.8,104,60
¾Ë·ç¹Ì´½,refined,EUROPE,Norway,ÃµÅæ,180,180,222.015,187.563,222.63,240,240,222.587,249.6,231.324,276,252
¾Ë·ç¹Ì´½,refined,EUROPE,Poland,ÃµÅæ,266.842,282.417,148.413,147.833,192.372,229.532,234.69,288.192,281.729,283.401,278.712,276.311
¾Ë·ç¹Ì´½,refined,EUROPE,Portugal,ÃµÅæ,75.811,64.902,61.882,73.227,94.984,106.951,113.695,109.994,110.537,98.479,123.245,114.521
¾Ë·ç¹Ì´½,refined,EUROPE,Romania,ÃµÅæ,190.206,177.306,194.505,217.494,213.014,218.295,223.871,224.817,232.48,222.88,238.058,187.797
¾Ë·ç¹Ì´½,refined,EUROPE,Russia,ÃµÅæ,685,685,684.96,667.83,692,684.96,684.96,696,696,616,600,600
¾Ë·ç¹Ì´½,refined,EUROPE,Serbia,ÃµÅæ,142.469,128.694,105.892,101.077,101.142,94.988,91.024,109.179,103.659,48.357,72.737,58.547
¾Ë·ç¹Ì´½,refined,EUROPE,Slovakia,ÃµÅæ,29.453,28.8,28.8,28.8,28.8,28.8,29.828,108.686,103.195,86.737,115.958,54.093
¾Ë·ç¹Ì´½,refined,EUROPE,Slovenia,ÃµÅæ,136.864,133.237,197.08,146.363,134.579,123.404,120.108,114.483,75.281,68.255,68.883,74.907
¾Ë·ç¹Ì´½,refined,EUROPE,Spain,ÃµÅæ,597.824,566.595,595.491,727.457,563.947,686.061,710.487,793.746,737.749,673.425,806.929,483.15
¾Ë·ç¹Ì´½,refined,EUROPE,Sweden,ÃµÅæ,136.672,115.508,90.542,141.184,112.781,143.474,147.958,142.037,87.234,93.002,133.424,112.208
¾Ë·ç¹Ì´½,refined,EUROPE,Switzerland,ÃµÅæ,237.793,218.42,223.223,251.718,300.353,322.919,315.854,210.417,218.303,170.947,215.391,240.64
¾Ë·ç¹Ì´½,refined,EUROPE,Ukraine,ÃµÅæ,31.764,29.807,32.255,15.257,7.365,9.608,13.957,14.632,12.058,7.322,2.947,0
¾Ë·ç¹Ì´½,refined,EUROPE,United Kingdom,ÃµÅæ,270,270,270,270,270,241.2,241.2,180,180,171,180,180
¾Ë·ç¹Ì´½,refined,EUROPE,Other Europe,ÃµÅæ,84,84,84,92.64,92.64,81.36,99.24,109.2,210.5,137.1,187.8,312.2
¾Ë·ç¹Ì´½,refined,AFRICA,Algeria,ÃµÅæ,4.272,5.734,11.105,14.324,15.102,17.392,23.319,20.903,1.433,3.673,3.348,1.33
¾Ë·ç¹Ì´½,refined,AFRICA,Cameroon,ÃµÅæ,22.54,11.235,11.4,11.4,11.4,11.4,11.4,11.4,24.537,22.514,17.692,18.384
¾Ë·ç¹Ì´½,refined,AFRICA,Egypt,ÃµÅæ,264.376,324.869,254.283,232.95,260.397,224.864,220.096,273.972,243.693,102.953,146.4,206.188
¾Ë·ç¹Ì´½,refined,AFRICA,Ghana,ÃµÅæ,18,18,14.364,14.16,13.552,9.913,9.702,3.48,0.6,7.901,16.579,14.4
¾Ë·ç¹Ì´½,refined,AFRICA,Morocco,ÃµÅæ,25.041,21.012,21.94,23.792,26.473,37.552,47.035,48.288,68.873,78.019,130.311,147.452
¾Ë·ç¹Ì´½,refined,AFRICA,Nigeria,ÃµÅæ,15.84,15.84,15.84,15.84,15.84,15.84,15.84,15.72,15.6,12,15.6,15.6
¾Ë·ç¹Ì´½,refined,AFRICA,South Africa,ÃµÅæ,259.362,233.255,256.402,234.32,221.159,244.789,230.371,243.583,222.238,166.758,223.098,158.763
¾Ë·ç¹Ì´½,refined,AFRICA,Other Africa,ÃµÅæ,29.1,29.1,29.1,34.268,34.32,34.32,34.32,36.4,24.1,28.9,19.8,21.9
¾Ë·ç¹Ì´½,refined,ASIA,Bahrain,ÃµÅæ,400,450,450,450,450,450,450,450,456,474,392,240
¾Ë·ç¹Ì´½,refined,ASIA,Bangladesh,ÃµÅæ,29.185,49.691,52.152,55.268,72.75,76.701,83.474,92.089,105.2,87.8,60.5,54.1
¾Ë·ç¹Ì´½,refined,ASIA,China,ÃµÅæ,19638.963,22585.394,26442.923,28003.298,31068.071,32562.841,31907.962,35520.746,36175.078,39114.024,40980.452,41940.667
¾Ë·ç¹Ì´½,refined,ASIA,Hong Kong,ÃµÅæ,26.499,32.689,35.126,24.508,23.657,25.549,30.96,20.755,25.523,16.754,24.815,10.486
¾Ë·ç¹Ì´½,refined,ASIA,India,ÃµÅæ,1569.173,1689.955,1558.723,1655.094,1521.482,2201.514,2253.285,1750.005,1939.614,1669.51,1532.979,1868.893
¾Ë·ç¹Ì´½,refined,ASIA,Indonesia,ÃµÅæ,485.231,539.792,490.702,407.316,444.143,502.008,517.761,438.02,430.742,244.212,351.22,285.797
¾Ë·ç¹Ì´½,refined,ASIA,Iran,ÃµÅæ,271.517,300.72,211.633,257.779,281.52,273.858,296.8,268.599,229.631,414.964,339.373,331.852
¾Ë·ç¹Ì´½,refined,ASIA,Israel,ÃµÅæ,66.888,61.31,66.675,61.2,55,41.359,53.317,57.967,49.282,44.412,77.55,67.223
¾Ë·ç¹Ì´½,refined,ASIA,Japan,ÃµÅæ,1945.801,1981.59,1771.825,2033.703,1778.716,1741.648,1949.571,1978.636,1765.122,1432.939,1741.06,1716.2
¾Ë·ç¹Ì´½,refined,ASIA,Malaysia,ÃµÅæ,296.354,189.443,154.623,276.948,482.3,276.041,287.561,363.66,569.337,853.555,655.2,240
¾Ë·ç¹Ì´½,refined,ASIA,North Korea,ÃµÅæ,21.6,21.6,21.6,21.6,21.6,21.6,21.6,21.6,21.6,21.6,21.6,21.6
¾Ë·ç¹Ì´½,refined,ASIA,Philippines,ÃµÅæ,29.312,25.266,24.19,29.039,30.55,37.325,40.602,44.722,37.837,20.886,28.816,15.523
¾Ë·ç¹Ì´½,refined,ASIA,Saudi Arabia,ÃµÅæ,125,150,150,162,273.936,267.123,378,507.841,598.621,649.604,710.446,676.37
¾Ë·ç¹Ì´½,refined,ASIA,Singapore,ÃµÅæ,60,60,60,45.927,37.781,38.398,51.063,51.06,51.06,51.06,51.06,51.06
¾Ë·ç¹Ì´½,refined,ASIA,South Korea,ÃµÅæ,1233.309,1278.49,1241.119,1282.288,1365.766,1453.087,1420.196,1151.176,1157.481,1062.228,1212.106,1230.311
¾Ë·ç¹Ì´½,refined,ASIA,Taiwan,ÃµÅæ,431.517,418.931,464.866,532.98,540.489,510.438,478.522,575.396,523.45,686.396,516.907,512.472
¾Ë·ç¹Ì´½,refined,ASIA,Thailand,ÃµÅæ,404.424,478.901,508.19,462.485,493.364,575.405,654.187,675.561,646.431,471.815,618.29,508.901
¾Ë·ç¹Ì´½,refined,ASIA,Turkey,ÃµÅæ,870.173,924.909,866.953,915.351,951.548,949.47,960.711,953.603,970.871,1062,1563.92,1408.296
¾Ë·ç¹Ì´½,refined,ASIA,United Arab Emirates,ÃµÅæ,750,835,835,834.96,780.38,834.96,834.96,834.96,834.96,793.74,780,780
¾Ë·ç¹Ì´½,refined,ASIA,Vietnam,ÃµÅæ,101.88,101.88,101.88,101.88,101.88,150,200,206.326,261.037,266.1,330.9,199.8
¾Ë·ç¹Ì´½,refined,ASIA,Other Asia,ÃµÅæ,168,168,168,196.184,196.2,196.2,216,295,228.5,200.6,151.4,161.6
¾Ë·ç¹Ì´½,refined,AMERICA,Argentina,ÃµÅæ,138.177,117.776,126.437,123.934,146.056,99.225,106.73,94.096,82.91,92.142,118.452,131.078
¾Ë·ç¹Ì´½,refined,AMERICA,Brazil,ÃµÅæ,1077.111,1021.376,988.245,1026.911,801.18,764.151,867.587,872.8,892.455,843.484,1135.265,816.338
¾Ë·ç¹Ì´½,refined,AMERICA,Canada,ÃµÅæ,638.665,502.537,473.972,530.914,541.363,584.27,433.791,508.899,500,443.34,515.688,500.162
¾Ë·ç¹Ì´½,refined,AMERICA,Colombia,ÃµÅæ,23.086,22.801,32.597,45.564,50.984,29.468,27.037,31.976,27.134,18.648,26.021,23.795
¾Ë·ç¹Ì´½,refined,AMERICA,Mexico,ÃµÅæ,151,137.1,144.6,211.625,183.9,207.7,231.1,256.63,253.1,247.7,349.4,383
¾Ë·ç¹Ì´½,refined,AMERICA,Uruguay,ÃµÅæ,5.272,3.603,3.695,3.279,2.249,2.274,3.418,3.998,3.733,4.237,5.421,4.385
¾Ë·ç¹Ì´½,refined,AMERICA,U.S.A.,ÃµÅæ,4059.999,4875.069,4632.07,5250.052,5324.96,5120.787,5701.597,4674.445,4891.234,4314.475,4676.028,4935.089
¾Ë·ç¹Ì´½,refined,AMERICA,Venezuela,ÃµÅæ,243.824,190.093,186.615,104.842,79.977,82.723,108.059,31.034,12,6,6,6
¾Ë·ç¹Ì´½,refined,AMERICA,Other America,ÃµÅæ,66.192,77.627,73.888,53.938,57.782,54.584,54.903,42.6,44.3,71,51.9,45
¾Ë·ç¹Ì´½,refined,OCEANIA,Australia,ÃµÅæ,276.309,233.216,284.042,300.592,199.332,267.149,240,188.16,179.488,234.145,250.933,193.2
¾Ë·ç¹Ì´½,refined,OCEANIA,New Zealand,ÃµÅæ,78.8,78.8,78.82,78.84,78.76,97.853,96.108,106.8,106.8,101.76,104.452,123.2
Ä«µå¹Å,refined,EUROPE,Belgium,Åæ,2000,1500,1000,1885.8,606.9,606.9,606.9,606.9,606.9,606.9,606.9,606.9
Ä«µå¹Å,refined,EUROPE,France,Åæ,100,100,100,100,100,100,100,100,100,100,100,100
Ä«µå¹Å,refined,EUROPE,Germany,Åæ,100,75,75,75,75,75,75,75,75,75,75,75
Ä«µå¹Å,refined,EUROPE,Italy,Åæ,100,50,50,50,50,50,50,50.04,50.04,50.04,50.04,50.04
Ä«µå¹Å,refined,EUROPE,Poland,Åæ,527,240,412,402,369,298,298,298,298,298,298,298
Ä«µå¹Å,refined,EUROPE,Serbia,Åæ,30,30,30,30,30,30,30,30,30,30,30,30
Ä«µå¹Å,refined,EUROPE,Sweden,Åæ,1087.3,1147.7,988,987.6,987.6,1016.015,1142.787,971.799,957.899,1032.161,1006.655,1270.8
Ä«µå¹Å,refined,EUROPE,United Kingdom,Åæ,20,10,10,10,10,10,10,10,10,10,10,10
Ä«µå¹Å,refined,EUROPE,Other Europe,Åæ,40,40,40,39.96,39.96,39.96,39.96,39.96,39.96,39.96,39.96,39.96
Ä«µå¹Å,refined,AFRICA,Africa Total,Åæ,20.4,20.4,20.4,20.4,20.4,20.4,20.4,20.4,20.4,20.4,20.4,20.4
Ä«µå¹Å,refined,ASIA,China,Åæ,13946,14000,17857,18060,17871,17365,16582,13534,10886,8692.123,8693.008,8692.9
Ä«µå¹Å,refined,ASIA,India,Åæ,350.361,483.155,472.719,400.96,256.975,523.35,467.614,468.45,470.43,470.514,471.361,462.796
Ä«µå¹Å,refined,ASIA,Japan,Åæ,1734.534,1840.786,1038.2,1879.116,1949.649,1972.622,2189.223,1836.972,1797.076,1974.704,1941.229,1651.2
Ä«µå¹Å,refined,ASIA,South Korea,Åæ,2963,2958,3958.1,3958.1,3958.1,3995.061,3995.099,4900.11,4496.213,4495.908,4495.389,4495.4
Ä«µå¹Å,refined,ASIA,Other Asia,Åæ,118.8,118.8,118.8,118.8,118.8,118.8,118.8,118.8,118.8,118.8,118.8,118.8
Ä«µå¹Å,refined,AMERICA,Brazil,Åæ,176,176,176,176,176,176,176,176,176,176,176,176
Ä«µå¹Å,refined,AMERICA,Canada,Åæ,126.157,126.327,129.354,119.333,116.605,202.548,197.496,140.71,144.954,177.801,166.766,247.435
Ä«µå¹Å,refined,AMERICA,Mexico,Åæ,159,159,159,159,159,159,159,159,159,159,159,159
Ä«µå¹Å,refined,AMERICA,U.S.A.,Åæ,490,476.282,670.959,490.605,379.617,630.007,629.991,630.213,630.322,1510.276,1510.062,1510
Ä«µå¹Å,refined,AMERICA,Other America,Åæ,72,72,72,72,72,72,72,72,72,72,72,72
Ä«µå¹Å,refined,OCEANIA,Australia,Åæ,24,24,24,24,24,24,24,24,24,24,24,24
µ¿,refined,EUROPE,Albania,ÃµÅæ,0.3,0.3,0.3,0.3,0.005,0,0,0,0,0,0,0
µ¿,refined,EUROPE,Austria,ÃµÅæ,34,27,27,27,35.783,35.561,34.8,34.8,34.8,34.8,34.8,34.8
µ¿,refined,EUROPE,Belgium,ÃµÅæ,240.873,225.724,217.976,243.436,288.798,251.126,190.787,243.547,230.736,230.552,258.593,280.761
µ¿,refined,EUROPE,Bulgaria,ÃµÅæ,49.1,29.589,42.521,52.22,36.015,50.602,72.752,69.821,70.206,61.926,63.538,65.353
µ¿,refined,EUROPE,Czech Republic,ÃµÅæ,2.4,2.4,0.6,0.6,0.47,0.838,1.107,1.356,1.812,1.763,2.231,2.782
µ¿,refined,EUROPE,Denmark,ÃµÅæ,0.035,0.087,0.18,0.066,0.083,0.099,0.077,0.041,0.036,0.012,0.037,0.024
µ¿,refined,EUROPE,Finland,ÃµÅæ,85.518,71.928,68.082,68.07,68.886,76.404,62.183,67.647,62.726,43.777,74.421,84.546
µ¿,refined,EUROPE,France,ÃµÅæ,183.111,178.027,200.619,206.724,182.285,195.939,209.529,201.015,199.32,172.394,171.276,159.988
µ¿,refined,EUROPE,Germany,ÃµÅæ,1246.979,1110.321,1122.76,1162.229,1218.92,1243.084,1180.199,1200.32,1017.363,1053.97,972.43,1013.687
µ¿,refined,EUROPE,Greece,ÃµÅæ,49.155,50.605,53.39,54.347,59.579,73.865,81.735,61.357,65.2,71.137,70.972,67.347
µ¿,refined,EUROPE,Hungary,ÃµÅæ,1.291,2.416,0.3,0.05,0.12,0.585,1.057,0.62,0.416,0.476,0.665,0.57
µ¿,refined,EUROPE,Ireland,ÃµÅæ,0.005,0.221,0.402,0.308,0.155,0.267,0.29,0.034,0.003,0.026,0.06,0.06
µ¿,refined,EUROPE,Italy,ÃµÅæ,607.934,570.026,551.605,625.072,612.96,595.975,635.099,552.11,555.744,475.102,610.968,643.061
µ¿,refined,EUROPE,Netherlands,ÃµÅæ,50.4,50.4,50.4,50.4,50.4,50.4,50.4,50.4,50.4,50.4,50.4,50.4
µ¿,refined,EUROPE,Norway,ÃµÅæ,0,0,0,0,0.277,0,0.487,0.48,0.48,0.48,0.48,0.48
µ¿,refined,EUROPE,Poland,ÃµÅæ,251.086,247.93,238.557,277.364,280.392,283.885,274.182,295.991,286.637,286.093,302.227,307.696
µ¿,refined,EUROPE,Portugal,ÃµÅæ,4.574,4.643,5.002,7.537,12.967,15.2,15.583,12.585,9.071,5.935,0.475,0.613
µ¿,refined,EUROPE,Romania,ÃµÅæ,1.056,0.582,0.584,0.533,2.56,3.266,0.922,1.207,0.857,0.674,1.935,1.526
µ¿,refined,EUROPE,Russia,ÃµÅæ,587.181,651.91,664.804,611.349,329.52,370.801,385.349,386.714,355.194,358.342,420,420
µ¿,refined,EUROPE,Serbia,ÃµÅæ,47.146,35.412,25.251,18.447,22.504,20.23,16.001,16.441,14.1,15.566,16.51,18.272
µ¿,refined,EUROPE,Slovakia,ÃµÅæ,2.226,4.219,0.48,0.3,6.665,17.742,16.198,18.294,19.923,24.513,20.741,10.54
µ¿,refined,EUROPE,Spain,ÃµÅæ,329.735,307.338,298.293,311.297,333.725,311.742,339.548,358.457,364.946,348.973,337.702,356.019
µ¿,refined,EUROPE,Sweden,ÃµÅæ,158.223,139.509,121.809,118.075,123.856,128.392,133.577,121.664,147.965,114.913,136.017,110.959
µ¿,refined,EUROPE,Switzerland,ÃµÅæ,2.29,1.99,2.1,2.081,1.71,1.595,1.39,1.343,0.684,0.453,0.684,0.885
µ¿,refined,EUROPE,Ukraine,ÃµÅæ,16.443,22.389,16.003,12.352,11.623,21.112,24.258,21.613,26.264,21.83,24.67,25.674
µ¿,refined,EUROPE,United Kingdom,ÃµÅæ,22.8,22.8,22.8,22.8,23.026,21.895,19.032,18,18,14.4,14.4,14.4
µ¿,refined,EUROPE,Other Europe,ÃµÅæ,5.2,5.2,5.2,5.2,6.676,10.528,12.522,14.519,14.4,10.8,10.08,10.1
µ¿,refined,AFRICA,Algeria,ÃµÅæ,0.155,0.61,0.245,0.049,0.451,0.626,0.984,1.862,2.4,0.42,0.42,0.42
µ¿,refined,AFRICA,Egypt,ÃµÅæ,126.534,132.073,84.476,63.261,95.632,72.54,58.439,88.181,81.532,108,108,108
µ¿,refined,AFRICA,South Africa,ÃµÅæ,87.427,89.824,85.082,52.102,57.477,40.449,35.232,21.6,21.6,21.6,21.6,21.6
µ¿,refined,AFRICA,Tunisia,ÃµÅæ,0.48,0.2,0.24,0.24,0.24,0,0,0,0,0,0,0
µ¿,refined,AFRICA,Zambia,ÃµÅæ,12,12,12,12,12,12,12,12,12,12,12,12
µ¿,refined,AFRICA,Zimbabwe,ÃµÅæ,3.903,3,5.16,3.602,4.734,5.887,5.869,5.981,6,6,6,6
µ¿,refined,AFRICA,Other Africa,ÃµÅæ,6,6,6,6,6,6,6,6,6,4.5,4.2,4.2
µ¿,refined,ASIA,China,ÃµÅæ,7880.807,8895.604,9830.099,11302.743,11353.089,11642.23,11790.487,12482.256,12799.538,14527.363,13885.185,14837.595
µ¿,refined,ASIA,Hong Kong,ÃµÅæ,4.8,4.8,4.8,4.8,4.8,4.8,4.8,4.8,4.8,4.8,4.8,4.8
µ¿,refined,ASIA,India,ÃµÅæ,402.243,455.79,423.281,434.237,491.426,499.266,485.615,512.376,526.718,431.748,502.642,680.184
µ¿,refined,ASIA,Indonesia,ÃµÅæ,214.173,244.185,243.869,244.679,228.983,202.989,219.662,230.723,179.828,166.1,167.045,185.367
µ¿,refined,ASIA,Iran,ÃµÅæ,191.091,198.5,176,148.258,156.848,94.61,114.061,122.447,122.4,122.4,122.4,122.4
µ¿,refined,ASIA,Japan,ÃµÅæ,1003.312,984.962,996.365,1072.386,997.483,972.689,997.953,1039.206,1010.656,890.7,909.393,892.016
µ¿,refined,ASIA,Kazakhstan,ÃµÅæ,40.367,55.2,55.2,55.2,44.838,16.955,26.208,24,38.43,34.588,34.6,34.6
µ¿,refined,ASIA,Kuwait,ÃµÅæ,12.194,12,12,12,13.457,21.664,30.322,16.337,14.622,2.4,2.4,2.4
µ¿,refined,ASIA,Laos,ÃµÅæ,15.771,4.704,9.2,3.326,3.249,1.678,1.68,1.68,1.68,1.68,1.68,1.68
µ¿,refined,ASIA,Malaysia,ÃµÅæ,207.16,188.983,182.9,161.326,239.01,242.401,261.125,204.269,279.546,132.518,224.23,269.811
µ¿,refined,ASIA,Myanmar,ÃµÅæ,8.503,4.046,4.2,4.2,4.2,4.2,4.2,4.2,4.2,3.75,3.6,3.6
µ¿,refined,ASIA,North Korea,ÃµÅæ,12,12,13.3,12,12,12,12,12,12,12,12,12
µ¿,refined,ASIA,Pakistan,ÃµÅæ,8.124,8.16,7.68,7.2,5.284,15.238,10.182,12,12,12,12,12
µ¿,refined,ASIA,Philippines,ÃµÅæ,34,43.74,79.934,73.054,95.99,18.4,24,24,24,24,24,24
µ¿,refined,ASIA,Saudi Arabia,ÃµÅæ,151.597,172.803,132.749,159.942,176.818,177.331,132.233,100.442,107.49,112.762,75.246,54.963
µ¿,refined,ASIA,Singapore,ÃµÅæ,9.72,9.72,9.72,9.72,9.696,9.696,9.672,9.6,9.6,9.6,9.6,9.6
µ¿,refined,ASIA,South Korea,ÃµÅæ,784.101,721.325,722.276,758.656,704.885,759.053,766.919,717.118,632.758,618.926,601.248,658.118
µ¿,refined,ASIA,Taiwan,ÃµÅæ,457.211,432.442,437.476,464.924,470.857,507.235,497.908,382.154,370.722,378.409,411.277,371.994
µ¿,refined,ASIA,Thailand,ÃµÅæ,229.549,240.501,247.738,256.722,273.518,342.308,363.412,361.342,356.44,297.307,343.165,350.433
µ¿,refined,ASIA,Turkey,ÃµÅæ,420.938,429.389,436.281,432.79,467.673,464.122,445.496,482.337,463.679,438.249,465.524,507.292
µ¿,refined,ASIA,United Arab Emirates,ÃµÅæ,100.3,61.636,63.365,40.513,23.309,98.484,205.473,150.902,151.2,151.2,151.2,151.2
µ¿,refined,ASIA,Uzbekistan,ÃµÅæ,29.707,34.756,25.352,15.6,40.363,36,34,21,30,30,19.287,19.2
µ¿,refined,ASIA,Vietnam,ÃµÅæ,135.116,88.491,87.851,135.772,161.005,190.564,190.237,195.958,229.744,201.435,228,228
µ¿,refined,ASIA,Other Asia,ÃµÅæ,49.1,18.002,29.116,34.102,55.301,53.004,71.575,61.269,58,57.6,57.6,57.6
µ¿,refined,AMERICA,Argentina,ÃµÅæ,28.434,26.586,24.121,24.351,25.027,15.367,14.559,14.502,14.625,13.281,13.941,12.761
µ¿,refined,AMERICA,Brazil,ÃµÅæ,399.785,432.438,394.636,384.475,321.472,292.514,281.712,291.276,304.375,223.954,242.401,249.505
µ¿,refined,AMERICA,Canada,ÃµÅæ,144.012,154.91,157.4,172.231,148.807,170.386,177.84,198.377,194.076,165.385,190.804,161.4
µ¿,refined,AMERICA,Chile,ÃµÅæ,96.2,95.6,94.9,94.8,79.1,83.8,70,55,44.9,46.2,62.5,62.8
µ¿,refined,AMERICA,Colombia,ÃµÅæ,8.05,4.866,10.659,3.182,1.623,1.309,0.067,0.085,0.044,0.062,0.12,0.12
µ¿,refined,AMERICA,Mexico,ÃµÅæ,329.525,322.335,333.919,360.617,393.208,423.256,360.799,406.866,441.646,405.268,453.129,302.297
µ¿,refined,AMERICA,Peru,ÃµÅæ,55.02,55.02,55.02,55.02,67.041,55.044,40.877,44.97,50.082,32.888,73.843,50.287
µ¿,refined,AMERICA,U.S.A.,ÃµÅæ,1744.69,1758,1826.32,1767,1796,1811,1771,1814,1829,1706,1766,1724
µ¿,refined,AMERICA,Venezuela,ÃµÅæ,5.2,3.5,5.978,3.158,5.4,0.604,0.907,0.7,0.007,0,0,0
µ¿,refined,AMERICA,Other America,ÃµÅæ,6.36,6.36,6.36,6.46,9.623,4.749,8.469,6.179,6,4.5,4.2,4.2
µ¿,refined,OCEANIA,Australia,ÃµÅæ,120.075,129.202,62.326,25.573,26.644,23.005,32.224,22.624,19.978,30.619,30.037,30
µ¿,refined,OCEANIA,New Zealand,ÃµÅæ,0.007,0,0.001,0,0.008,0,0.003,0.001,0.002,0,0.004,0.002
¿¬,refined,EUROPE,Albania,ÃµÅæ,0.96,1.5,1.685,1.3,1.993,2.955,3.145,1.97,1.993,2.239,1.352,1.032
¿¬,refined,EUROPE,Austria,ÃµÅæ,43.545,40.33,53.571,42.557,38.571,34.546,37.878,42.173,37.061,29.195,22.617,15.59
¿¬,refined,EUROPE,Belgium,ÃµÅæ,35,35,35,35,35,35,35,35,35,35,35,35
¿¬,refined,EUROPE,Bosnia,ÃµÅæ,3.6,3.6,3.6,3.6,3.6,3.6,3.6,3.6,3.6,3.6,3.6,3.6
¿¬,refined,EUROPE,Bulgaria,ÃµÅæ,11,8,8,24.143,24.138,40.045,41.2,41.945,38.275,42.992,35.512,35.5
¿¬,refined,EUROPE,Croatia,ÃµÅæ,2.4,2.4,2.4,2.4,2.4,2.4,2.4,2.4,2.4,2.4,2.4,2.4
¿¬,refined,EUROPE,Czech Republic,ÃµÅæ,47.314,74.643,116.836,140.017,128.63,144.198,147.058,97.935,118.286,107.391,142.329,160.119
¿¬,refined,EUROPE,Denmark,ÃµÅæ,3.6,3.6,3.6,3.6,3.6,3.6,3.6,3.6,0.12,0.12,0.088,0.057
¿¬,refined,EUROPE,Estonia,ÃµÅæ,7.627,3.528,3,2.116,0.268,1.474,1.2,6.922,6.9,4.555,4.6,4.6
¿¬,refined,EUROPE,Finland,ÃµÅæ,2.435,3.821,4.145,4.244,4.087,4.812,7.306,7.145,6.401,4.836,3.832,13.424
¿¬,refined,EUROPE,France,ÃµÅæ,74.638,62.384,57.475,69.679,77.184,78.24,84.15,75.628,77.413,62,52.808,61.092
¿¬,refined,EUROPE,Germany,ÃµÅæ,374.293,380.546,392.419,336.912,356.8,373.5,413.464,388.6,390.3,372.7,331.7,431.4
¿¬,refined,EUROPE,Greece,ÃµÅæ,14.874,6.736,11.368,20.984,25.142,26.134,38.078,32.443,32.356,31.025,45.704,67.946
¿¬,refined,EUROPE,Hungary,ÃµÅæ,8.466,8.702,7.515,8.692,20.19,20.103,20.343,25.756,24.637,22.552,18.53,23.92
¿¬,refined,EUROPE,Ireland,ÃµÅæ,33.323,21.795,18.347,20.173,21.115,22.495,22.908,20.882,20.299,15.9,8.115,8.456
¿¬,refined,EUROPE,Italy,ÃµÅæ,233.426,194.613,234.835,258.212,231.927,218.093,215.096,221.627,194.841,184.674,162.364,214.767
¿¬,refined,EUROPE,Macedonia,ÃµÅæ,4.2,4.2,4.2,4.2,4.32,3.653,4.24,3.687,5.98,4.788,10.051,11.782
¿¬,refined,EUROPE,Netherlands,ÃµÅæ,12.617,16.443,11.611,12,12,12,12,12,12,12,12,12
¿¬,refined,EUROPE,Norway,ÃµÅæ,0.893,0.87,0.764,0.79,0.379,0.598,1.333,0.79,0.388,0.484,0.396,0.183
¿¬,refined,EUROPE,Poland,ÃµÅæ,117.662,122.645,130.677,124.91,152.441,185.556,192.89,200.748,192.196,180.067,174.918,189.965
¿¬,refined,EUROPE,Portugal,ÃµÅæ,7.713,10.028,14.522,16.535,17.738,16.624,17.493,26.988,22.798,21.597,21.477,18.456
¿¬,refined,EUROPE,Romania,ÃµÅæ,3.247,2.598,4.4,11.025,17.26,18.797,17.08,14.951,16.665,14.747,18.666,23.805
¿¬,refined,EUROPE,Russia,ÃµÅæ,17.414,17.337,22.166,13.146,72.689,69.166,89.54,104.331,117.702,106.324,74.307,65.4
¿¬,refined,EUROPE,Serbia,ÃµÅæ,9.988,16.2,16.367,17.394,18.434,7.944,8.997,11.344,8.002,7.022,8.217,8.94
¿¬,refined,EUROPE,Slovakia,ÃµÅæ,1.8,1.8,7.713,6.495,5.826,6.469,7.162,6.88,6.853,6.468,6.478,6.975
¿¬,refined,EUROPE,Slovenia,ÃµÅæ,19.465,20.05,22.895,25.146,27.207,35.318,38.045,37.598,45.182,35.604,43.592,52.1
¿¬,refined,EUROPE,Spain,ÃµÅæ,269.596,244.104,254.112,249.251,237.88,265.521,283.259,273.388,294.341,280.053,283.215,250.101
¿¬,refined,EUROPE,Sweden,ÃµÅæ,3.509,17.041,4.544,3.86,11.4,5.881,2.284,4.56,3.916,3.9,3.9,2.466
¿¬,refined,EUROPE,Switzerland,ÃµÅæ,1.23,1.55,2.778,0.579,1.176,1.745,2.223,2.713,3.125,2.327,1.857,1.571
¿¬,refined,EUROPE,Ukraine,ÃµÅæ,86.121,63.213,56.2,38.075,25.06,17.482,21.847,24.322,31.083,29.213,62.1,60.089
¿¬,refined,EUROPE,United Kingdom,ÃµÅæ,210.927,229.044,240.763,221.548,163.998,219.964,249.827,226.183,241.323,182.87,294.832,342.229
¿¬,refined,EUROPE,Other Europe,ÃµÅæ,1.6,0.815,0.548,0.232,1.887,1.62,1.62,1.62,1.62,1.62,1.62,1.62
¿¬,refined,AFRICA,Algeria,ÃµÅæ,13.363,9.786,12.1,11.294,12.552,10.468,10.274,9.549,9,9,9.594,8.702
¿¬,refined,AFRICA,Egypt,ÃµÅæ,2.299,5.555,2.047,1.22,3.828,0.354,0.12,0.12,0.12,0.12,0.12,0.12
¿¬,refined,AFRICA,Kenya,ÃµÅæ,0.4,0.38,0.737,0.388,1.222,1.519,1.542,1.352,1.346,1.834,2.035,1.893
¿¬,refined,AFRICA,Morocco,ÃµÅæ,5.9,3.464,10.5,7.536,9.243,10.919,8.037,6.42,7,7.044,8.204,7.733
¿¬,refined,AFRICA,Nigeria,ÃµÅæ,2.936,2.953,2.363,7.609,2.448,2.809,2.809,2.82,2.82,2.77,3,3
¿¬,refined,AFRICA,South Africa,ÃµÅæ,68.692,69.49,74.072,63.788,64.666,57.288,57.952,56.628,52.732,50.707,54.487,49.728
¿¬,refined,AFRICA,Tunisia,ÃµÅæ,5.1,7.8,2.678,2.9,1.099,0.825,0.8,0.8,0.8,1.178,1.2,1.2
¿¬,refined,AFRICA,Zambia,ÃµÅæ,0.624,1.099,2.075,0.57,0.306,2.622,3.962,4.281,5.887,4.31,5.574,4.431
¿¬,refined,AFRICA,Other Africa,ÃµÅæ,2.226,2.795,2.4,2.961,2.507,2.883,2.562,3.476,3.143,4.688,3.123,2.202
¿¬,refined,ASIA,Bangladesh,ÃµÅæ,0,0,0,0,24.569,17.467,27.86,32.686,19.186,24.629,12.874,10.847
¿¬,refined,ASIA,China,ÃµÅæ,4618.298,4617.844,4926.834,4682.42,4379.606,4593.448,4804.779,5065.29,5339.628,4997.882,7288.764,7697.375
¿¬,refined,ASIA,Hong Kong,ÃµÅæ,4.108,2.239,3,3.6,3.489,1.723,1.72,1.719,1.72,1.72,3.42,3.6
¿¬,refined,ASIA,India,ÃµÅæ,419.625,524.373,428.352,521.202,538.612,747.959,799.796,857.336,887.18,803.484,835.992,904.215
¿¬,refined,ASIA,Indonesia,ÃµÅæ,129.632,116.538,119.54,102.983,95.32,106.372,108.081,108.619,110.861,86.857,105.111,94.133
¿¬,refined,ASIA,Iran,ÃµÅæ,43.758,79.7,60.6,58.8,69.2,101.66,118.269,117.971,121.645,125.3,117.063,122.737
¿¬,refined,ASIA,Israel,ÃµÅæ,31.277,30.684,30.164,30.5,30.5,9.905,9.819,9.732,3.607,2.047,2,2
¿¬,refined,ASIA,Japan,ÃµÅæ,236.034,273.017,252.3,254.466,268.933,264.444,286.974,271.439,252.181,271.635,262.279,260.667
¿¬,refined,ASIA,Kazakhstan,ÃµÅæ,8.6,8.6,8.6,8.6,8.6,8.6,8.6,8.6,8.4,8.4,8.4,8.4
¿¬,refined,ASIA,Lebanon,ÃµÅæ,0,0,0,0,8.537,0,15.09,6.576,10.2,10.2,10.2,10.2
¿¬,refined,ASIA,Malaysia,ÃµÅæ,73.784,25.849,25.849,26.68,29.501,44.261,40.261,40.3,40.3,40.3,40.308,40.3
¿¬,refined,ASIA,North Korea,ÃµÅæ,6.996,7.829,12,10.694,9.241,0.96,1.2,2.298,2.3,2.3,2.3,2.32
¿¬,refined,ASIA,Oman,ÃµÅæ,9.029,9.917,10.325,7.327,5.373,7.327,3.233,0.444,2.79,2.842,2.705,3.484
¿¬,refined,ASIA,Pakistan,ÃµÅæ,21.1,16.5,47.338,42.027,38.17,41.673,31.804,37.396,36.109,29.195,38.127,28.611
¿¬,refined,ASIA,Philippines,ÃµÅæ,34.809,35.995,41.949,39.514,41.098,42.382,42.101,47.23,51.959,39.729,45.702,38.673
¿¬,refined,ASIA,Saudi Arabia,ÃµÅæ,67.084,59.663,57.434,45.834,49.352,63.274,62.312,61.7,47.426,46.026,39.973,20.786
¿¬,refined,ASIA,Singapore,ÃµÅæ,12,12,12,12,12,12,12,12,12,12,12,12
¿¬,refined,ASIA,South Korea,ÃµÅæ,426.588,429.259,550.321,563.889,576.89,603.932,623.989,615.404,622.904,611.862,668.055,543.268
¿¬,refined,ASIA,Taiwan,ÃµÅæ,110.114,108.093,107.211,85.195,101.429,108.67,114.283,103.803,127.918,111.83,89.047,71.927
¿¬,refined,ASIA,Thailand,ÃµÅæ,156.275,154.483,149.919,144.276,144.402,156.53,153.135,158.588,164.223,147.231,139.111,122.939
¿¬,refined,ASIA,Turkey,ÃµÅæ,130.631,114.017,133.991,150.404,147.246,154.522,173.617,180.505,178.091,176.161,195.892,222.191
¿¬,refined,ASIA,Vietnam,ÃµÅæ,38.452,51.869,56.879,69.682,101.152,134.088,149.403,180.108,159.337,215.381,172.29,177.982
¿¬,refined,ASIA,Other Asia,ÃµÅæ,4.6,12.2,12,14.7,12,12,12,12,12,12,12,12
¿¬,refined,AMERICA,Argentina,ÃµÅæ,66.345,71.179,71.585,72.485,65.182,22.372,18.907,23.474,14.853,17.751,20.107,20.411
¿¬,refined,AMERICA,Brazil,ÃµÅæ,217.133,237.723,234.305,228.647,240.245,278.906,314.277,303.408,300.944,293.821,346.455,323.841
¿¬,refined,AMERICA,Canada,ÃµÅæ,14.609,18.977,20.011,14.902,16.067,14.958,15.53,15.965,15.685,17.264,17.105,17.319
¿¬,refined,AMERICA,Chile,ÃµÅæ,6,6,6,6,6,6,6,6,6,6,3.273,5.808
¿¬,refined,AMERICA,Colombia,ÃµÅæ,48.464,47.788,43.149,51.352,55.102,54.807,50.821,51.042,50.633,51.633,57.027,61.206
¿¬,refined,AMERICA,Cuba,ÃµÅæ,7.007,8.045,8.418,8.467,8.597,5.928,4.46,4.215,4.587,4.758,4.256,4.114
¿¬,refined,AMERICA,Ecuador,ÃµÅæ,0,0,0,0,0.4,3.152,1.465,1.718,1.041,1.027,4.511,4.8
¿¬,refined,AMERICA,Guatemala,ÃµÅæ,0,11.032,12.013,11.982,12.019,12.002,12.084,12.105,11.809,11.087,12.064,12.012
¿¬,refined,AMERICA,Mexico,ÃµÅæ,276.938,280.892,187.994,220.789,369.9,312.346,313.45,317.794,329.929,314.905,345.581,318.303
¿¬,refined,AMERICA,Peru,ÃµÅæ,8,8.371,5.189,3.685,2.819,5.6,4.357,6.559,6.338,6,5.875,4.916
¿¬,refined,AMERICA,U.S.A.,ÃµÅæ,1410,1360,1750,1510,1960,1600,1770,1630,1650,1500,1570,1565.8
¿¬,refined,AMERICA,Venezuela,ÃµÅæ,39.378,40.457,39.754,43.904,20.343,16.614,14.298,5.733,5.254,6.927,6.67,5.953
¿¬,refined,AMERICA,Other America,ÃµÅæ,1.924,6.652,5.332,4.049,6.169,2.497,2.973,1.059,0.887,1.364,2.154,2.459
¿¬,refined,OCEANIA,Australia,ÃµÅæ,22,17.1,20.632,17.345,16.024,14.963,16.575,16.884,17.671,13.021,8.246,11.325
¿¬,refined,OCEANIA,New Zealand,ÃµÅæ,3.118,1.6,0.65,0.403,0.253,0.325,0.239,0.182,0.176,0.288,0.303,0.413
¿¬,refined,OCEANIA,Other Oceania,ÃµÅæ,0.516,0.516,0.516,0.52,0.52,0.521,0.52,0.52,0.521,0.52,0.52,0.52
´ÏÄÌ,refined,EUROPE,Austria,ÃµÅæ,9.334,8.391,7.965,7.571,6.667,7.021,8.423,7.978,9.052,10.016,6.101,7.161
´ÏÄÌ,refined,EUROPE,Belgium,ÃµÅæ,29.794,18.827,26,29.129,35.022,31.415,29.08,34.137,35.19,33.392,34.046,25.911
´ÏÄÌ,refined,EUROPE,Bulgaria,ÃµÅæ,0.157,0.125,0.141,0.137,0.167,0.12,0.114,0.134,0.149,0.179,0.211,0.196
´ÏÄÌ,refined,EUROPE,Czech Republic,ÃµÅæ,3.595,1.891,0.41,3.011,2.882,2.997,2.87,2.163,2.223,2,2.297,1.466
´ÏÄÌ,refined,EUROPE,Denmark,ÃµÅæ,0.046,0.189,0.063,0.056,0.242,0.372,0.346,0.589,0.544,0.397,0.269,0.677
´ÏÄÌ,refined,EUROPE,Finland,ÃµÅæ,29.002,25.141,15.367,19.505,27.126,32.559,31.489,27.254,28.638,26.8,25.911,36.996
´ÏÄÌ,refined,EUROPE,France,ÃµÅæ,29.674,27.014,22.77,28.333,29.242,26.451,29.456,32.81,34.492,29.312,31.511,35.851
´ÏÄÌ,refined,EUROPE,Germany,ÃµÅæ,88.404,88.79,66.146,62.158,60.201,57.552,64.453,60.624,57.271,49.74,56.959,58.241
´ÏÄÌ,refined,EUROPE,Greece,ÃµÅæ,0.18,0.18,0.18,0.18,0.18,0.18,0.18,0.18,0.18,0.18,0.18,0.18
´ÏÄÌ,refined,EUROPE,Hungary,ÃµÅæ,0.115,0.119,0.244,0.403,0.453,0.496,0.848,0.418,0.215,0.233,0.167,0.132
´ÏÄÌ,refined,EUROPE,Italy,ÃµÅæ,65.773,64.691,59.421,60.044,60.466,56.033,60.086,58.486,45.013,39.154,51.765,45.729
´ÏÄÌ,refined,EUROPE,Macedonia,ÃµÅæ,1.2,1.2,1.2,1.2,1.2,1.2,1.2,1.2,1.2,1.2,1.2,1.2
´ÏÄÌ,refined,EUROPE,Norway,ÃµÅæ,0.3,0.3,0.3,0.3,0.3,0.3,0.3,0.3,0.3,0.3,0.3,0.3
´ÏÄÌ,refined,EUROPE,Poland,ÃµÅæ,2.519,2.3,3,3,3.036,4,3.858,4.146,2.802,4.385,4.819,4.291
´ÏÄÌ,refined,EUROPE,Portugal,ÃµÅæ,0,0.202,0.307,0.239,0.367,0.305,0.32,0.291,0.287,0.254,0.258,0.241
´ÏÄÌ,refined,EUROPE,Romania,ÃµÅæ,0.463,0.394,0.517,0.543,0.728,0.717,0.713,0.578,0.549,0.424,0.427,0.534
´ÏÄÌ,refined,EUROPE,Russia,ÃµÅæ,24,29.793,24.802,10.071,13.738,24,22.158,24,17.351,15.985,16.2,16.2
´ÏÄÌ,refined,EUROPE,Serbia,ÃµÅæ,0,0.128,0.176,0.109,0.131,0.129,0.168,0.337,0.257,0.117,0.233,0.12
´ÏÄÌ,refined,EUROPE,Slovenia,ÃµÅæ,0.637,0.807,1.417,1.118,2.407,2.84,3.453,4.725,4.745,3.821,3.843,3.015
´ÏÄÌ,refined,EUROPE,Spain,ÃµÅæ,29.225,32.464,31.77,32.593,31.473,34.603,30.651,39.387,30.26,23.101,27.531,23.997
´ÏÄÌ,refined,EUROPE,Sweden,ÃµÅæ,29.688,22.222,23.65,25.926,23.951,30.205,31.211,32.792,33.153,24.392,24.145,20.737
´ÏÄÌ,refined,EUROPE,Switzerland,ÃµÅæ,0.671,0.595,0.678,0.567,0.718,0.68,0.655,0.579,0.517,0.462,0.608,0.636
´ÏÄÌ,refined,EUROPE,Ukraine,ÃµÅæ,7.428,3.039,4.844,5.152,2.365,3.387,3.051,2.92,2.817,2.776,2.386,0.675
´ÏÄÌ,refined,EUROPE,United Kingdom,ÃµÅæ,18.6,18.7,15.5,21.788,18.36,22.294,23.976,23.097,19.217,19.23,8.698,12.444
´ÏÄÌ,refined,EUROPE,Other Europe,ÃµÅæ,0.392,0.856,1.945,0.597,0.535,0.706,0.727,0.79,0.789,0.682,0.772,0.722
´ÏÄÌ,refined,AFRICA,South Africa,ÃµÅæ,33.62,31.995,35.246,31.458,41.63,45.768,48.825,48.885,36.06,23.156,17.373,17.282
´ÏÄÌ,refined,AFRICA,Other Africa,ÃµÅæ,1.2,1,1.2,1.2,1.2,1.2,1.2,0.344,0.465,0.439,0.194,0.18
´ÏÄÌ,refined,ASIA,China,ÃµÅæ,702.597,804.92,909.2,654.118,843.149,897.659,982.018,1096.418,1304.292,1415.717,1651.338,1746.381
´ÏÄÌ,refined,ASIA,Hong Kong,ÃµÅæ,12,12,12,12,12,12,12,12,12,12,12,12
´ÏÄÌ,refined,ASIA,India,ÃµÅæ,26.928,32.964,37.996,27.019,37.08,57.367,82.14,72.073,58.48,64.078,75.237,60
´ÏÄÌ,refined,ASIA,Indonesia,ÃµÅæ,0.78,0.78,0.78,0.78,0.78,0.78,61.149,176.413,180.701,223.407,400.305,395.444
´ÏÄÌ,refined,ASIA,Japan,ÃµÅæ,173.588,159.317,158.651,157.425,150.597,161.945,162.777,175.156,154.688,148.789,168.008,181.918
´ÏÄÌ,refined,ASIA,Kazakhstan,ÃµÅæ,0.423,0,0,0,0,0,0,0,0,0,0,0
´ÏÄÌ,refined,ASIA,Malaysia,ÃµÅæ,1.156,4.67,9.12,9.12,9,9,9,9,9,9,9,9
´ÏÄÌ,refined,ASIA,North Korea,ÃµÅæ,0.48,0.48,0.48,0.48,0.48,0.48,0.48,0.536,0.54,0.54,0.54,0.54
´ÏÄÌ,refined,ASIA,Philippines,ÃµÅæ,0,0.068,0.183,0.18,0.395,0.16,0.254,0.94,0.374,0.112,0.475,0.588
´ÏÄÌ,refined,ASIA,Saudi Arabia,ÃµÅæ,0.241,0.154,0.097,0.216,0.08,0.091,0.167,0.276,0.306,0.224,0.895,1.499
´ÏÄÌ,refined,ASIA,Singapore,ÃµÅæ,4.08,4.08,4.08,4.04,4,4,4,4,4,4,4,4
´ÏÄÌ,refined,ASIA,South Korea,ÃµÅæ,97.772,107.069,107.321,100.301,85.206,101.519,104.035,113.825,115.092,84.099,110.876,96.8
´ÏÄÌ,refined,ASIA,Taiwan,ÃµÅæ,53.199,56.833,52.747,65.796,60,65.864,84.275,87.681,84.1,40.2,72.834,47.394
´ÏÄÌ,refined,ASIA,Thailand,ÃµÅæ,0.6,2.886,2.52,2.325,3.019,3.349,3.699,2.887,2.422,1.944,2.938,2.46
´ÏÄÌ,refined,ASIA,Turkey,ÃµÅæ,3.931,3.757,3.909,3.899,5.081,4.701,4.289,5.243,5.003,4.421,5.154,5.361
´ÏÄÌ,refined,ASIA,United Arab Emirates,ÃµÅæ,1.8,1.8,1.8,1.8,1.8,1.8,1.8,1.8,1.8,1.8,1.8,1.8
´ÏÄÌ,refined,ASIA,Vietnam,ÃµÅæ,1.2,1.2,1.2,1.2,1.2,1.2,1.2,1.2,1.2,1.2,1.2,1.2
´ÏÄÌ,refined,ASIA,Other Asia,ÃµÅæ,1.2,1.687,1.56,1.56,1.56,1.725,2.632,1.984,1.107,1.751,1.994,2.4
´ÏÄÌ,refined,AMERICA,Argentina,ÃµÅæ,0.974,0.806,0.892,0.501,0.528,0.475,0.535,0.523,0.526,0.274,0.544,0.443
´ÏÄÌ,refined,AMERICA,Brazil,ÃµÅæ,26.91,22.455,21.18,26.616,18.062,25.506,22.269,22.376,16.48,12.062,17.697,18.982
´ÏÄÌ,refined,AMERICA,Canada,ÃµÅæ,4.261,4.677,4.902,13.644,10.119,11.042,6.756,6.833,5.754,5.29,5.714,7.597
´ÏÄÌ,refined,AMERICA,Chile,ÃµÅæ,0.105,0.054,0.112,0.105,0.099,0.08,0.095,0.118,0.115,0.102,0.062,0.124
´ÏÄÌ,refined,AMERICA,Cuba,ÃµÅæ,0.12,0.12,0.12,0.12,0.12,0.12,0.12,0.12,0.12,0.12,0.12,0.12
´ÏÄÌ,refined,AMERICA,Mexico,ÃµÅæ,2.261,2.324,2.339,2.936,3.44,3.917,3.937,3.719,3.438,3.003,3.364,3.347
´ÏÄÌ,refined,AMERICA,U.S.A.,ÃµÅæ,130.219,124.802,118.748,148.218,120.019,104.992,144.023,136.343,105.612,97.832,99.024,115.456
´ÏÄÌ,refined,AMERICA,Other America,ÃµÅæ,0,0,0,0,0,0,0,0.234,0.225,0.182,0.254,0.281
´ÏÄÌ,refined,OCEANIA,Australia,ÃµÅæ,1.6,1.6,1.6,1.6,1.608,1.6,1.6,1.6,1.6,1.6,1.6,1.6
´ÏÄÌ,refined,OCEANIA,New Zealand,ÃµÅæ,0.04,0.031,0.049,0.043,0.03,0.025,0.016,0.013,0.014,0.017,0.018,0.013
ÁÖ¼®,refined,EUROPE,Austria,ÃµÅæ,3.2,2.978,3.097,3.715,3.438,3.189,4.055,3.983,3.082,2.96,3.984,4.404
ÁÖ¼®,refined,EUROPE,Belgium,ÃµÅæ,2.4,2.4,2.4,2.4,2.4,2.4,0.697,0.72,0.72,0.72,0.72,0.72
ÁÖ¼®,refined,EUROPE,Bulgaria,ÃµÅæ,0.52,0.5,0.35,0.24,0.144,0.101,0.001,0.117,0.21,0.24,0.24,0.24
ÁÖ¼®,refined,EUROPE,Czech Republic,ÃµÅæ,0.47,0.474,0.379,0.3,0.46,0.515,0.532,0.603,0.605,0.335,0.439,0.293
ÁÖ¼®,refined,EUROPE,Denmark,ÃµÅæ,0.108,0.013,0.026,0.011,0.008,0.003,0.017,0.007,0.001,0.01,0.017,0.012
ÁÖ¼®,refined,EUROPE,Finland,ÃµÅæ,0.131,0.121,0.076,0.244,0.211,0.086,0.049,0.077,0.094,0.072,0.095,0.075
ÁÖ¼®,refined,EUROPE,France,ÃµÅæ,4.839,4.323,4.37,5.203,4.382,4.736,5.456,6.096,5.02,4.982,3.643,3.906
ÁÖ¼®,refined,EUROPE,Germany,ÃµÅæ,20.098,17.592,18.011,18.835,17.931,18.242,20.022,20.236,18.441,14.898,16.151,16.415
ÁÖ¼®,refined,EUROPE,Greece,ÃµÅæ,1.35,0.63,0.616,0.676,0.655,0.632,0.6,0.646,0.634,0.637,0.646,0.632
ÁÖ¼®,refined,EUROPE,Hungary,ÃµÅæ,0.106,0.105,0.114,0.115,0.163,0.145,1.191,2.05,2.036,1.714,1.745,1.286
ÁÖ¼®,refined,EUROPE,Ireland,ÃµÅæ,0.048,0.007,0.003,0.003,0.007,0.004,0,0.002,0,0,0.001,0.002
ÁÖ¼®,refined,EUROPE,Italy,ÃµÅæ,4.807,3.111,3.036,3.76,3.017,3.495,3.84,4.678,4.215,3.402,4.136,5.985
ÁÖ¼®,refined,EUROPE,Netherlands,ÃµÅæ,4.867,4.5,7.399,7.2,6,6,6,6,6,5.4,5.4,5.4
ÁÖ¼®,refined,EUROPE,Norway,ÃµÅæ,0.005,0.009,0.005,0.003,0.003,0,0.001,0.001,0.001,0.01,0,0
ÁÖ¼®,refined,EUROPE,Poland,ÃµÅæ,1.802,2.085,2.435,2.445,2.722,3.669,3.525,3.723,3.335,1.58,1.012,0.968
ÁÖ¼®,refined,EUROPE,Portugal,ÃµÅæ,0.529,0.435,0.388,0.482,0.408,0.554,0.856,0.891,0.831,0.463,0.476,0.815
ÁÖ¼®,refined,EUROPE,Romania,ÃµÅæ,1.14,0.96,0.96,0.96,0.84,0.336,0.508,0.866,0.551,0.442,0.544,0.373
ÁÖ¼®,refined,EUROPE,Russia,ÃµÅæ,2.298,2.567,2.035,1.826,1.144,0.995,2.139,1.377,2.415,1.743,2.015,2.044
ÁÖ¼®,refined,EUROPE,Serbia,ÃµÅæ,0.4,0.24,0.222,0.404,0.511,0.465,0.645,0.767,0.593,0.614,0.669,0.612
ÁÖ¼®,refined,EUROPE,Slovakia,ÃµÅæ,2.032,1.303,1.899,1.915,1.864,1.495,1.604,1.652,1.563,1.898,1.696,2.038
ÁÖ¼®,refined,EUROPE,Spain,ÃµÅæ,5.742,2.91,4.688,6.435,5.682,6.492,5.463,6.02,5.835,5.343,6.105,5.427
ÁÖ¼®,refined,EUROPE,Sweden,ÃµÅæ,0.2,0.055,0.074,0.066,0.081,0.047,0.069,0.045,0.06,0.044,0.053,0.048
ÁÖ¼®,refined,EUROPE,Switzerland,ÃµÅæ,0.703,0.78,0.821,0.794,0.962,0.979,0.936,0.961,0.262,0.102,0.08,0.093
ÁÖ¼®,refined,EUROPE,United Kingdom,ÃµÅæ,2.39,1.32,1.14,1.08,1.08,1.08,1.08,1.08,1.08,0.24,0.96,0.96
ÁÖ¼®,refined,EUROPE,Other Europe,ÃµÅæ,0.9,0.72,0.72,0.72,0.72,0.72,0.72,0.72,0.72,0.53,0.48,0.48
ÁÖ¼®,refined,AFRICA,Egypt,ÃµÅæ,0.4,0.115,0.217,0,0.155,0.11,0.151,0.225,0.174,0.139,0.117,0.074
ÁÖ¼®,refined,AFRICA,Morocco,ÃµÅæ,0.084,0.084,0.027,0.013,0.016,0.021,0.015,0.022,0.02,0.022,0.027,0.015
ÁÖ¼®,refined,AFRICA,Nigeria,ÃµÅæ,0.3,0.3,0.3,0.3,0.3,0.3,0.623,1.436,1.322,0.24,0.24,0.24
ÁÖ¼®,refined,AFRICA,South Africa,ÃµÅæ,1.464,1.2,1.152,1.243,1.129,1.047,0.957,0.633,0.604,0.326,0.351,0.445
ÁÖ¼®,refined,AFRICA,Other Africa,ÃµÅæ,0.9,0.72,0.72,0.72,0.72,0.72,0.72,0.72,0.72,0.53,0.48,0.48
ÁÖ¼®,refined,ASIA,China,ÃµÅæ,176.449,176.161,169.292,193.934,176.142,191.415,182.082,174.183,177.891,216.152,191.061,182.226
ÁÖ¼®,refined,ASIA,Hong Kong,ÃµÅæ,1.8,1.8,1.8,1.8,1.8,1.8,1.8,3.3,3.6,0.48,1.359,1.56
ÁÖ¼®,refined,ASIA,India,ÃµÅæ,10.115,9.985,10.407,11.87,8.657,9.088,10.041,11.365,10.615,9.734,10.566,12.503
ÁÖ¼®,refined,ASIA,Indonesia,ÃµÅæ,1.2,1.2,0.6,1.2,1.2,1.2,1.2,1.2,1.2,1.2,1.2,1.2
ÁÖ¼®,refined,ASIA,Iran,ÃµÅæ,2.4,1.292,0.797,0.872,1.129,0.987,1.058,1.573,1.779,1.34,1.307,1.398
ÁÖ¼®,refined,ASIA,Israel,ÃµÅæ,0.195,0.12,0.12,0.12,0.079,0.044,0.06,0.024,0.06,0.068,0.074,0.058
ÁÖ¼®,refined,ASIA,Japan,ÃµÅæ,26.936,27.657,28.272,27.09,26.762,26.113,29.111,28.084,24.905,20.279,28.222,24.633
ÁÖ¼®,refined,ASIA,Kazakhstan,ÃµÅæ,1.044,0.606,0.602,0.431,0.423,0.49,0.431,0.405,0.35,0.287,0.114,0.395
ÁÖ¼®,refined,ASIA,Malaysia,ÃµÅæ,4.364,2.083,1.872,1.581,1.56,2.238,1.56,1.56,1.441,1.56,1.56,1.56
ÁÖ¼®,refined,ASIA,Pakistan,ÃµÅæ,0.274,0.417,0.443,0.618,0.48,0.246,0.262,0.489,0.311,0.194,0.332,0.295
ÁÖ¼®,refined,ASIA,Philippines,ÃµÅæ,0.217,0.122,0.143,0.225,0.118,0.506,0.22,0.348,1.577,0.776,1.046,0.681
ÁÖ¼®,refined,ASIA,Singapore,ÃµÅæ,2,2,2,1.998,2,1.96,1.92,1.92,1.92,1.72,1.92,1.92
ÁÖ¼®,refined,ASIA,South Korea,ÃµÅæ,14.404,16.238,14.533,13.772,13.091,14.199,13.112,13.927,11.957,13.405,14.457,13.032
ÁÖ¼®,refined,ASIA,Syria,ÃµÅæ,0.18,0.12,0.12,0.12,0.12,0.12,0.12,0.12,0,0,0,0
ÁÖ¼®,refined,ASIA,Taiwan,ÃµÅæ,8.093,7.071,8.609,7.183,7.403,6.94,7.279,7.376,8.369,10.096,8.772,8.951
ÁÖ¼®,refined,ASIA,Thailand,ÃµÅæ,3.54,3.538,4.5,3.952,3.074,3.131,4.259,3,3,3,3,3
ÁÖ¼®,refined,ASIA,Turkey,ÃµÅæ,2.422,2.135,2.337,2.259,2.136,2.416,3.11,3.215,3.202,3.746,4.158,4.654
ÁÖ¼®,refined,ASIA,United Arab Emirates,ÃµÅæ,3,2.4,2.4,2.4,4.2,4.8,4.8,3.6,3.6,2.16,2.16,2.16
ÁÖ¼®,refined,ASIA,Vietnam,ÃµÅæ,2,2,3.6,5.457,6,6,6,4.2,3.6,4.639,4.622,4.56
ÁÖ¼®,refined,ASIA,Other Asia,ÃµÅæ,1.86,2.16,2.16,2.16,2.16,2.16,2.16,2.16,2.16,1.69,1.56,1.56
ÁÖ¼®,refined,AMERICA,Argentina,ÃµÅæ,0.778,0.752,0.882,0.564,0.833,0.878,0.596,0.674,0.42,1.108,0.799,0.397
ÁÖ¼®,refined,AMERICA,Bolivia,ÃµÅæ,0.48,0.48,0.48,0.48,0.48,0.48,0.48,0.48,0.48,0.48,0.48,0.48
ÁÖ¼®,refined,AMERICA,Brazil,ÃµÅæ,7.67,5.901,8.794,14.934,10.965,11.258,5.445,4.497,3.266,3.333,2.466,2.804
ÁÖ¼®,refined,AMERICA,Canada,ÃµÅæ,2.882,2.601,2.36,2.74,3.238,2.887,2.562,2.489,2.393,1.994,3.282,2.002
ÁÖ¼®,refined,AMERICA,Chile,ÃµÅæ,0.242,0.197,0.132,0.096,0.152,0.111,0.082,0.095,0.111,0.133,0.13,0.13
ÁÖ¼®,refined,AMERICA,Colombia,ÃµÅæ,0.383,0.32,0.307,0.286,0.243,0.3,0.243,0.271,0.248,0.237,0.183,0.162
ÁÖ¼®,refined,AMERICA,Mexico,ÃµÅæ,3.898,3.493,3.376,3.642,3.615,4.16,4.095,4.906,4.779,4.406,4.602,3.306
ÁÖ¼®,refined,AMERICA,Peru,ÃµÅæ,0.216,0.216,0.22,0.216,0.216,0.216,0.216,0.216,0.216,0.198,0.216,0.216
ÁÖ¼®,refined,AMERICA,U.S.A.,ÃµÅæ,31.935,30.691,29.193,28.8,31.354,29.455,31.476,34.664,31.297,29.191,34.539,31.415
ÁÖ¼®,refined,AMERICA,Venezuela,ÃµÅæ,0.335,0.205,0.164,0.173,0.09,0.059,0.04,0.016,0.012,0.01,0.012,0.012
ÁÖ¼®,refined,AMERICA,Other America,ÃµÅæ,0.6,0.42,0.42,0.42,0.42,0.42,0.42,0.42,0.42,0.275,0.24,0.24
ÁÖ¼®,refined,OCEANIA,Australia,ÃµÅæ,0.579,0.48,0.516,0.427,0.467,0.215,0.28,0.346,0.421,0.355,0.317,0.401
ÁÖ¼®,refined,OCEANIA,New Zealand,ÃµÅæ,0.066,0.073,0.019,0.018,0.019,0.007,0.049,0.046,0.041,0.03,0.065,0.055
¾Æ¿¬,slab,EUROPE,Austria,ÃµÅæ,38.567,45.728,61.544,59.22,57.647,59.202,62.181,62.161,62.161,60.444,52.48,50.966
¾Æ¿¬,slab,EUROPE,Belgium,ÃµÅæ,256.28,238.907,221.55,388.09,449.754,353.352,305.613,162.189,162.189,264.766,153.148,189.619
¾Æ¿¬,slab,EUROPE,Bosnia,ÃµÅæ,4.8,6,6,6,6,6,6,6,6,6,6,6
¾Æ¿¬,slab,EUROPE,Bulgaria,ÃµÅæ,10,16,23.754,23.696,16.964,5.117,9.127,11.694,11.694,11.877,10.945,11.108
¾Æ¿¬,slab,EUROPE,Croatia,ÃµÅæ,2.279,2.434,2.809,3.179,3.486,4.354,3.891,4.29,4.29,3.872,3.402,3.472
¾Æ¿¬,slab,EUROPE,Czech Republic,ÃµÅæ,12.366,17.389,8.712,4.433,16.061,18.592,22.528,17.833,17.833,21.146,20.087,22.91
¾Æ¿¬,slab,EUROPE,Denmark,ÃµÅæ,5.411,6.118,6.372,5.917,7.16,7.808,7.41,5.924,5.924,5.934,6.107,5.591
¾Æ¿¬,slab,EUROPE,Finland,ÃµÅæ,44.411,47.705,42.266,40.609,46.83,54.461,48.182,52.781,52.781,49.362,48.993,62.7
¾Æ¿¬,slab,EUROPE,France,ÃµÅæ,211.263,206.981,197.909,171.831,189.177,203.737,195.694,199.411,199.411,215.89,179.511,212.985
¾Æ¿¬,slab,EUROPE,Germany,ÃµÅæ,515.189,473.949,479.472,476.584,478.6,482.5,452.2,444,444,394.4,400.8,400.6
¾Æ¿¬,slab,EUROPE,Greece,ÃµÅæ,9.676,9.583,8.714,6.112,8.077,7.71,9.203,11.896,11.896,9.218,8.669,11.131
¾Æ¿¬,slab,EUROPE,Hungary,ÃµÅæ,9.037,9.695,8.66,9.272,9.171,9.594,12.454,11.874,11.874,11.174,11.308,12.794
¾Æ¿¬,slab,EUROPE,Ireland,ÃµÅæ,2.148,1.762,2.389,2.365,2.873,2.847,3.799,3.858,3.858,3.782,2.85,1.285
¾Æ¿¬,slab,EUROPE,Italy,ÃµÅæ,338.187,247.319,245.443,320.827,314.492,323.496,274.523,280.272,280.272,277.396,257.154,264.584
¾Æ¿¬,slab,EUROPE,Latvia,ÃµÅæ,0,0.524,0.391,1.043,0.125,0.932,1.637,1.909,1.909,1.74,2.239,2.59
¾Æ¿¬,slab,EUROPE,Macedonia,ÃµÅæ,4.918,4.602,4.071,4.637,5.558,5.739,5.832,5.188,5.188,4.224,3.8,2.629
¾Æ¿¬,slab,EUROPE,Netherlands,ÃµÅæ,94,88,86.4,86.4,86.4,86.4,86.4,86.4,86.4,86.4,86.4,86.4
¾Æ¿¬,slab,EUROPE,Norway,ÃµÅæ,34.196,39.168,32.292,40.712,36.117,42.759,54.036,58.11,58.11,51.251,23.666,25.287
¾Æ¿¬,slab,EUROPE,Poland,ÃµÅæ,88.118,79.685,66.515,80.795,51.624,105.975,127.386,136.986,136.986,133.137,127.596,128.073
¾Æ¿¬,slab,EUROPE,Portugal,ÃµÅæ,12.735,9.557,9.989,8.245,11.815,17.361,16.827,14.066,14.066,15.131,15.593,17.825
¾Æ¿¬,slab,EUROPE,Romania,ÃµÅæ,15.143,14.391,16.68,15.793,17.555,15.606,20.129,21.317,21.317,15.417,15.466,17.553
¾Æ¿¬,slab,EUROPE,Russia,ÃµÅæ,202.488,223.84,224.386,197,218.556,224.148,231.891,223.995,223.995,229.343,222.642,249.9
¾Æ¿¬,slab,EUROPE,Serbia,ÃµÅæ,5.626,5.379,6.047,5.51,6.8,6.028,7.271,7.506,7.506,6.921,7.075,7.827
¾Æ¿¬,slab,EUROPE,Slovakia,ÃµÅæ,28.945,22.435,31.197,36.255,35.134,31.155,45.244,48.491,48.491,45.386,45.078,55.577
¾Æ¿¬,slab,EUROPE,Slovenia,ÃµÅæ,13.639,12.838,12.579,13.065,15.005,12.495,4.416,4.641,4.641,4.379,2.404,3.714
¾Æ¿¬,slab,EUROPE,Spain,ÃµÅæ,176.577,182.8,182.075,219.203,208.153,276.414,214.033,288.06,288.06,135.447,244.376,295.624
¾Æ¿¬,slab,EUROPE,Sweden,ÃµÅæ,30.569,24.596,23.903,25.673,25.457,12.161,9.946,9.983,9.983,8.672,9.684,9.874
¾Æ¿¬,slab,EUROPE,Switzerland,ÃµÅæ,12.516,11.576,11.227,10.172,10.949,13.612,4.883,6.799,6.799,9.183,9.607,8.763
¾Æ¿¬,slab,EUROPE,Ukraine,ÃµÅæ,27.196,28.659,23.467,24.37,16,19.005,21.962,23.733,23.733,19.663,17.801,23.191
¾Æ¿¬,slab,EUROPE,United Kingdom,ÃµÅæ,86.892,80.031,100.314,114.479,107.732,97.133,101.19,104.759,104.759,91.394,77.204,80.854
¾Æ¿¬,slab,EUROPE,Other Europe,ÃµÅæ,6,6,6,6,6,6,6,6,6,6,6,6
¾Æ¿¬,slab,AFRICA,Algeria,ÃµÅæ,20.058,17.931,15.502,12.568,9.145,10.424,7.947,9.396,9.396,7.473,10,4.785
¾Æ¿¬,slab,AFRICA,Egypt,ÃµÅæ,11.358,11.34,12.468,14.636,16.328,14.513,19.479,20.71,20.71,23.095,20.62,8.699
¾Æ¿¬,slab,AFRICA,Ethiopia,ÃµÅæ,0,0.624,2.49,11.465,10.47,15.936,8.568,8.84,8.84,9.592,9.469,6.221
¾Æ¿¬,slab,AFRICA,Kenya,ÃµÅæ,13.324,10.438,16.023,15.074,12.919,10.109,12.137,13.369,13.369,7.925,10.86,13.077
¾Æ¿¬,slab,AFRICA,Morocco,ÃµÅæ,13.277,4.534,6.866,9.146,9.9,12.886,11.126,10.854,10.854,10.801,10.51,11.53
¾Æ¿¬,slab,AFRICA,Nigeria,ÃµÅæ,15.844,22.732,21.446,20.857,20.199,13.2,12.028,12.007,12.007,11.689,12.993,11.31
¾Æ¿¬,slab,AFRICA,South Africa,ÃµÅæ,82.767,66.615,37.038,44.983,82.245,61.407,61.057,44.151,44.151,48.493,46.256,50.76
¾Æ¿¬,slab,AFRICA,Tunisia,ÃµÅæ,3.58,3.253,3.552,2.38,1.357,2.746,6.359,7.659,7.659,4.451,4.01,5.464
¾Æ¿¬,slab,AFRICA,Other Africa,ÃµÅæ,24.5,12.5,18.63,9.138,14.646,7.2,4.415,8.229,8.229,7.196,3.459,5.06
¾Æ¿¬,slab,ASIA,Bangladesh,ÃµÅæ,48.306,43.865,48.186,52.657,64.519,67.178,57.049,55.667,55.667,54.068,51.2,35.984
¾Æ¿¬,slab,ASIA,China,ÃµÅæ,5460.175,5396.201,5962.391,6400.541,6448.265,6515.192,6889.629,6105.354,6105.354,6719.891,6757.901,6964.764
¾Æ¿¬,slab,ASIA,Hong Kong,ÃµÅæ,3.6,2.289,8.157,7.678,7.8,7.8,7.8,7.8,7.8,7.8,7.8,8.384
¾Æ¿¬,slab,ASIA,India,ÃµÅæ,556.321,560.952,640.041,638.248,615.557,676.443,652.789,713.834,713.834,639.574,552.041,636.947
¾Æ¿¬,slab,ASIA,Indonesia,ÃµÅæ,105.332,119.731,118.911,111.493,101.904,115.577,124.459,118.896,118.896,119.032,101.296,116.606
¾Æ¿¬,slab,ASIA,Iran,ÃµÅæ,32.996,35.722,38.9,38.9,38.9,38.9,38.9,38.9,38.9,38.904,38.9,38.88
¾Æ¿¬,slab,ASIA,Israel,ÃµÅæ,9.097,7.208,8.28,4.929,4.046,4.612,2.626,4.725,4.725,4.347,4.637,6.056
¾Æ¿¬,slab,ASIA,Japan,ÃµÅæ,500.567,479.086,497.673,503.48,479.063,470.241,482.181,481.678,481.678,516.545,360.042,549.014
¾Æ¿¬,slab,ASIA,Kazakhstan,ÃµÅæ,52.47,55,76.759,61.613,57.644,63.277,59.858,50.4,50.4,39.71,39.6,39.6
¾Æ¿¬,slab,ASIA,Malaysia,ÃµÅæ,125.732,73.122,49.434,114.597,97.384,73.743,28.244,32.234,32.234,43.579,116.153,37.535
¾Æ¿¬,slab,ASIA,North Korea,ÃµÅæ,17.2,10.287,4.483,9.347,11.973,11,14.9,10.582,10.582,11.772,14.879,11.932
¾Æ¿¬,slab,ASIA,Pakistan,ÃµÅæ,12.428,8.6,10.666,16.516,21.846,18.391,23.198,14.381,14.381,7.86,10.798,12.753
¾Æ¿¬,slab,ASIA,Philippines,ÃµÅæ,10.643,9.611,10.173,11.88,12.667,11.723,7.41,7.444,7.444,8.18,4.703,5.772
¾Æ¿¬,slab,ASIA,Saudi Arabia,ÃµÅæ,63.139,72.698,77.908,75.093,74.547,65.166,61.522,37.045,37.045,42.005,49.547,46.722
¾Æ¿¬,slab,ASIA,Singapore,ÃµÅæ,18.2,9,12,13.489,5.518,13.473,7.663,3.786,3.786,6,6,6
¾Æ¿¬,slab,ASIA,South Korea,ÃµÅæ,544.412,552.512,578.173,643.547,584.64,617.117,627.872,605.927,605.927,566.353,520.538,598.126
¾Æ¿¬,slab,ASIA,Taiwan,ÃµÅæ,220.507,192.495,201.144,220.387,229.108,188.17,224.862,188.854,188.854,203.923,185.852,209.031
¾Æ¿¬,slab,ASIA,Thailand,ÃµÅæ,127.051,126.611,132.298,120.99,139.714,135.137,125.603,121.575,121.575,120.257,99.308,135.938
¾Æ¿¬,slab,ASIA,Turkey,ÃµÅæ,200.155,223.436,234.119,237.228,229.935,234.286,267.499,247.63,247.63,252.131,267.042,314.334
¾Æ¿¬,slab,ASIA,United Arab Emirates,ÃµÅæ,25.869,30.585,34.538,38.683,29.879,16.36,26.018,21.051,21.051,38.414,18.95,22.018
¾Æ¿¬,slab,ASIA,Uzbekistan,ÃµÅæ,7.38,4.406,5.023,15.64,20.575,20.602,10.607,24.252,24.252,24.3,44.741,42.567
¾Æ¿¬,slab,ASIA,Vietnam,ÃµÅæ,62.849,59.907,75.945,95.44,99.683,148.056,187.737,139.053,139.053,144.707,160.013,169.631
¾Æ¿¬,slab,ASIA,Other Asia,ÃµÅæ,11.424,8.792,12.212,8.138,7.2,11.035,6.938,11.856,11.856,7.636,13.241,8.913
¾Æ¿¬,slab,AMERICA,Argentina,ÃµÅæ,41.711,37.362,36.528,31.307,33.504,34.676,27.87,18.051,18.051,25.589,25.295,33.294
¾Æ¿¬,slab,AMERICA,Brazil,ÃµÅæ,236.212,238.972,249.414,241.435,201.212,237.52,197.572,208.577,208.577,151.823,203.925,239.8
¾Æ¿¬,slab,AMERICA,Canada,ÃµÅæ,144.612,138.039,145.796,154.461,148.061,153.607,151.371,64.778,64.778,108.006,160.826,115.643
¾Æ¿¬,slab,AMERICA,Chile,ÃµÅæ,10.91,9.605,8.185,7.516,8.634,9.02,8.46,8.872,8.872,8.398,8.029,8.697
¾Æ¿¬,slab,AMERICA,Colombia,ÃµÅæ,23.848,23.598,19.828,21.917,21.108,20.84,20.67,19.414,19.414,15.066,14.488,17.183
¾Æ¿¬,slab,AMERICA,Costa Rica,ÃµÅæ,5.842,6.422,5.471,6.255,5.256,6.051,5.232,5.437,5.437,4.565,4.447,5.268
¾Æ¿¬,slab,AMERICA,Cuba,ÃµÅæ,1.2,1,0.284,0.785,0.222,0.595,0.263,0.395,0.395,0.312,0.312,0.32
¾Æ¿¬,slab,AMERICA,Ecuador,ÃµÅæ,,5.918,6.275,6.09,6.222,4.871,6.427,5.235,5.235,4.979,3.653,4.821
¾Æ¿¬,slab,AMERICA,Guatemala,ÃµÅæ,11.16,7.627,6.956,6.839,6.627,7.256,7.068,7,7,5.667,4.611,7.725
¾Æ¿¬,slab,AMERICA,Mexico,ÃµÅæ,137.323,147.342,148.293,146.308,161.184,181.128,146.799,171.915,171.915,184.487,147.021,199.053
¾Æ¿¬,slab,AMERICA,Peru,ÃµÅæ,72,45.98,37.575,60.204,78.571,70.529,68.055,78.844,78.844,72.163,65.587,55.702
¾Æ¿¬,slab,AMERICA,U.S.A.,ÃµÅæ,939,892,935,962,931,788.98,829,1800,1800,950,878,904
¾Æ¿¬,slab,AMERICA,Uruguay,ÃµÅæ,0,0.52,0.514,0.304,0.449,0.316,0.312,0.235,0.235,0.299,0.35,0.478
¾Æ¿¬,slab,AMERICA,Venezuela,ÃµÅæ,10.43,6.656,9.014,4.872,2.246,1.994,0.685,0.596,0.596,0.442,0.36,0.36
¾Æ¿¬,slab,AMERICA,Other America,ÃµÅæ,15.516,4.124,4.262,6.139,6.205,3.891,7.456,4.995,4.995,5.171,2.899,3.29
¾Æ¿¬,slab,OCEANIA,Australia,ÃµÅæ,207.319,116.293,180,174.4,176,178,145,146.7,146.7,135,122,135
¾Æ¿¬,slab,OCEANIA,New Zealand,ÃµÅæ,11.023,9.275,8.844,7.238,6.876,8.684,10.631,11.55,11.55,10.653,10.332,12.745
